new_path,old_path
/Users/reimurase/Google Drive/マイドライブ/練習動画/2025練習/10 25(土)/20251025_1039-北-4.7.MOV,/Users/reimurase/Google Drive/マイドライブ/練習動画/2025練習/10 25(土)/IMG_1723.MOV
/Users/reimurase/Google Drive/マイドライブ/練習動画/2025練習/10 25(土)/20251025_1031-北-4.7.MOV,/Users/reimurase/Google Drive/マイドライブ/練習動画/2025練習/10 25(土)/IMG_1724.MOV
/Users/reimurase/Google Drive/マイドライブ/練習動画/2025練習/10 25(土)/20251025_1029-北-4.5.MOV,/Users/reimurase/Google Drive/マイドライブ/練習動画/2025練習/10 25(土)/IMG_1725.MOV
/Users/reimurase/Google Drive/マイドライブ/練習動画/2025練習/10 25(土)/20251025_1040-北-4.7.MOV,/Users/reimurase/Google Drive/マイドライブ/練習動画/2025練習/10 25(土)/IMG_1726.MOV
/Users/reimurase/Google Drive/マイドライブ/練習動画/2025練習/10 25(土)/20251025_1049-北-4.7.MOV,/Users/reimurase/Google Drive/マイドライブ/練習動画/2025練習/10 25(土)/IMG_1727.MOV
/Users/reimurase/Google Drive/マイドライブ/練習動画/2025練習/10 25(土)/20251025_1022-北-4.5.MOV,/Users/reimurase/Google Drive/マイドライブ/練習動画/2025練習/10 25(土)/IMG_1728.MOV
/Users/reimurase/Google Drive/マイドライブ/練習動画/2025練習/10 25(土)/20251025_1025-北-4.5.MOV,/Users/reimurase/Google Drive/マイドライブ/練習動画/2025練習/10 25(土)/IMG_1729.MOV
/Users/reimurase/Google Drive/マイドライブ/練習動画/2025練習/10 25(土)/20251025_1020-北-4.5.MOV,/Users/reimurase/Google Drive/マイドライブ/練習動画/2025練習/10 25(土)/IMG_1730.MOV
/Users/reimurase/Google Drive/マイドライブ/練習動画/2025練習/10 25(土)/20251025_1036-北-4.7.MOV,/Users/reimurase/Google Drive/マイドライブ/練習動画/2025練習/10 25(土)/IMG_1731.MOV
/Users/reimurase/Google Drive/マイドライブ/練習動画/2025練習/10 25(土)/20251025_1024-北-4.5.MOV,/Users/reimurase/Google Drive/マイドライブ/練習動画/2025練習/10 25(土)/IMG_1732.MOV
/Users/reimurase/Google Drive/マイドライブ/練習動画/2025練習/10 25(土)/20251025_1032-北-4.7.MOV,/Users/reimurase/Google Drive/マイドライブ/練習動画/2025練習/10 25(土)/IMG_1733.MOV
/Users/reimurase/Google Drive/マイドライブ/練習動画/2025練習/10 25(土)/20251025_1042-北-4.7.MOV,/Users/reimurase/Google Drive/マイドライブ/練習動画/2025練習/10 25(土)/IMG_1734.MOV
/Users/reimurase/Google Drive/マイドライブ/練習動画/2025練習/10 25(土)/20251025_1021-北-4.5.MOV,/Users/reimurase/Google Drive/マイドライブ/練習動画/2025練習/10 25(土)/IMG_1735.MOV
/Users/reimurase/Google Drive/マイドライブ/練習動画/2025練習/10 25(土)/20260601_0925-南-2.5.MOV,/Users/reimurase/Google Drive/マイドライブ/練習動画/2025練習/10 25(土)/IMG_5332.MOV
/Users/reimurase/Google Drive/マイドライブ/練習動画/2025練習/10 26(日)/20251026_1100-北-3.3.MOV,/Users/reimurase/Google Drive/マイドライブ/練習動画/2025練習/10 26(日)/IMG_1741.MOV
/Users/reimurase/Google Drive/マイドライブ/練習動画/2025練習/10 26(日)/20251026_1057-北-3.3.MOV,/Users/reimurase/Google Drive/マイドライブ/練習動画/2025練習/10 26(日)/IMG_1743.MOV
/Users/reimurase/Google Drive/マイドライブ/練習動画/2025練習/10 26(日)/20251026_1106-北-3.3.MOV,/Users/reimurase/Google Drive/マイドライブ/練習動画/2025練習/10 26(日)/IMG_1744.MOV
/Users/reimurase/Google Drive/マイドライブ/練習動画/2025練習/10 26(日)/20251026_1103-北-3.3.MOV,/Users/reimurase/Google Drive/マイドライブ/練習動画/2025練習/10 26(日)/IMG_1745.MOV
/Users/reimurase/Google Drive/マイドライブ/練習動画/2025練習/10 26(日)/20251026_1054-北-3.3.MOV,/Users/reimurase/Google Drive/マイドライブ/練習動画/2025練習/10 26(日)/IMG_1746.MOV
/Users/reimurase/Google Drive/マイドライブ/練習動画/2025練習/10 26(日)/20251026_1113-北-3.3.MOV,/Users/reimurase/Google Drive/マイドライブ/練習動画/2025練習/10 26(日)/IMG_1747.MOV
/Users/reimurase/Google Drive/マイドライブ/練習動画/2025練習/10 26(日)/20251026_1054-北-3.3.MOV,/Users/reimurase/Google Drive/マイドライブ/練習動画/2025練習/10 26(日)/IMG_1748.MOV
/Users/reimurase/Google Drive/マイドライブ/練習動画/2025練習/10 26(日)/20251026_1058-北-3.3.MOV,/Users/reimurase/Google Drive/マイドライブ/練習動画/2025練習/10 26(日)/IMG_1749.MOV
/Users/reimurase/Google Drive/マイドライブ/練習動画/2025練習/10 26(日)/20251026_1057-北-3.3.MOV,/Users/reimurase/Google Drive/マイドライブ/練習動画/2025練習/10 26(日)/IMG_1750.MOV
/Users/reimurase/Google Drive/マイドライブ/練習動画/2025練習/10 26(日)/20251026_1115-北-3.3.MOV,/Users/reimurase/Google Drive/マイドライブ/練習動画/2025練習/10 26(日)/IMG_1751.MOV
/Users/reimurase/Google Drive/マイドライブ/練習動画/2025練習/10 26(日)/20251026_1059-北-3.3.MOV,/Users/reimurase/Google Drive/マイドライブ/練習動画/2025練習/10 26(日)/IMG_1752.MOV
/Users/reimurase/Google Drive/マイドライブ/練習動画/2025練習/10 26(日)/20251026_1056-北-3.3.MOV,/Users/reimurase/Google Drive/マイドライブ/練習動画/2025練習/10 26(日)/IMG_1753.MOV
/Users/reimurase/Google Drive/マイドライブ/練習動画/2025練習/10 26(日)/20251026_1108-北-3.3.MOV,/Users/reimurase/Google Drive/マイドライブ/練習動画/2025練習/10 26(日)/IMG_1754.MOV
/Users/reimurase/Google Drive/マイドライブ/練習動画/2025練習/10 26(日)/20251026_1104-北-3.3.MOV,/Users/reimurase/Google Drive/マイドライブ/練習動画/2025練習/10 26(日)/IMG_1756.MOV
/Users/reimurase/Google Drive/マイドライブ/練習動画/2025練習/10 26(日)/20251026_1054-北-3.3.MOV,/Users/reimurase/Google Drive/マイドライブ/練習動画/2025練習/10 26(日)/IMG_1757.MOV
/Users/reimurase/Google Drive/マイドライブ/練習動画/2025練習/10 26(日)/20251026_1112-北-3.3.MOV,/Users/reimurase/Google Drive/マイドライブ/練習動画/2025練習/10 26(日)/IMG_1758.MOV
/Users/reimurase/Google Drive/マイドライブ/練習動画/2025練習/10 26(日)/20251026_1110-北-3.3.MOV,/Users/reimurase/Google Drive/マイドライブ/練習動画/2025練習/10 26(日)/IMG_1759.MOV
/Users/reimurase/Google Drive/マイドライブ/練習動画/2025練習/10 26(日)/20251026_1109-北-3.3.MOV,/Users/reimurase/Google Drive/マイドライブ/練習動画/2025練習/10 26(日)/IMG_1760.MOV
/Users/reimurase/Google Drive/マイドライブ/練習動画/2025練習/10 26(日)/20251026_1116-北-3.3.MOV,/Users/reimurase/Google Drive/マイドライブ/練習動画/2025練習/10 26(日)/IMG_1761.MOV
/Users/reimurase/Google Drive/マイドライブ/練習動画/2025練習/10 26(日)/20251026_1100-北-3.3.MOV,/Users/reimurase/Google Drive/マイドライブ/練習動画/2025練習/10 26(日)/IMG_1762.MOV
/Users/reimurase/Google Drive/マイドライブ/練習動画/2025練習/10 26(日)/20251026_1101-北-3.3.MOV,/Users/reimurase/Google Drive/マイドライブ/練習動画/2025練習/10 26(日)/IMG_1763.MOV
/Users/reimurase/Google Drive/マイドライブ/練習動画/2025練習/10 26(日)/20251026_1055-北-3.3.MOV,/Users/reimurase/Google Drive/マイドライブ/練習動画/2025練習/10 26(日)/IMG_1764.MOV
/Users/reimurase/Google Drive/マイドライブ/練習動画/2025練習/10 26(日)/20251026_1107-北-3.3.MOV,/Users/reimurase/Google Drive/マイドライブ/練習動画/2025練習/10 26(日)/IMG_1767.MOV
/Users/reimurase/Google Drive/マイドライブ/練習動画/2025練習/10 26(日)/20251026_1111-北-3.3.MOV,/Users/reimurase/Google Drive/マイドライブ/練習動画/2025練習/10 26(日)/IMG_1768.MOV
/Users/reimurase/Google Drive/マイドライブ/練習動画/2025練習/10 26(日)/20251026_1117-北-3.3.MOV,/Users/reimurase/Google Drive/マイドライブ/練習動画/2025練習/10 26(日)/IMG_1769.MOV
/Users/reimurase/Google Drive/マイドライブ/練習動画/2025練習/10 26(日)/20251026_1055-北-3.3.MOV,/Users/reimurase/Google Drive/マイドライブ/練習動画/2025練習/10 26(日)/IMG_1770.MOV
/Users/reimurase/Google Drive/マイドライブ/練習動画/2025練習/11 16(日)/20251122_1149-北北東-2.2.MOV,/Users/reimurase/Google Drive/マイドライブ/練習動画/2025練習/11 16(日)/IMG_1909.MOV
/Users/reimurase/Google Drive/マイドライブ/練習動画/2025練習/11 16(日)/20251122_1212-北北東-2.2.MOV,/Users/reimurase/Google Drive/マイドライブ/練習動画/2025練習/11 16(日)/IMG_1910.MOV
/Users/reimurase/Google Drive/マイドライブ/練習動画/2025練習/11 16(日)/20251122_1221-北北東-2.2.MOV,/Users/reimurase/Google Drive/マイドライブ/練習動画/2025練習/11 16(日)/IMG_1911.MOV
/Users/reimurase/Google Drive/マイドライブ/練習動画/2025練習/11 16(日)/20251122_1210-北北東-2.2.MOV,/Users/reimurase/Google Drive/マイドライブ/練習動画/2025練習/11 16(日)/IMG_1912.MOV
/Users/reimurase/Google Drive/マイドライブ/練習動画/2025練習/11 16(日)/20251122_1214-北北東-2.2.MOV,/Users/reimurase/Google Drive/マイドライブ/練習動画/2025練習/11 16(日)/IMG_1913.MOV
/Users/reimurase/Google Drive/マイドライブ/練習動画/2025練習/11 16(日)/20251122_1216-北北東-2.2.MOV,/Users/reimurase/Google Drive/マイドライブ/練習動画/2025練習/11 16(日)/IMG_1914.MOV
/Users/reimurase/Google Drive/マイドライブ/練習動画/2025練習/11 16(日)/20251122_1225-北北東-2.2.MOV,/Users/reimurase/Google Drive/マイドライブ/練習動画/2025練習/11 16(日)/IMG_1915.MOV
/Users/reimurase/Google Drive/マイドライブ/練習動画/2025練習/11 16(日)/20251122_1219-北北東-2.2.MOV,/Users/reimurase/Google Drive/マイドライブ/練習動画/2025練習/11 16(日)/IMG_1916.MOV
/Users/reimurase/Google Drive/マイドライブ/練習動画/2025練習/11 16(日)/20251122_1217-北北東-2.2.MOV,/Users/reimurase/Google Drive/マイドライブ/練習動画/2025練習/11 16(日)/IMG_1917.MOV
/Users/reimurase/Google Drive/マイドライブ/練習動画/2025練習/11 16(日)/20251122_1227-北北東-2.2.MOV,/Users/reimurase/Google Drive/マイドライブ/練習動画/2025練習/11 16(日)/IMG_1918.MOV
/Users/reimurase/Google Drive/マイドライブ/練習動画/2025練習/11 16(日)/20251122_1223-北北東-2.2.MOV,/Users/reimurase/Google Drive/マイドライブ/練習動画/2025練習/11 16(日)/IMG_1919.MOV
/Users/reimurase/Google Drive/マイドライブ/練習動画/2025練習/11 16(日)/20251122_1148-北北東-2.2.MOV,/Users/reimurase/Google Drive/マイドライブ/練習動画/2025練習/11 16(日)/IMG_1920.MOV
/Users/reimurase/Google Drive/マイドライブ/練習動画/2025練習/11 16(日)/20251122_1209-北北東-2.2.MOV,/Users/reimurase/Google Drive/マイドライブ/練習動画/2025練習/11 16(日)/IMG_1921.MOV
/Users/reimurase/Google Drive/マイドライブ/練習動画/2025練習/11 16(日)/20251122_1210-北北東-2.2.MOV,/Users/reimurase/Google Drive/マイドライブ/練習動画/2025練習/11 16(日)/IMG_1922.MOV
/Users/reimurase/Google Drive/マイドライブ/練習動画/2025練習/11 30(日)/20251130_1323-南-1.6.MOV,/Users/reimurase/Google Drive/マイドライブ/練習動画/2025練習/11 30(日)/IMG_5546.MOV
/Users/reimurase/Google Drive/マイドライブ/練習動画/2025練習/11 30(日)/20251130_1320-南-1.6.MOV,/Users/reimurase/Google Drive/マイドライブ/練習動画/2025練習/11 30(日)/IMG_5550.MOV
/Users/reimurase/Google Drive/マイドライブ/練習動画/2025練習/11 30(日)/20251130_1317-南-1.6.MOV,/Users/reimurase/Google Drive/マイドライブ/練習動画/2025練習/11 30(日)/IMG_5552.MOV
/Users/reimurase/Google Drive/マイドライブ/練習動画/2025練習/11 30(日)/20251130_1317-南-1.6.MOV,/Users/reimurase/Google Drive/マイドライブ/練習動画/2025練習/11 30(日)/IMG_5553.MOV
/Users/reimurase/Google Drive/マイドライブ/練習動画/2025練習/11 30(日)/20251130_1318-南-1.6.MOV,/Users/reimurase/Google Drive/マイドライブ/練習動画/2025練習/11 30(日)/IMG_5561.MOV
/Users/reimurase/Google Drive/マイドライブ/練習動画/2025練習/11 30(日)/20251130_1327-南-1.6.MOV,/Users/reimurase/Google Drive/マイドライブ/練習動画/2025練習/11 30(日)/IMG_5563.MOV
/Users/reimurase/Google Drive/マイドライブ/練習動画/2025練習/11 4(火)/20251105_0222-北-3.4.MOV,/Users/reimurase/Google Drive/マイドライブ/練習動画/2025練習/11 4(火)/IMG_1805.MOV
/Users/reimurase/Google Drive/マイドライブ/練習動画/2025練習/11 4(火)/20251109_1212-北-1.7.MOV,/Users/reimurase/Google Drive/マイドライブ/練習動画/2025練習/11 4(火)/IMG_1806 (1).MOV
/Users/reimurase/Google Drive/マイドライブ/練習動画/2025練習/11 4(火)/20251105_0221-北-3.4.MOV,/Users/reimurase/Google Drive/マイドライブ/練習動画/2025練習/11 4(火)/IMG_1806 (2).MOV
/Users/reimurase/Google Drive/マイドライブ/練習動画/2025練習/11 4(火)/20251109_1212-北-1.7.MOV,/Users/reimurase/Google Drive/マイドライブ/練習動画/2025練習/11 4(火)/IMG_1806.MOV
/Users/reimurase/Google Drive/マイドライブ/練習動画/2025練習/11 4(火)/20251105_0223-北-3.4.MOV,/Users/reimurase/Google Drive/マイドライブ/練習動画/2025練習/11 4(火)/IMG_1807.MOV
/Users/reimurase/Google Drive/マイドライブ/練習動画/2025練習/11 4(火)/20251109_1212-北-1.7.MOV,/Users/reimurase/Google Drive/マイドライブ/練習動画/2025練習/11 4(火)/IMG_1808 (1).MOV
/Users/reimurase/Google Drive/マイドライブ/練習動画/2025練習/11 4(火)/20251105_0222-北-3.4.MOV,/Users/reimurase/Google Drive/マイドライブ/練習動画/2025練習/11 4(火)/IMG_1808 (2).MOV
/Users/reimurase/Google Drive/マイドライブ/練習動画/2025練習/11 4(火)/20251109_1212-北-1.7.MOV,/Users/reimurase/Google Drive/マイドライブ/練習動画/2025練習/11 4(火)/IMG_1808.MOV
/Users/reimurase/Google Drive/マイドライブ/練習動画/2025練習/11 4(火)/20251105_0220-北-3.4.MOV,/Users/reimurase/Google Drive/マイドライブ/練習動画/2025練習/11 4(火)/IMG_1810.MOV
/Users/reimurase/Google Drive/マイドライブ/練習動画/2025練習/11 4(火)/20251105_0221-北-3.4.MOV,/Users/reimurase/Google Drive/マイドライブ/練習動画/2025練習/11 4(火)/IMG_1811.MOV
/Users/reimurase/Google Drive/マイドライブ/練習動画/2025練習/11 4(火)/20251109_1211-北-1.7.MOV,/Users/reimurase/Google Drive/マイドライブ/練習動画/2025練習/11 4(火)/IMG_1812 (1).MOV
/Users/reimurase/Google Drive/マイドライブ/練習動画/2025練習/11 4(火)/20251105_0221-北-3.4.MOV,/Users/reimurase/Google Drive/マイドライブ/練習動画/2025練習/11 4(火)/IMG_1812 (2).MOV
/Users/reimurase/Google Drive/マイドライブ/練習動画/2025練習/11 4(火)/20251109_1211-北-1.7.MOV,/Users/reimurase/Google Drive/マイドライブ/練習動画/2025練習/11 4(火)/IMG_1812.MOV
/Users/reimurase/Google Drive/マイドライブ/練習動画/2025練習/11 4(火)/20251105_0223-北-3.4.MOV,/Users/reimurase/Google Drive/マイドライブ/練習動画/2025練習/11 4(火)/IMG_1813.MOV
/Users/reimurase/Google Drive/マイドライブ/練習動画/2025練習/11 4(火)/20251105_0223-北-3.4.MOV,/Users/reimurase/Google Drive/マイドライブ/練習動画/2025練習/11 4(火)/IMG_1814.MOV
/Users/reimurase/Google Drive/マイドライブ/練習動画/2025練習/11 4(火)/20251105_0221-北-3.4.MOV,/Users/reimurase/Google Drive/マイドライブ/練習動画/2025練習/11 4(火)/IMG_1815.MOV
/Users/reimurase/Google Drive/マイドライブ/練習動画/2025練習/11 4(火)/20251105_0222-北-3.4.MOV,/Users/reimurase/Google Drive/マイドライブ/練習動画/2025練習/11 4(火)/IMG_1816.MOV
/Users/reimurase/Google Drive/マイドライブ/練習動画/2025練習/11 4(火)/20251105_0222-北-3.4.MOV,/Users/reimurase/Google Drive/マイドライブ/練習動画/2025練習/11 4(火)/IMG_1817.MOV
/Users/reimurase/Google Drive/マイドライブ/練習動画/2025練習/11 4(火)/20251109_1211-北-1.7.MOV,/Users/reimurase/Google Drive/マイドライブ/練習動画/2025練習/11 4(火)/IMG_5864 (1).MOV
/Users/reimurase/Google Drive/マイドライブ/練習動画/2025練習/11 4(火)/20251109_1212-北-1.7.MOV,/Users/reimurase/Google Drive/マイドライブ/練習動画/2025練習/11 4(火)/IMG_5864.MOV
/Users/reimurase/Google Drive/マイドライブ/練習動画/2025練習/11 4(火)/20251109_1210-北-1.7.MOV,/Users/reimurase/Google Drive/マイドライブ/練習動画/2025練習/11 4(火)/IMG_5866 (1).MOV
/Users/reimurase/Google Drive/マイドライブ/練習動画/2025練習/11 4(火)/20251109_1210-北-1.7.MOV,/Users/reimurase/Google Drive/マイドライブ/練習動画/2025練習/11 4(火)/IMG_5866.MOV
/Users/reimurase/Google Drive/マイドライブ/練習動画/2025練習/11 4(火)/20251109_1211-北-1.7.MOV,/Users/reimurase/Google Drive/マイドライブ/練習動画/2025練習/11 4(火)/IMG_5867 (1).MOV
/Users/reimurase/Google Drive/マイドライブ/練習動画/2025練習/11 4(火)/20251109_1211-北-1.7.MOV,/Users/reimurase/Google Drive/マイドライブ/練習動画/2025練習/11 4(火)/IMG_5867.MOV
/Users/reimurase/Google Drive/マイドライブ/練習動画/2025練習/11 4(火)/20251109_1211-北-1.7.MOV,/Users/reimurase/Google Drive/マイドライブ/練習動画/2025練習/11 4(火)/IMG_5868 (1).MOV
/Users/reimurase/Google Drive/マイドライブ/練習動画/2025練習/11 4(火)/20251109_1211-北-1.7.MOV,/Users/reimurase/Google Drive/マイドライブ/練習動画/2025練習/11 4(火)/IMG_5868.MOV
/Users/reimurase/Google Drive/マイドライブ/練習動画/2025練習/11 4(火)/20251109_1210-北-1.7.MOV,/Users/reimurase/Google Drive/マイドライブ/練習動画/2025練習/11 4(火)/IMG_5869 (1).MOV
/Users/reimurase/Google Drive/マイドライブ/練習動画/2025練習/11 4(火)/20251109_1210-北-1.7.MOV,/Users/reimurase/Google Drive/マイドライブ/練習動画/2025練習/11 4(火)/IMG_5869.MOV
/Users/reimurase/Google Drive/マイドライブ/練習動画/2025練習/11 4(火)/20251109_1210-北-1.7.MOV,/Users/reimurase/Google Drive/マイドライブ/練習動画/2025練習/11 4(火)/IMG_5870.MOV
/Users/reimurase/Google Drive/マイドライブ/練習動画/2025練習/11 4(火)/20251109_1210-北-1.7.MOV,/Users/reimurase/Google Drive/マイドライブ/練習動画/2025練習/11 4(火)/IMG_5872 (1).MOV
/Users/reimurase/Google Drive/マイドライブ/練習動画/2025練習/11 4(火)/20251109_1210-北-1.7.MOV,/Users/reimurase/Google Drive/マイドライブ/練習動画/2025練習/11 4(火)/IMG_5872.MOV
/Users/reimurase/Google Drive/マイドライブ/練習動画/2025練習/11 4(火)/20251109_1210-北-1.7.MOV,/Users/reimurase/Google Drive/マイドライブ/練習動画/2025練習/11 4(火)/IMG_5873 (1).MOV
/Users/reimurase/Google Drive/マイドライブ/練習動画/2025練習/11 4(火)/20251109_1210-北-1.7.MOV,/Users/reimurase/Google Drive/マイドライブ/練習動画/2025練習/11 4(火)/IMG_5873.MOV
/Users/reimurase/Google Drive/マイドライブ/練習動画/2025練習/11 4(火)/20251109_1208-北-1.7.MOV,/Users/reimurase/Google Drive/マイドライブ/練習動画/2025練習/11 4(火)/IMG_5874 (1).MOV
/Users/reimurase/Google Drive/マイドライブ/練習動画/2025練習/11 4(火)/20251109_1209-北-1.7.MOV,/Users/reimurase/Google Drive/マイドライブ/練習動画/2025練習/11 4(火)/IMG_5874.MOV
/Users/reimurase/Google Drive/マイドライブ/練習動画/2025練習/11 4(火)/20251109_1209-北-1.7.MOV,/Users/reimurase/Google Drive/マイドライブ/練習動画/2025練習/11 4(火)/IMG_5875 (1).MOV
/Users/reimurase/Google Drive/マイドライブ/練習動画/2025練習/11 4(火)/20251105_0220-北-3.4.MOV,/Users/reimurase/Google Drive/マイドライブ/練習動画/2025練習/11 4(火)/IMG_5875 (2).MOV
/Users/reimurase/Google Drive/マイドライブ/練習動画/2025練習/11 4(火)/20251109_1209-北-1.7.MOV,/Users/reimurase/Google Drive/マイドライブ/練習動画/2025練習/11 4(火)/IMG_5875.MOV
/Users/reimurase/Google Drive/マイドライブ/練習動画/2025練習/11 4(火)/20251109_1209-北-1.7.MOV,/Users/reimurase/Google Drive/マイドライブ/練習動画/2025練習/11 4(火)/IMG_5876 (1).MOV
/Users/reimurase/Google Drive/マイドライブ/練習動画/2025練習/11 4(火)/20251105_0219-北-3.4.MOV,/Users/reimurase/Google Drive/マイドライブ/練習動画/2025練習/11 4(火)/IMG_5876 (2).MOV
/Users/reimurase/Google Drive/マイドライブ/練習動画/2025練習/11 4(火)/20251109_1209-北-1.7.MOV,/Users/reimurase/Google Drive/マイドライブ/練習動画/2025練習/11 4(火)/IMG_5876.MOV
/Users/reimurase/Google Drive/マイドライブ/練習動画/2025練習/11 4(火)/20251109_1209-北-1.7.MOV,/Users/reimurase/Google Drive/マイドライブ/練習動画/2025練習/11 4(火)/IMG_5877 (1).MOV
/Users/reimurase/Google Drive/マイドライブ/練習動画/2025練習/11 4(火)/20251105_0220-北-3.4.MOV,/Users/reimurase/Google Drive/マイドライブ/練習動画/2025練習/11 4(火)/IMG_5877 (2).MOV
/Users/reimurase/Google Drive/マイドライブ/練習動画/2025練習/11 4(火)/20251109_1209-北-1.7.MOV,/Users/reimurase/Google Drive/マイドライブ/練習動画/2025練習/11 4(火)/IMG_5877.MOV
/Users/reimurase/Google Drive/マイドライブ/練習動画/2025練習/11 4(火)/20251109_1209-北-1.7.MOV,/Users/reimurase/Google Drive/マイドライブ/練習動画/2025練習/11 4(火)/IMG_5878 (1).MOV
/Users/reimurase/Google Drive/マイドライブ/練習動画/2025練習/11 4(火)/20251105_0220-北-3.4.MOV,/Users/reimurase/Google Drive/マイドライブ/練習動画/2025練習/11 4(火)/IMG_5878 (2).MOV
/Users/reimurase/Google Drive/マイドライブ/練習動画/2025練習/11 4(火)/20251109_1209-北-1.7.MOV,/Users/reimurase/Google Drive/マイドライブ/練習動画/2025練習/11 4(火)/IMG_5878.MOV
/Users/reimurase/Google Drive/マイドライブ/練習動画/2025練習/11 4(火)/20251109_1209-北-1.7.MOV,/Users/reimurase/Google Drive/マイドライブ/練習動画/2025練習/11 4(火)/IMG_5879 (1).MOV
/Users/reimurase/Google Drive/マイドライブ/練習動画/2025練習/11 4(火)/20251105_0219-北-3.4.MOV,/Users/reimurase/Google Drive/マイドライブ/練習動画/2025練習/11 4(火)/IMG_5879 (2).MOV
/Users/reimurase/Google Drive/マイドライブ/練習動画/2025練習/11 4(火)/20251109_1209-北-1.7.MOV,/Users/reimurase/Google Drive/マイドライブ/練習動画/2025練習/11 4(火)/IMG_5879.MOV
/Users/reimurase/Google Drive/マイドライブ/練習動画/2025練習/11 4(火)/20251109_1210-北-1.7.MOV,/Users/reimurase/Google Drive/マイドライブ/練習動画/2025練習/11 4(火)/IMG_5881 (1).MOV
/Users/reimurase/Google Drive/マイドライブ/練習動画/2025練習/11 4(火)/20251105_0220-北-3.4.MOV,/Users/reimurase/Google Drive/マイドライブ/練習動画/2025練習/11 4(火)/IMG_5881 (2).MOV
/Users/reimurase/Google Drive/マイドライブ/練習動画/2025練習/11 4(火)/20251109_1210-北-1.7.MOV,/Users/reimurase/Google Drive/マイドライブ/練習動画/2025練習/11 4(火)/IMG_5881.MOV
/Users/reimurase/Google Drive/マイドライブ/練習動画/2025練習/11 4(火)/20251109_1211-北-1.7.MOV,/Users/reimurase/Google Drive/マイドライブ/練習動画/2025練習/11 4(火)/IMG_5882 (1).MOV
/Users/reimurase/Google Drive/マイドライブ/練習動画/2025練習/11 4(火)/20251105_0221-北-3.4.MOV,/Users/reimurase/Google Drive/マイドライブ/練習動画/2025練習/11 4(火)/IMG_5882 (2).MOV
/Users/reimurase/Google Drive/マイドライブ/練習動画/2025練習/11 4(火)/20251109_1211-北-1.7.MOV,/Users/reimurase/Google Drive/マイドライブ/練習動画/2025練習/11 4(火)/IMG_5882.MOV
/Users/reimurase/Google Drive/マイドライブ/練習動画/2025練習/11 4(火)/20251109_1209-北-1.7.MOV,/Users/reimurase/Google Drive/マイドライブ/練習動画/2025練習/11 4(火)/IMG_5883 (1).MOV
/Users/reimurase/Google Drive/マイドライブ/練習動画/2025練習/11 4(火)/20251105_0220-北-3.4.MOV,/Users/reimurase/Google Drive/マイドライブ/練習動画/2025練習/11 4(火)/IMG_5883 (2).MOV
/Users/reimurase/Google Drive/マイドライブ/練習動画/2025練習/11 4(火)/20251109_1209-北-1.7.MOV,/Users/reimurase/Google Drive/マイドライブ/練習動画/2025練習/11 4(火)/IMG_5883.MOV
/Users/reimurase/Google Drive/マイドライブ/練習動画/2025練習/11 4(火)/20251109_1209-北-1.7.MOV,/Users/reimurase/Google Drive/マイドライブ/練習動画/2025練習/11 4(火)/IMG_5884 (1).MOV
/Users/reimurase/Google Drive/マイドライブ/練習動画/2025練習/11 4(火)/20251105_0220-北-3.4.MOV,/Users/reimurase/Google Drive/マイドライブ/練習動画/2025練習/11 4(火)/IMG_5884 (2).MOV
/Users/reimurase/Google Drive/マイドライブ/練習動画/2025練習/11 4(火)/20251109_1209-北-1.7.MOV,/Users/reimurase/Google Drive/マイドライブ/練習動画/2025練習/11 4(火)/IMG_5884.MOV
/Users/reimurase/Google Drive/マイドライブ/練習動画/2025練習/12 26/20251227_0855-北北東-4.3.MOV,/Users/reimurase/Google Drive/マイドライブ/練習動画/2025練習/12 26/IMG_6118.MOV
/Users/reimurase/Google Drive/マイドライブ/練習動画/2025練習/12 26/20251227_0853-北北東-4.3.MOV,/Users/reimurase/Google Drive/マイドライブ/練習動画/2025練習/12 26/IMG_6119.MOV
/Users/reimurase/Google Drive/マイドライブ/練習動画/2025練習/12 26/20251227_0853-北北東-4.3.MOV,/Users/reimurase/Google Drive/マイドライブ/練習動画/2025練習/12 26/IMG_6120.MOV
/Users/reimurase/Google Drive/マイドライブ/練習動画/2025練習/12 26/20251227_0851-北北東-4.3.MOV,/Users/reimurase/Google Drive/マイドライブ/練習動画/2025練習/12 26/IMG_6121.MOV
/Users/reimurase/Google Drive/マイドライブ/練習動画/2025練習/12 26/20251227_0849-北北東-4.3.MOV,/Users/reimurase/Google Drive/マイドライブ/練習動画/2025練習/12 26/IMG_6122.MOV
/Users/reimurase/Google Drive/マイドライブ/練習動画/2025練習/12 26/20251227_0851-北北東-4.3.MOV,/Users/reimurase/Google Drive/マイドライブ/練習動画/2025練習/12 26/IMG_6123.MOV
/Users/reimurase/Google Drive/マイドライブ/練習動画/2025練習/12 26/20251227_0853-北北東-4.3.MOV,/Users/reimurase/Google Drive/マイドライブ/練習動画/2025練習/12 26/IMG_6124.MOV
/Users/reimurase/Google Drive/マイドライブ/練習動画/2025練習/12 26/20251227_0850-北北東-4.3.MOV,/Users/reimurase/Google Drive/マイドライブ/練習動画/2025練習/12 26/IMG_6125.MOV
/Users/reimurase/Google Drive/マイドライブ/練習動画/2025練習/12 26/20251227_0851-北北東-4.3.MOV,/Users/reimurase/Google Drive/マイドライブ/練習動画/2025練習/12 26/IMG_6126.MOV
/Users/reimurase/Google Drive/マイドライブ/練習動画/2025練習/12 26/20251227_0851-北北東-4.3.MOV,/Users/reimurase/Google Drive/マイドライブ/練習動画/2025練習/12 26/IMG_6127.MOV
/Users/reimurase/Google Drive/マイドライブ/練習動画/2025練習/12 26/20251227_0850-北北東-4.3.MOV,/Users/reimurase/Google Drive/マイドライブ/練習動画/2025練習/12 26/IMG_6128.MOV
/Users/reimurase/Google Drive/マイドライブ/練習動画/2025練習/12 26/20251227_0851-北北東-4.3.MOV,/Users/reimurase/Google Drive/マイドライブ/練習動画/2025練習/12 26/IMG_6129.MOV
/Users/reimurase/Google Drive/マイドライブ/練習動画/2025練習/12 26/20251227_0849-北北東-4.3.MOV,/Users/reimurase/Google Drive/マイドライブ/練習動画/2025練習/12 26/IMG_6130.MOV
/Users/reimurase/Google Drive/マイドライブ/練習動画/2025練習/12 26/20251227_0854-北北東-4.3.MOV,/Users/reimurase/Google Drive/マイドライブ/練習動画/2025練習/12 26/IMG_6131.MOV
/Users/reimurase/Google Drive/マイドライブ/練習動画/2025練習/12 26/20251227_0850-北北東-4.3.MOV,/Users/reimurase/Google Drive/マイドライブ/練習動画/2025練習/12 26/IMG_6132.MOV
/Users/reimurase/Google Drive/マイドライブ/練習動画/2025練習/12 26/20251227_0851-北北東-4.3.MOV,/Users/reimurase/Google Drive/マイドライブ/練習動画/2025練習/12 26/IMG_6133.MOV
/Users/reimurase/Google Drive/マイドライブ/練習動画/2025練習/12 26/20251227_0850-北北東-4.3.MOV,/Users/reimurase/Google Drive/マイドライブ/練習動画/2025練習/12 26/IMG_6134.MOV
/Users/reimurase/Google Drive/マイドライブ/練習動画/2025練習/12 26/20251227_0850-北北東-4.3.MOV,/Users/reimurase/Google Drive/マイドライブ/練習動画/2025練習/12 26/IMG_6136.MOV
/Users/reimurase/Google Drive/マイドライブ/練習動画/2025練習/12 26/20251227_0853-北北東-4.3.MOV,/Users/reimurase/Google Drive/マイドライブ/練習動画/2025練習/12 26/IMG_6137.MOV
/Users/reimurase/Google Drive/マイドライブ/練習動画/2025練習/12 26/20251227_0849-北北東-4.3.MOV,/Users/reimurase/Google Drive/マイドライブ/練習動画/2025練習/12 26/IMG_6138.MOV
/Users/reimurase/Google Drive/マイドライブ/練習動画/2025練習/12 26/20251227_0850-北北東-4.3.MOV,/Users/reimurase/Google Drive/マイドライブ/練習動画/2025練習/12 26/IMG_6139.MOV
/Users/reimurase/Google Drive/マイドライブ/練習動画/2025練習/12 26/20251227_0857-北北東-4.3.MOV,/Users/reimurase/Google Drive/マイドライブ/練習動画/2025練習/12 26/IMG_6140.MOV
/Users/reimurase/Google Drive/マイドライブ/練習動画/2025練習/12 26/20251227_0853-北北東-4.3.MOV,/Users/reimurase/Google Drive/マイドライブ/練習動画/2025練習/12 26/IMG_6141.MOV
/Users/reimurase/Google Drive/マイドライブ/練習動画/2025練習/12 26/20251227_0854-北北東-4.3.MOV,/Users/reimurase/Google Drive/マイドライブ/練習動画/2025練習/12 26/IMG_6142.MOV
/Users/reimurase/Google Drive/マイドライブ/練習動画/2025練習/12 26/20251227_0858-北北東-4.3.MOV,/Users/reimurase/Google Drive/マイドライブ/練習動画/2025練習/12 26/IMG_6143.MOV
/Users/reimurase/Google Drive/マイドライブ/練習動画/2025練習/12 26/20251227_0856-北北東-4.3.MOV,/Users/reimurase/Google Drive/マイドライブ/練習動画/2025練習/12 26/IMG_6144.MOV
/Users/reimurase/Google Drive/マイドライブ/練習動画/2025練習/12 26/20251227_0853-北北東-4.3.MOV,/Users/reimurase/Google Drive/マイドライブ/練習動画/2025練習/12 26/IMG_6145.MOV
/Users/reimurase/Google Drive/マイドライブ/練習動画/2025練習/12 26/20251227_0855-北北東-4.3.MOV,/Users/reimurase/Google Drive/マイドライブ/練習動画/2025練習/12 26/IMG_6146.MOV
/Users/reimurase/Google Drive/マイドライブ/練習動画/2025練習/12 26/20251227_0854-北北東-4.3.MOV,/Users/reimurase/Google Drive/マイドライブ/練習動画/2025練習/12 26/IMG_6147.MOV
/Users/reimurase/Google Drive/マイドライブ/練習動画/2025練習/12 26/20251227_0849-北北東-4.3.MOV,/Users/reimurase/Google Drive/マイドライブ/練習動画/2025練習/12 26/IMG_6148.MOV
/Users/reimurase/Google Drive/マイドライブ/練習動画/2025練習/12 26/20251227_0850-北北東-4.3.MOV,/Users/reimurase/Google Drive/マイドライブ/練習動画/2025練習/12 26/IMG_6149.MOV
/Users/reimurase/Google Drive/マイドライブ/練習動画/2025練習/12 26/20251227_0855-北北東-4.3.MOV,/Users/reimurase/Google Drive/マイドライブ/練習動画/2025練習/12 26/IMG_6150.MOV
/Users/reimurase/Google Drive/マイドライブ/練習動画/2025練習/12 26/20251227_0850-北北東-4.3.MOV,/Users/reimurase/Google Drive/マイドライブ/練習動画/2025練習/12 26/IMG_6151.MOV
/Users/reimurase/Google Drive/マイドライブ/練習動画/2025練習/12 26/20251227_0850-北北東-4.3.MOV,/Users/reimurase/Google Drive/マイドライブ/練習動画/2025練習/12 26/IMG_6152.MOV
/Users/reimurase/Google Drive/マイドライブ/練習動画/2025練習/12 26/20251227_0854-北北東-4.3.MOV,/Users/reimurase/Google Drive/マイドライブ/練習動画/2025練習/12 26/IMG_6153.MOV
/Users/reimurase/Google Drive/マイドライブ/練習動画/2025練習/12 26/20251227_0858-北北東-4.3.MOV,/Users/reimurase/Google Drive/マイドライブ/練習動画/2025練習/12 26/IMG_6154.MOV
/Users/reimurase/Google Drive/マイドライブ/練習動画/2025練習/12 26/20251227_0854-北北東-4.3.MOV,/Users/reimurase/Google Drive/マイドライブ/練習動画/2025練習/12 26/IMG_6155.MOV
/Users/reimurase/Google Drive/マイドライブ/練習動画/2025練習/12 26/20251227_0858-北北東-4.3.MOV,/Users/reimurase/Google Drive/マイドライブ/練習動画/2025練習/12 26/IMG_6156.MOV
/Users/reimurase/Google Drive/マイドライブ/練習動画/2025練習/12 26/20251227_0855-北北東-4.3.MOV,/Users/reimurase/Google Drive/マイドライブ/練習動画/2025練習/12 26/IMG_6157.MOV
/Users/reimurase/Google Drive/マイドライブ/練習動画/2025練習/12 26/20251227_0857-北北東-4.3.MOV,/Users/reimurase/Google Drive/マイドライブ/練習動画/2025練習/12 26/IMG_6158.MOV
/Users/reimurase/Google Drive/マイドライブ/練習動画/2025練習/12 6(土)/20251208_1258-南南西-8.4.MOV,/Users/reimurase/Google Drive/マイドライブ/練習動画/2025練習/12 6(土)/IMG_5840.MOV
/Users/reimurase/Google Drive/マイドライブ/練習動画/2025練習/12 6(土)/20251208_1255-南南西-8.4.MOV,/Users/reimurase/Google Drive/マイドライブ/練習動画/2025練習/12 6(土)/IMG_5841.MOV
/Users/reimurase/Google Drive/マイドライブ/練習動画/2025練習/12 6(土)/20251208_1257-南南西-8.4.MOV,/Users/reimurase/Google Drive/マイドライブ/練習動画/2025練習/12 6(土)/IMG_5842.MOV
/Users/reimurase/Google Drive/マイドライブ/練習動画/2025練習/12 6(土)/20251208_1256-南南西-8.4.MOV,/Users/reimurase/Google Drive/マイドライブ/練習動画/2025練習/12 6(土)/IMG_5843.MOV
/Users/reimurase/Google Drive/マイドライブ/練習動画/2025練習/12 6(土)/20251208_1254-南南西-8.4.MOV,/Users/reimurase/Google Drive/マイドライブ/練習動画/2025練習/12 6(土)/IMG_5844.MOV
/Users/reimurase/Google Drive/マイドライブ/練習動画/2025練習/12 6(土)/20251208_1258-南南西-8.4.MOV,/Users/reimurase/Google Drive/マイドライブ/練習動画/2025練習/12 6(土)/IMG_5845.MOV
/Users/reimurase/Google Drive/マイドライブ/練習動画/2025練習/12 6(土)/20251208_1257-南南西-8.4.MOV,/Users/reimurase/Google Drive/マイドライブ/練習動画/2025練習/12 6(土)/IMG_5846.MOV
/Users/reimurase/Google Drive/マイドライブ/練習動画/2025練習/12 6(土)/20251208_1255-南南西-8.4.MOV,/Users/reimurase/Google Drive/マイドライブ/練習動画/2025練習/12 6(土)/IMG_5847.MOV
/Users/reimurase/Google Drive/マイドライブ/練習動画/2025練習/12 6(土)/20251208_1255-南南西-8.4.MOV,/Users/reimurase/Google Drive/マイドライブ/練習動画/2025練習/12 6(土)/IMG_5849.MOV
/Users/reimurase/Google Drive/マイドライブ/練習動画/2025練習/12 6(土)/20251208_1257-南南西-8.4.MOV,/Users/reimurase/Google Drive/マイドライブ/練習動画/2025練習/12 6(土)/IMG_5850.MOV
/Users/reimurase/Google Drive/マイドライブ/練習動画/2025練習/12 6(土)/20251208_1258-南南西-8.4.MOV,/Users/reimurase/Google Drive/マイドライブ/練習動画/2025練習/12 6(土)/IMG_5851.MOV
/Users/reimurase/Google Drive/マイドライブ/練習動画/2025練習/12 6(土)/20251208_1255-南南西-8.4.MOV,/Users/reimurase/Google Drive/マイドライブ/練習動画/2025練習/12 6(土)/IMG_5852.MOV
/Users/reimurase/Google Drive/マイドライブ/練習動画/2025練習/12 6(土)/20251208_1255-南南西-8.4.MOV,/Users/reimurase/Google Drive/マイドライブ/練習動画/2025練習/12 6(土)/IMG_5853.MOV
/Users/reimurase/Google Drive/マイドライブ/練習動画/2025練習/12 6(土)/20251208_1256-南南西-8.4.MOV,/Users/reimurase/Google Drive/マイドライブ/練習動画/2025練習/12 6(土)/IMG_5854.MOV
/Users/reimurase/Google Drive/マイドライブ/練習動画/2025練習/12月13日/20251216_0209-北北東-2.4.MOV,/Users/reimurase/Google Drive/マイドライブ/練習動画/2025練習/12月13日/IMG_2103.MOV
/Users/reimurase/Google Drive/マイドライブ/練習動画/2025練習/12月13日/20251216_0208-北北東-2.4.MOV,/Users/reimurase/Google Drive/マイドライブ/練習動画/2025練習/12月13日/IMG_2104.MOV
/Users/reimurase/Google Drive/マイドライブ/練習動画/2025練習/12月13日/20251216_0945-北北東-3.1.MOV,/Users/reimurase/Google Drive/マイドライブ/練習動画/2025練習/12月13日/IMG_2105.MOV
/Users/reimurase/Google Drive/マイドライブ/練習動画/2025練習/12月13日/20251216_0207-北北東-2.4.MOV,/Users/reimurase/Google Drive/マイドライブ/練習動画/2025練習/12月13日/IMG_2106.MOV
/Users/reimurase/Google Drive/マイドライブ/練習動画/2025練習/12月13日/20251216_0947-北北東-3.1.MOV,/Users/reimurase/Google Drive/マイドライブ/練習動画/2025練習/12月13日/IMG_2107.MOV
/Users/reimurase/Google Drive/マイドライブ/練習動画/2025練習/12月13日/20251216_0957-北北東-3.1.MOV,/Users/reimurase/Google Drive/マイドライブ/練習動画/2025練習/12月13日/IMG_2108.MOV
/Users/reimurase/Google Drive/マイドライブ/練習動画/2025練習/12月13日/20251216_0211-北北東-2.4.MOV,/Users/reimurase/Google Drive/マイドライブ/練習動画/2025練習/12月13日/IMG_2109.MOV
/Users/reimurase/Google Drive/マイドライブ/練習動画/2025練習/12月13日/20251216_1001-北北東-3.1.MOV,/Users/reimurase/Google Drive/マイドライブ/練習動画/2025練習/12月13日/IMG_2110.MOV
/Users/reimurase/Google Drive/マイドライブ/練習動画/2025練習/12月13日/20251216_0959-北北東-3.1.MOV,/Users/reimurase/Google Drive/マイドライブ/練習動画/2025練習/12月13日/IMG_2111.MOV
/Users/reimurase/Google Drive/マイドライブ/練習動画/2025練習/12月13日/20251216_0208-北北東-2.4.MOV,/Users/reimurase/Google Drive/マイドライブ/練習動画/2025練習/12月13日/IMG_2112.MOV
/Users/reimurase/Google Drive/マイドライブ/練習動画/2025練習/12月13日/20251216_0954-北北東-3.1.MOV,/Users/reimurase/Google Drive/マイドライブ/練習動画/2025練習/12月13日/IMG_2113.MOV
/Users/reimurase/Google Drive/マイドライブ/練習動画/2025練習/12月13日/20251216_1003-北北東-3.1.MOV,/Users/reimurase/Google Drive/マイドライブ/練習動画/2025練習/12月13日/IMG_2114.MOV
/Users/reimurase/Google Drive/マイドライブ/練習動画/2025練習/12月13日/20251216_1005-北北東-3.1.MOV,/Users/reimurase/Google Drive/マイドライブ/練習動画/2025練習/12月13日/IMG_2115.MOV
/Users/reimurase/Google Drive/マイドライブ/練習動画/2025練習/12月13日/20251216_0950-北北東-3.1.MOV,/Users/reimurase/Google Drive/マイドライブ/練習動画/2025練習/12月13日/IMG_2117.MOV
/Users/reimurase/Google Drive/マイドライブ/練習動画/2025練習/12月13日/20251216_0948-北北東-3.1.MOV,/Users/reimurase/Google Drive/マイドライブ/練習動画/2025練習/12月13日/IMG_2118.MOV
/Users/reimurase/Google Drive/マイドライブ/練習動画/2025練習/12月13日/20251216_0211-北北東-2.4.MOV,/Users/reimurase/Google Drive/マイドライブ/練習動画/2025練習/12月13日/IMG_2119.MOV
/Users/reimurase/Google Drive/マイドライブ/練習動画/2025練習/12月14/20251216_0952-北北東-3.1.MOV,/Users/reimurase/Google Drive/マイドライブ/練習動画/2025練習/12月14/IMG_2121.MOV
/Users/reimurase/Google Drive/マイドライブ/練習動画/2025練習/12月14/20251216_0951-北北東-3.1.MOV,/Users/reimurase/Google Drive/マイドライブ/練習動画/2025練習/12月14/IMG_2122.MOV
/Users/reimurase/Google Drive/マイドライブ/練習動画/2025練習/12月14/20251216_0951-北北東-3.1.MOV,/Users/reimurase/Google Drive/マイドライブ/練習動画/2025練習/12月14/IMG_2124.MOV
/Users/reimurase/Google Drive/マイドライブ/練習動画/2025練習/12月14/20251216_0955-北北東-3.1.MOV,/Users/reimurase/Google Drive/マイドライブ/練習動画/2025練習/12月14/IMG_2125.MOV
/Users/reimurase/Google Drive/マイドライブ/練習動画/2025練習/12月14/20251216_0950-北北東-3.1.MOV,/Users/reimurase/Google Drive/マイドライブ/練習動画/2025練習/12月14/IMG_2126.MOV
/Users/reimurase/Google Drive/マイドライブ/練習動画/2025練習/12月28日/20251230_0021-南西-3.9.MP4,/Users/reimurase/Google Drive/マイドライブ/練習動画/2025練習/12月28日/09DA7B33-C1DC-44B2-B789-74D3F87DD33E.MP4
/Users/reimurase/Google Drive/マイドライブ/練習動画/2025練習/12月28日/20251230_0022-南西-3.9.MP4,/Users/reimurase/Google Drive/マイドライブ/練習動画/2025練習/12月28日/BF599F8D-83F7-4534-92E0-3B732A885DA5.MP4
/Users/reimurase/Google Drive/マイドライブ/練習動画/2025練習/12月28日/20251230_0022-南西-3.9.MOV,/Users/reimurase/Google Drive/マイドライブ/練習動画/2025練習/12月28日/IMG_1507.MOV
/Users/reimurase/Google Drive/マイドライブ/練習動画/2025練習/12月28日/20251230_0022-南西-3.9.MOV,/Users/reimurase/Google Drive/マイドライブ/練習動画/2025練習/12月28日/IMG_1508.MOV
/Users/reimurase/Google Drive/マイドライブ/練習動画/2025練習/12月28日/20251230_0024-南西-3.9.MOV,/Users/reimurase/Google Drive/マイドライブ/練習動画/2025練習/12月28日/IMG_1509.MOV
/Users/reimurase/Google Drive/マイドライブ/練習動画/2025練習/12月28日/20251230_0022-南西-3.9.MOV,/Users/reimurase/Google Drive/マイドライブ/練習動画/2025練習/12月28日/IMG_1515.MOV
/Users/reimurase/Google Drive/マイドライブ/練習動画/2025練習/12月28日/20251230_0023-南西-3.9.MOV,/Users/reimurase/Google Drive/マイドライブ/練習動画/2025練習/12月28日/IMG_1516.MOV
/Users/reimurase/Google Drive/マイドライブ/練習動画/2025練習/12月28日/20251230_0023-南西-3.9.MOV,/Users/reimurase/Google Drive/マイドライブ/練習動画/2025練習/12月28日/IMG_1517.MOV
/Users/reimurase/Google Drive/マイドライブ/練習動画/2025練習/12月28日/20251230_0024-南西-3.9.MOV,/Users/reimurase/Google Drive/マイドライブ/練習動画/2025練習/12月28日/IMG_1518.MOV
/Users/reimurase/Google Drive/マイドライブ/練習動画/2025練習/12月28日/20251230_0021-南西-3.9.MOV,/Users/reimurase/Google Drive/マイドライブ/練習動画/2025練習/12月28日/IMG_1519.MOV
/Users/reimurase/Google Drive/マイドライブ/練習動画/2025練習/12月28日/20251230_0023-南西-3.9.MOV,/Users/reimurase/Google Drive/マイドライブ/練習動画/2025練習/12月28日/IMG_1521.MOV
/Users/reimurase/Google Drive/マイドライブ/練習動画/2025練習/12月28日/20251230_0023-南西-3.9.MOV,/Users/reimurase/Google Drive/マイドライブ/練習動画/2025練習/12月28日/IMG_1522.MOV
/Users/reimurase/Google Drive/マイドライブ/練習動画/2025練習/12月28日/20251230_0024-南西-3.9.MOV,/Users/reimurase/Google Drive/マイドライブ/練習動画/2025練習/12月28日/IMG_1523.MOV
/Users/reimurase/Google Drive/マイドライブ/練習動画/2025練習/12月28日/20251230_0023-南西-3.9.MOV,/Users/reimurase/Google Drive/マイドライブ/練習動画/2025練習/12月28日/IMG_1532.MOV
/Users/reimurase/Google Drive/マイドライブ/練習動画/2025練習/12月28日/20251230_0023-南西-3.9.MOV,/Users/reimurase/Google Drive/マイドライブ/練習動画/2025練習/12月28日/IMG_4653.MOV
/Users/reimurase/Google Drive/マイドライブ/練習動画/2025練習/12月28日/20251230_0022-南西-3.9.MOV,/Users/reimurase/Google Drive/マイドライブ/練習動画/2025練習/12月28日/IMG_4654.MOV
/Users/reimurase/Google Drive/マイドライブ/練習動画/2025練習/12月28日/20251230_0022-南西-3.9.MOV,/Users/reimurase/Google Drive/マイドライブ/練習動画/2025練習/12月28日/IMG_4655.MOV
/Users/reimurase/Google Drive/マイドライブ/練習動画/2025練習/12月28日/20251230_0021-南西-3.9.MOV,/Users/reimurase/Google Drive/マイドライブ/練習動画/2025練習/12月28日/IMG_4658.MOV
/Users/reimurase/Google Drive/マイドライブ/練習動画/2025練習/12月28日/20251230_0022-南西-3.9.MOV,/Users/reimurase/Google Drive/マイドライブ/練習動画/2025練習/12月28日/IMG_4661.MOV
/Users/reimurase/Google Drive/マイドライブ/練習動画/2025練習/12月28日/20251230_0022-南西-3.9.MOV,/Users/reimurase/Google Drive/マイドライブ/練習動画/2025練習/12月28日/IMG_4666.MOV
/Users/reimurase/Google Drive/マイドライブ/練習動画/2025練習/12月28日/20251230_0022-南西-3.9.MOV,/Users/reimurase/Google Drive/マイドライブ/練習動画/2025練習/12月28日/IMG_4667.MOV
/Users/reimurase/Google Drive/マイドライブ/練習動画/2025練習/12月28日/20251230_0022-南西-3.9.MOV,/Users/reimurase/Google Drive/マイドライブ/練習動画/2025練習/12月28日/IMG_4673.MOV
/Users/reimurase/Google Drive/マイドライブ/練習動画/2025練習/12月28日/20251230_0023-南西-3.9.MOV,/Users/reimurase/Google Drive/マイドライブ/練習動画/2025練習/12月28日/IMG_4674.MOV
/Users/reimurase/Google Drive/マイドライブ/練習動画/2025練習/12月28日/20251230_0021-南西-3.9.MOV,/Users/reimurase/Google Drive/マイドライブ/練習動画/2025練習/12月28日/IMG_4676.MOV
/Users/reimurase/Google Drive/マイドライブ/練習動画/2025練習/12月28日/20251230_0023-南西-3.9.MOV,/Users/reimurase/Google Drive/マイドライブ/練習動画/2025練習/12月28日/IMG_4678.MOV
/Users/reimurase/Google Drive/マイドライブ/練習動画/2025練習/12月28日/20251230_0026-南西-3.9.MOV,/Users/reimurase/Google Drive/マイドライブ/練習動画/2025練習/12月28日/IMG_7692.MOV
/Users/reimurase/Google Drive/マイドライブ/練習動画/2025練習/12月28日/20251230_0025-南西-3.9.MOV,/Users/reimurase/Google Drive/マイドライブ/練習動画/2025練習/12月28日/IMG_7693.MOV
/Users/reimurase/Google Drive/マイドライブ/練習動画/2025練習/12月28日/20251230_0025-南西-3.9.MOV,/Users/reimurase/Google Drive/マイドライブ/練習動画/2025練習/12月28日/IMG_7694.MOV
/Users/reimurase/Google Drive/マイドライブ/練習動画/2025練習/12月28日/20251230_0024-南西-3.9.MOV,/Users/reimurase/Google Drive/マイドライブ/練習動画/2025練習/12月28日/IMG_7695.MOV
/Users/reimurase/Google Drive/マイドライブ/練習動画/2026練習/1 12（月）/20260112_1410-南-3.5.MOV,/Users/reimurase/Google Drive/マイドライブ/練習動画/2026練習/1 12（月）/IMG_6421.MOV
/Users/reimurase/Google Drive/マイドライブ/練習動画/2026練習/1 12（月）/20260112_1409-南-3.5.MOV,/Users/reimurase/Google Drive/マイドライブ/練習動画/2026練習/1 12（月）/IMG_6423.MOV
/Users/reimurase/Google Drive/マイドライブ/練習動画/2026練習/1 12（月）/20260112_1412-南-3.5.MOV,/Users/reimurase/Google Drive/マイドライブ/練習動画/2026練習/1 12（月）/IMG_6426.MOV
/Users/reimurase/Google Drive/マイドライブ/練習動画/2026練習/1 12（月）/20260112_1412-南-3.5.MOV,/Users/reimurase/Google Drive/マイドライブ/練習動画/2026練習/1 12（月）/IMG_6427.MOV
/Users/reimurase/Google Drive/マイドライブ/練習動画/2026練習/1 12（月）/20260112_1414-南-3.5.MOV,/Users/reimurase/Google Drive/マイドライブ/練習動画/2026練習/1 12（月）/IMG_6428.MOV
/Users/reimurase/Google Drive/マイドライブ/練習動画/2026練習/1 12（月）/20260112_1417-南-3.5.MOV,/Users/reimurase/Google Drive/マイドライブ/練習動画/2026練習/1 12（月）/IMG_6429.MOV
/Users/reimurase/Google Drive/マイドライブ/練習動画/2026練習/1 12（月）/20260112_1414-南-3.5.MOV,/Users/reimurase/Google Drive/マイドライブ/練習動画/2026練習/1 12（月）/IMG_6432.MOV
/Users/reimurase/Google Drive/マイドライブ/練習動画/2026練習/1 12（月）/20260112_1416-南-3.5.MOV,/Users/reimurase/Google Drive/マイドライブ/練習動画/2026練習/1 12（月）/IMG_6433.MOV
/Users/reimurase/Google Drive/マイドライブ/練習動画/2026練習/1 12（月）/20260112_1411-南-3.5.MOV,/Users/reimurase/Google Drive/マイドライブ/練習動画/2026練習/1 12（月）/IMG_6434.MOV
/Users/reimurase/Google Drive/マイドライブ/練習動画/2026練習/1 12（月）/20260112_1411-南-3.5.MOV,/Users/reimurase/Google Drive/マイドライブ/練習動画/2026練習/1 12（月）/IMG_6435.MOV
/Users/reimurase/Google Drive/マイドライブ/練習動画/2026練習/1 12（月）/20260112_1411-南-3.5.MOV,/Users/reimurase/Google Drive/マイドライブ/練習動画/2026練習/1 12（月）/IMG_6436.MOV
/Users/reimurase/Google Drive/マイドライブ/練習動画/2026練習/1 12（月）/20260112_1414-南-3.5.MOV,/Users/reimurase/Google Drive/マイドライブ/練習動画/2026練習/1 12（月）/IMG_6438.MOV
/Users/reimurase/Google Drive/マイドライブ/練習動画/2026練習/1 12（月）/20260112_1418-南-3.5.MOV,/Users/reimurase/Google Drive/マイドライブ/練習動画/2026練習/1 12（月）/IMG_6441.MOV
/Users/reimurase/Google Drive/マイドライブ/練習動画/2026練習/1 12（月）/20260112_1413-南-3.5.MOV,/Users/reimurase/Google Drive/マイドライブ/練習動画/2026練習/1 12（月）/IMG_6443.MOV
/Users/reimurase/Google Drive/マイドライブ/練習動画/2026練習/1 12（月）/20260112_1412-南-3.5.MOV,/Users/reimurase/Google Drive/マイドライブ/練習動画/2026練習/1 12（月）/IMG_6446.MOV
/Users/reimurase/Google Drive/マイドライブ/練習動画/2026練習/1 18（日）/20260118_0948-北北東-4.3.MOV,/Users/reimurase/Google Drive/マイドライブ/練習動画/2026練習/1 18（日）/IMG_6485.MOV
/Users/reimurase/Google Drive/マイドライブ/練習動画/2026練習/1 18（日）/20260118_1000-北北東-4.3.MOV,/Users/reimurase/Google Drive/マイドライブ/練習動画/2026練習/1 18（日）/IMG_6487.MOV
/Users/reimurase/Google Drive/マイドライブ/練習動画/2026練習/1 18（日）/20260118_0956-北北東-4.3.MOV,/Users/reimurase/Google Drive/マイドライブ/練習動画/2026練習/1 18（日）/IMG_6488.MOV
/Users/reimurase/Google Drive/マイドライブ/練習動画/2026練習/1 18（日）/20260118_0949-北北東-4.3.MOV,/Users/reimurase/Google Drive/マイドライブ/練習動画/2026練習/1 18（日）/IMG_6490.MOV
/Users/reimurase/Google Drive/マイドライブ/練習動画/2026練習/1 18（日）/20260118_1003-北北東-4.3.MOV,/Users/reimurase/Google Drive/マイドライブ/練習動画/2026練習/1 18（日）/IMG_6492.MOV
/Users/reimurase/Google Drive/マイドライブ/練習動画/2026練習/1 18（日）/20260118_0948-北北東-4.3.MOV,/Users/reimurase/Google Drive/マイドライブ/練習動画/2026練習/1 18（日）/IMG_6494.MOV
/Users/reimurase/Google Drive/マイドライブ/練習動画/2026練習/1 18（日）/20260118_0949-北北東-4.3.MOV,/Users/reimurase/Google Drive/マイドライブ/練習動画/2026練習/1 18（日）/IMG_6495.MOV
/Users/reimurase/Google Drive/マイドライブ/練習動画/2026練習/1 18（日）/20260118_0957-北北東-4.3.MOV,/Users/reimurase/Google Drive/マイドライブ/練習動画/2026練習/1 18（日）/IMG_6496.MOV
/Users/reimurase/Google Drive/マイドライブ/練習動画/2026練習/1 18（日）/20260118_0950-北北東-4.3.MOV,/Users/reimurase/Google Drive/マイドライブ/練習動画/2026練習/1 18（日）/IMG_6497.MOV
/Users/reimurase/Google Drive/マイドライブ/練習動画/2026練習/1 18（日）/20260118_0953-北北東-4.3.MOV,/Users/reimurase/Google Drive/マイドライブ/練習動画/2026練習/1 18（日）/IMG_6501.MOV
/Users/reimurase/Google Drive/マイドライブ/練習動画/2026練習/1 18（日）/20260118_0949-北北東-4.3.MOV,/Users/reimurase/Google Drive/マイドライブ/練習動画/2026練習/1 18（日）/IMG_6502.MOV
/Users/reimurase/Google Drive/マイドライブ/練習動画/2026練習/1 18（日）/20260118_0950-北北東-4.3.MOV,/Users/reimurase/Google Drive/マイドライブ/練習動画/2026練習/1 18（日）/IMG_6503.MOV
/Users/reimurase/Google Drive/マイドライブ/練習動画/2026練習/1 18（日）/20260118_0952-北北東-4.3.MOV,/Users/reimurase/Google Drive/マイドライブ/練習動画/2026練習/1 18（日）/IMG_6504.MOV
/Users/reimurase/Google Drive/マイドライブ/練習動画/2026練習/1 18（日）/20260118_0959-北北東-4.3.MOV,/Users/reimurase/Google Drive/マイドライブ/練習動画/2026練習/1 18（日）/IMG_6506.MOV
/Users/reimurase/Google Drive/マイドライブ/練習動画/2026練習/1 18（日）/20260118_0952-北北東-4.3.MOV,/Users/reimurase/Google Drive/マイドライブ/練習動画/2026練習/1 18（日）/IMG_6509.MOV
/Users/reimurase/Google Drive/マイドライブ/練習動画/2026練習/1 18（日）/20260118_0951-北北東-4.3.MOV,/Users/reimurase/Google Drive/マイドライブ/練習動画/2026練習/1 18（日）/IMG_6510.MOV
/Users/reimurase/Google Drive/マイドライブ/練習動画/2026練習/1 18（日）/20260118_0954-北北東-4.3.MOV,/Users/reimurase/Google Drive/マイドライブ/練習動画/2026練習/1 18（日）/IMG_6511.MOV
/Users/reimurase/Google Drive/マイドライブ/練習動画/2026練習/1 28(水)/20260128_0540-北-1.9.MOV,/Users/reimurase/Google Drive/マイドライブ/練習動画/2026練習/1 28(水)/IMG_6588.MOV
/Users/reimurase/Google Drive/マイドライブ/練習動画/2026練習/1 28(水)/20260128_0540-北-1.9.MOV,/Users/reimurase/Google Drive/マイドライブ/練習動画/2026練習/1 28(水)/IMG_6591.MOV
/Users/reimurase/Google Drive/マイドライブ/練習動画/2026練習/1 28(水)/20260128_0541-北-1.9.MOV,/Users/reimurase/Google Drive/マイドライブ/練習動画/2026練習/1 28(水)/IMG_6593.MOV
/Users/reimurase/Google Drive/マイドライブ/練習動画/2026練習/1 28(水)/20260128_0542-北-1.9.MOV,/Users/reimurase/Google Drive/マイドライブ/練習動画/2026練習/1 28(水)/IMG_6594.MOV
/Users/reimurase/Google Drive/マイドライブ/練習動画/2026練習/1 28(水)/20260128_0544-北-1.9.MOV,/Users/reimurase/Google Drive/マイドライブ/練習動画/2026練習/1 28(水)/IMG_6595.MOV
/Users/reimurase/Google Drive/マイドライブ/練習動画/2026練習/1 28(水)/20260128_0541-北-1.9.MOV,/Users/reimurase/Google Drive/マイドライブ/練習動画/2026練習/1 28(水)/IMG_6596.MOV
/Users/reimurase/Google Drive/マイドライブ/練習動画/2026練習/1 28(水)/20260128_0542-北-1.9.MOV,/Users/reimurase/Google Drive/マイドライブ/練習動画/2026練習/1 28(水)/IMG_6597.MOV
/Users/reimurase/Google Drive/マイドライブ/練習動画/2026練習/1 28(水)/20260128_0543-北-1.9.MOV,/Users/reimurase/Google Drive/マイドライブ/練習動画/2026練習/1 28(水)/IMG_6598.MOV
/Users/reimurase/Google Drive/マイドライブ/練習動画/2026練習/1 29(木)/20260202_0031-北北東-2.5.MOV,/Users/reimurase/Google Drive/マイドライブ/練習動画/2026練習/1 29(木)/IMG_5746.MOV
/Users/reimurase/Google Drive/マイドライブ/練習動画/2026練習/1 29(木)/20260202_0022-北北東-2.5.MOV,/Users/reimurase/Google Drive/マイドライブ/練習動画/2026練習/1 29(木)/IMG_5747.MOV
/Users/reimurase/Google Drive/マイドライブ/練習動画/2026練習/1 29(木)/20260202_0010-北北東-2.5.MOV,/Users/reimurase/Google Drive/マイドライブ/練習動画/2026練習/1 29(木)/IMG_5748.MOV
/Users/reimurase/Google Drive/マイドライブ/練習動画/2026練習/1 29(木)/20260202_0129-北北東-2.5.MOV,/Users/reimurase/Google Drive/マイドライブ/練習動画/2026練習/1 29(木)/IMG_5749.MOV
/Users/reimurase/Google Drive/マイドライブ/練習動画/2026練習/1 29(木)/20260202_0114-北北東-2.5.MOV,/Users/reimurase/Google Drive/マイドライブ/練習動画/2026練習/1 29(木)/IMG_5750.MOV
/Users/reimurase/Google Drive/マイドライブ/練習動画/2026練習/1 29(木)/20260202_0009-北北東-2.5.MOV,/Users/reimurase/Google Drive/マイドライブ/練習動画/2026練習/1 29(木)/IMG_5751.MOV
/Users/reimurase/Google Drive/マイドライブ/練習動画/2026練習/1 29(木)/20260202_0048-北北東-2.5.MOV,/Users/reimurase/Google Drive/マイドライブ/練習動画/2026練習/1 29(木)/IMG_5752.MOV
/Users/reimurase/Google Drive/マイドライブ/練習動画/2026練習/1 29(木)/20260202_0100-北北東-2.5.MOV,/Users/reimurase/Google Drive/マイドライブ/練習動画/2026練習/1 29(木)/IMG_5753.MOV
/Users/reimurase/Google Drive/マイドライブ/練習動画/2026練習/1 29(木)/20260202_0015-北北東-2.5.MOV,/Users/reimurase/Google Drive/マイドライブ/練習動画/2026練習/1 29(木)/IMG_5755.MOV
/Users/reimurase/Google Drive/マイドライブ/練習動画/2026練習/1 29(木)/20260202_0009-北北東-2.5.MOV,/Users/reimurase/Google Drive/マイドライブ/練習動画/2026練習/1 29(木)/IMG_5756.MOV
/Users/reimurase/Google Drive/マイドライブ/練習動画/2026練習/1 29(木)/20260202_0039-北北東-2.5.MOV,/Users/reimurase/Google Drive/マイドライブ/練習動画/2026練習/1 29(木)/IMG_5757.MOV
/Users/reimurase/Google Drive/マイドライブ/練習動画/2026練習/2 12(木)/20260212_1107-北-3.4.MOV,/Users/reimurase/Google Drive/マイドライブ/練習動画/2026練習/2 12(木)/IMG_6784.MOV
/Users/reimurase/Google Drive/マイドライブ/練習動画/2026練習/2 12(木)/20260212_1107-北-3.4.MOV,/Users/reimurase/Google Drive/マイドライブ/練習動画/2026練習/2 12(木)/IMG_6785.MOV
/Users/reimurase/Google Drive/マイドライブ/練習動画/2026練習/2 12(木)/20260212_1109-北-3.4.MOV,/Users/reimurase/Google Drive/マイドライブ/練習動画/2026練習/2 12(木)/IMG_6786.MOV
/Users/reimurase/Google Drive/マイドライブ/練習動画/2026練習/2 12(木)/20260212_1105-北-3.4.MOV,/Users/reimurase/Google Drive/マイドライブ/練習動画/2026練習/2 12(木)/IMG_6787.MOV
/Users/reimurase/Google Drive/マイドライブ/練習動画/2026練習/2 12(木)/20260212_1110-北-3.4.MOV,/Users/reimurase/Google Drive/マイドライブ/練習動画/2026練習/2 12(木)/IMG_6788.MOV
/Users/reimurase/Google Drive/マイドライブ/練習動画/2026練習/2 12(木)/20260212_1107-北-3.4.MOV,/Users/reimurase/Google Drive/マイドライブ/練習動画/2026練習/2 12(木)/IMG_6789.MOV
/Users/reimurase/Google Drive/マイドライブ/練習動画/2026練習/2 12(木)/20260212_1105-北-3.4.MOV,/Users/reimurase/Google Drive/マイドライブ/練習動画/2026練習/2 12(木)/IMG_6790.MOV
/Users/reimurase/Google Drive/マイドライブ/練習動画/2026練習/2 12(木)/20260212_1106-北-3.4.MOV,/Users/reimurase/Google Drive/マイドライブ/練習動画/2026練習/2 12(木)/IMG_6791.MOV
/Users/reimurase/Google Drive/マイドライブ/練習動画/2026練習/2 12(木)/20260212_1109-北-3.4.MOV,/Users/reimurase/Google Drive/マイドライブ/練習動画/2026練習/2 12(木)/IMG_6792.MOV
/Users/reimurase/Google Drive/マイドライブ/練習動画/2026練習/2 12(木)/20260212_1105-北-3.4.MOV,/Users/reimurase/Google Drive/マイドライブ/練習動画/2026練習/2 12(木)/IMG_6793.MOV
/Users/reimurase/Google Drive/マイドライブ/練習動画/2026練習/2 12(木)/20260212_1108-北-3.4.MOV,/Users/reimurase/Google Drive/マイドライブ/練習動画/2026練習/2 12(木)/IMG_6794.MOV
/Users/reimurase/Google Drive/マイドライブ/練習動画/2026練習/2 12(木)/20260212_1112-北-3.4.MOV,/Users/reimurase/Google Drive/マイドライブ/練習動画/2026練習/2 12(木)/IMG_6795.MOV
/Users/reimurase/Google Drive/マイドライブ/練習動画/2026練習/2 12(木)/20260212_1111-北-3.4.MOV,/Users/reimurase/Google Drive/マイドライブ/練習動画/2026練習/2 12(木)/IMG_6796.MOV
/Users/reimurase/Google Drive/マイドライブ/練習動画/2026練習/2 12(木)/20260212_1110-北-3.4.MOV,/Users/reimurase/Google Drive/マイドライブ/練習動画/2026練習/2 12(木)/IMG_6797.MOV
/Users/reimurase/Google Drive/マイドライブ/練習動画/2026練習/2 12(木)/20260212_1113-北-3.4.MOV,/Users/reimurase/Google Drive/マイドライブ/練習動画/2026練習/2 12(木)/IMG_6798.MOV
/Users/reimurase/Google Drive/マイドライブ/練習動画/2026練習/2 12(木)/20260212_1113-北-3.4.MOV,/Users/reimurase/Google Drive/マイドライブ/練習動画/2026練習/2 12(木)/IMG_6799.MOV
/Users/reimurase/Google Drive/マイドライブ/練習動画/2026練習/2 12(木)/20260212_1105-北-3.4.MOV,/Users/reimurase/Google Drive/マイドライブ/練習動画/2026練習/2 12(木)/IMG_6800.MOV
/Users/reimurase/Google Drive/マイドライブ/練習動画/2026練習/2 14（土）/20260214_0840-北-1.8.MOV,/Users/reimurase/Google Drive/マイドライブ/練習動画/2026練習/2 14（土）/IMG_6804.MOV
/Users/reimurase/Google Drive/マイドライブ/練習動画/2026練習/2 14（土）/20260214_0840-北-1.8.MOV,/Users/reimurase/Google Drive/マイドライブ/練習動画/2026練習/2 14（土）/IMG_6805.MOV
/Users/reimurase/Google Drive/マイドライブ/練習動画/2026練習/2 14（土）/20260214_0841-北-1.8.MOV,/Users/reimurase/Google Drive/マイドライブ/練習動画/2026練習/2 14（土）/IMG_6806.MOV
/Users/reimurase/Google Drive/マイドライブ/練習動画/2026練習/2 14（土）/20260214_0840-北-1.8.MOV,/Users/reimurase/Google Drive/マイドライブ/練習動画/2026練習/2 14（土）/IMG_6807.MOV
/Users/reimurase/Google Drive/マイドライブ/練習動画/2026練習/2 14（土）/20260214_0840-北-1.8.MOV,/Users/reimurase/Google Drive/マイドライブ/練習動画/2026練習/2 14（土）/IMG_6808.MOV
/Users/reimurase/Google Drive/マイドライブ/練習動画/2026練習/2 14（土）/20260214_0839-北-1.8.MOV,/Users/reimurase/Google Drive/マイドライブ/練習動画/2026練習/2 14（土）/IMG_6809.MOV
/Users/reimurase/Google Drive/マイドライブ/練習動画/2026練習/2 14（土）/20260214_0839-北-1.8.MOV,/Users/reimurase/Google Drive/マイドライブ/練習動画/2026練習/2 14（土）/IMG_6810.MOV
/Users/reimurase/Google Drive/マイドライブ/練習動画/2026練習/2 14（土）/20260214_0840-北-1.8.MOV,/Users/reimurase/Google Drive/マイドライブ/練習動画/2026練習/2 14（土）/IMG_6811.MOV
/Users/reimurase/Google Drive/マイドライブ/練習動画/2026練習/2 14（土）/20260214_0842-北-1.8.MOV,/Users/reimurase/Google Drive/マイドライブ/練習動画/2026練習/2 14（土）/IMG_6812.MOV
/Users/reimurase/Google Drive/マイドライブ/練習動画/2026練習/2 14（土）/20260214_0841-北-1.8.MOV,/Users/reimurase/Google Drive/マイドライブ/練習動画/2026練習/2 14（土）/IMG_6813.MOV
/Users/reimurase/Google Drive/マイドライブ/練習動画/2026練習/2 14（土）/20260214_0850-北-1.8.MOV,/Users/reimurase/Google Drive/マイドライブ/練習動画/2026練習/2 14（土）/IMG_6814.MOV
/Users/reimurase/Google Drive/マイドライブ/練習動画/2026練習/2 15(日)/20260215_0908-北北東-3.4.MOV,/Users/reimurase/Google Drive/マイドライブ/練習動画/2026練習/2 15(日)/IMG_4233.MOV
/Users/reimurase/Google Drive/マイドライブ/練習動画/2026練習/2 15(日)/20260215_0856-北北東-3.4.MOV,/Users/reimurase/Google Drive/マイドライブ/練習動画/2026練習/2 15(日)/IMG_4237.MOV
/Users/reimurase/Google Drive/マイドライブ/練習動画/2026練習/2 15(日)/20260215_0905-北北東-3.4.MOV,/Users/reimurase/Google Drive/マイドライブ/練習動画/2026練習/2 15(日)/IMG_4238.MOV
/Users/reimurase/Google Drive/マイドライブ/練習動画/2026練習/2 15(日)/20260215_0853-北北東-3.4.MOV,/Users/reimurase/Google Drive/マイドライブ/練習動画/2026練習/2 15(日)/IMG_4245.MOV
/Users/reimurase/Google Drive/マイドライブ/練習動画/2026練習/2 15(日)/20260215_1139-南南東-1.1.MOV,/Users/reimurase/Google Drive/マイドライブ/練習動画/2026練習/2 15(日)/IMG_6815.MOV
/Users/reimurase/Google Drive/マイドライブ/練習動画/2026練習/2 15(日)/20260215_1142-南南東-1.1.MOV,/Users/reimurase/Google Drive/マイドライブ/練習動画/2026練習/2 15(日)/IMG_6816.MOV
/Users/reimurase/Google Drive/マイドライブ/練習動画/2026練習/2 15(日)/20260215_1125-南-1.6.MOV,/Users/reimurase/Google Drive/マイドライブ/練習動画/2026練習/2 15(日)/IMG_6817.MOV
/Users/reimurase/Google Drive/マイドライブ/練習動画/2026練習/2 15(日)/20260215_1135-南南東-1.1.MOV,/Users/reimurase/Google Drive/マイドライブ/練習動画/2026練習/2 15(日)/IMG_6837.MOV
/Users/reimurase/Google Drive/マイドライブ/練習動画/2026練習/2 15(日)/20260215_1131-南南東-1.1.MOV,/Users/reimurase/Google Drive/マイドライブ/練習動画/2026練習/2 15(日)/IMG_6838.MOV
/Users/reimurase/Google Drive/マイドライブ/練習動画/2026練習/2 15(日)/20260215_1131-南南東-1.1.MOV,/Users/reimurase/Google Drive/マイドライブ/練習動画/2026練習/2 15(日)/IMG_6839.MOV
/Users/reimurase/Google Drive/マイドライブ/練習動画/2026練習/2 15(日)/20260215_1134-南南東-1.1.MOV,/Users/reimurase/Google Drive/マイドライブ/練習動画/2026練習/2 15(日)/IMG_6840.MOV
/Users/reimurase/Google Drive/マイドライブ/練習動画/2026練習/2 15(日)/20260215_1133-南南東-1.1.MOV,/Users/reimurase/Google Drive/マイドライブ/練習動画/2026練習/2 15(日)/IMG_6841.MOV
/Users/reimurase/Google Drive/マイドライブ/練習動画/2026練習/2 15(日)/20260215_1130-南南東-1.1.MOV,/Users/reimurase/Google Drive/マイドライブ/練習動画/2026練習/2 15(日)/IMG_6844.MOV
/Users/reimurase/Google Drive/マイドライブ/練習動画/2026練習/2 15(日)/20260215_1128-南-1.6.MOV,/Users/reimurase/Google Drive/マイドライブ/練習動画/2026練習/2 15(日)/IMG_6845.MOV
/Users/reimurase/Google Drive/マイドライブ/練習動画/2026練習/2 15(日)/20260215_1129-南-1.6.MOV,/Users/reimurase/Google Drive/マイドライブ/練習動画/2026練習/2 15(日)/IMG_6846.MOV
/Users/reimurase/Google Drive/マイドライブ/練習動画/2026練習/2 15(日)/20260215_1129-南-1.6.MOV,/Users/reimurase/Google Drive/マイドライブ/練習動画/2026練習/2 15(日)/IMG_6847.MOV
/Users/reimurase/Google Drive/マイドライブ/練習動画/2026練習/2 15(日)/20260215_1129-南-1.6.MOV,/Users/reimurase/Google Drive/マイドライブ/練習動画/2026練習/2 15(日)/IMG_6848.MOV
/Users/reimurase/Google Drive/マイドライブ/練習動画/2026練習/2 15(日)/20260215_1129-南-1.6.MOV,/Users/reimurase/Google Drive/マイドライブ/練習動画/2026練習/2 15(日)/IMG_6849.MOV
/Users/reimurase/Google Drive/マイドライブ/練習動画/2026練習/2 15(日)/20260215_1137-南南東-1.1.MOV,/Users/reimurase/Google Drive/マイドライブ/練習動画/2026練習/2 15(日)/IMG_6850.MOV
/Users/reimurase/Google Drive/マイドライブ/練習動画/2026練習/2 19(木)/20260219_1107-北北東-2.7.MOV,/Users/reimurase/Google Drive/マイドライブ/練習動画/2026練習/2 19(木)/IMG_2479.MOV
/Users/reimurase/Google Drive/マイドライブ/練習動画/2026練習/2 19(木)/20260219_1108-北北東-2.7.MOV,/Users/reimurase/Google Drive/マイドライブ/練習動画/2026練習/2 19(木)/IMG_2481.MOV
/Users/reimurase/Google Drive/マイドライブ/練習動画/2026練習/2 19(木)/20260219_1118-北北東-2.7.MOV,/Users/reimurase/Google Drive/マイドライブ/練習動画/2026練習/2 19(木)/IMG_2482.MOV
/Users/reimurase/Google Drive/マイドライブ/練習動画/2026練習/2 19(木)/20260219_1109-北北東-2.7.MOV,/Users/reimurase/Google Drive/マイドライブ/練習動画/2026練習/2 19(木)/IMG_2483.MOV
/Users/reimurase/Google Drive/マイドライブ/練習動画/2026練習/2 19(木)/20260219_1105-北北東-2.7.MOV,/Users/reimurase/Google Drive/マイドライブ/練習動画/2026練習/2 19(木)/IMG_2484.MOV
/Users/reimurase/Google Drive/マイドライブ/練習動画/2026練習/2 19(木)/20260219_1105-北北東-2.7.MOV,/Users/reimurase/Google Drive/マイドライブ/練習動画/2026練習/2 19(木)/IMG_2485.MOV
/Users/reimurase/Google Drive/マイドライブ/練習動画/2026練習/2 19(木)/20260219_1112-北北東-2.7.MOV,/Users/reimurase/Google Drive/マイドライブ/練習動画/2026練習/2 19(木)/IMG_2486.MOV
/Users/reimurase/Google Drive/マイドライブ/練習動画/2026練習/2 19(木)/20260219_1110-北北東-2.7.MOV,/Users/reimurase/Google Drive/マイドライブ/練習動画/2026練習/2 19(木)/IMG_2487.MOV
/Users/reimurase/Google Drive/マイドライブ/練習動画/2026練習/2 19(木)/20260219_1121-北北東-2.7.MOV,/Users/reimurase/Google Drive/マイドライブ/練習動画/2026練習/2 19(木)/IMG_2488.MOV
/Users/reimurase/Google Drive/マイドライブ/練習動画/2026練習/2 19(木)/20260219_1114-北北東-2.7.MOV,/Users/reimurase/Google Drive/マイドライブ/練習動画/2026練習/2 19(木)/IMG_2489.MOV
/Users/reimurase/Google Drive/マイドライブ/練習動画/2026練習/2 19(木)/20260219_1030-北北東-2.7.MOV,/Users/reimurase/Google Drive/マイドライブ/練習動画/2026練習/2 19(木)/IMG_6901.MOV
/Users/reimurase/Google Drive/マイドライブ/練習動画/2026練習/2 19(木)/20260219_1030-北北東-2.7.MOV,/Users/reimurase/Google Drive/マイドライブ/練習動画/2026練習/2 19(木)/IMG_6902.MOV
/Users/reimurase/Google Drive/マイドライブ/練習動画/2026練習/2 19(木)/20260219_1032-北北東-2.7.MOV,/Users/reimurase/Google Drive/マイドライブ/練習動画/2026練習/2 19(木)/IMG_6903.MOV
/Users/reimurase/Google Drive/マイドライブ/練習動画/2026練習/2 19(木)/20260219_1034-北北東-2.7.MOV,/Users/reimurase/Google Drive/マイドライブ/練習動画/2026練習/2 19(木)/IMG_6904.MOV
/Users/reimurase/Google Drive/マイドライブ/練習動画/2026練習/2 19(木)/20260219_1031-北北東-2.7.MOV,/Users/reimurase/Google Drive/マイドライブ/練習動画/2026練習/2 19(木)/IMG_6905.MOV
/Users/reimurase/Google Drive/マイドライブ/練習動画/2026練習/2 20(金)/20260221_0930-北北東-3.1.MOV,/Users/reimurase/Google Drive/マイドライブ/練習動画/2026練習/2 20(金)/IMG_4636.MOV
/Users/reimurase/Google Drive/マイドライブ/練習動画/2026練習/2 20(金)/20260221_0928-北-3.0.MOV,/Users/reimurase/Google Drive/マイドライブ/練習動画/2026練習/2 20(金)/IMG_4637.MOV
/Users/reimurase/Google Drive/マイドライブ/練習動画/2026練習/2 20(金)/20260221_0948-北北東-3.1.MOV,/Users/reimurase/Google Drive/マイドライブ/練習動画/2026練習/2 20(金)/IMG_4638.MOV
/Users/reimurase/Google Drive/マイドライブ/練習動画/2026練習/2 20(金)/20260221_0931-北北東-3.1.MOV,/Users/reimurase/Google Drive/マイドライブ/練習動画/2026練習/2 20(金)/IMG_4639.MOV
/Users/reimurase/Google Drive/マイドライブ/練習動画/2026練習/2 20(金)/20260221_0945-北北東-3.1.MOV,/Users/reimurase/Google Drive/マイドライブ/練習動画/2026練習/2 20(金)/IMG_4640.MOV
/Users/reimurase/Google Drive/マイドライブ/練習動画/2026練習/2 20(金)/20260221_0929-北-3.0.MOV,/Users/reimurase/Google Drive/マイドライブ/練習動画/2026練習/2 20(金)/IMG_4641.MOV
/Users/reimurase/Google Drive/マイドライブ/練習動画/2026練習/2 20(金)/20260221_0944-北北東-3.1.MOV,/Users/reimurase/Google Drive/マイドライブ/練習動画/2026練習/2 20(金)/IMG_4643.MOV
/Users/reimurase/Google Drive/マイドライブ/練習動画/2026練習/2 20(金)/20260221_0925-北-3.0.MOV,/Users/reimurase/Google Drive/マイドライブ/練習動画/2026練習/2 20(金)/IMG_4644.MOV
/Users/reimurase/Google Drive/マイドライブ/練習動画/2026練習/2 20(金)/20260221_0927-北-3.0.MOV,/Users/reimurase/Google Drive/マイドライブ/練習動画/2026練習/2 20(金)/IMG_4646.MOV
/Users/reimurase/Google Drive/マイドライブ/練習動画/2026練習/2 20(金)/20260221_0934-北北東-3.1.MOV,/Users/reimurase/Google Drive/マイドライブ/練習動画/2026練習/2 20(金)/IMG_4647.MOV
/Users/reimurase/Google Drive/マイドライブ/練習動画/2026練習/2 20(金)/20260221_0924-北-3.0.MOV,/Users/reimurase/Google Drive/マイドライブ/練習動画/2026練習/2 20(金)/IMG_4648.MOV
/Users/reimurase/Google Drive/マイドライブ/練習動画/2026練習/2 20(金)/20260221_0926-北-3.0.MOV,/Users/reimurase/Google Drive/マイドライブ/練習動画/2026練習/2 20(金)/IMG_4649.MOV
/Users/reimurase/Google Drive/マイドライブ/練習動画/2026練習/2 20(金)/20260221_0946-北北東-3.1.MOV,/Users/reimurase/Google Drive/マイドライブ/練習動画/2026練習/2 20(金)/IMG_4650.MOV
/Users/reimurase/Google Drive/マイドライブ/練習動画/2026練習/2 20(金)/20260221_0932-北北東-3.1.MOV,/Users/reimurase/Google Drive/マイドライブ/練習動画/2026練習/2 20(金)/IMG_4651.MOV
/Users/reimurase/Google Drive/マイドライブ/練習動画/2026練習/2 20(金)/20260221_0933-北北東-3.1.MOV,/Users/reimurase/Google Drive/マイドライブ/練習動画/2026練習/2 20(金)/IMG_4652.MOV
/Users/reimurase/Google Drive/マイドライブ/練習動画/2026練習/2 20(金)/20260221_0928-北-3.0.MOV,/Users/reimurase/Google Drive/マイドライブ/練習動画/2026練習/2 20(金)/IMG_4653.MOV
/Users/reimurase/Google Drive/マイドライブ/練習動画/2026練習/2 20(金)/20260221_0949-北北東-3.1.MOV,/Users/reimurase/Google Drive/マイドライブ/練習動画/2026練習/2 20(金)/IMG_4654.MOV
/Users/reimurase/Google Drive/マイドライブ/練習動画/2026練習/2 20(金)/20260221_0931-北北東-3.1.MOV,/Users/reimurase/Google Drive/マイドライブ/練習動画/2026練習/2 20(金)/IMG_4655.MOV
/Users/reimurase/Google Drive/マイドライブ/練習動画/2026練習/2 20(金)/20260221_0926-北-3.0.MOV,/Users/reimurase/Google Drive/マイドライブ/練習動画/2026練習/2 20(金)/IMG_4656.MOV
/Users/reimurase/Google Drive/マイドライブ/練習動画/2026練習/2 21/20260221_0954-北北東-3.1.MOV,/Users/reimurase/Google Drive/マイドライブ/練習動画/2026練習/2 21/IMG_4657.MOV
/Users/reimurase/Google Drive/マイドライブ/練習動画/2026練習/2 21/20260221_0951-北北東-3.1.MOV,/Users/reimurase/Google Drive/マイドライブ/練習動画/2026練習/2 21/IMG_4661.MOV
/Users/reimurase/Google Drive/マイドライブ/練習動画/2026練習/2 21/20260221_0954-北北東-3.1.MOV,/Users/reimurase/Google Drive/マイドライブ/練習動画/2026練習/2 21/IMG_4662.MOV
/Users/reimurase/Google Drive/マイドライブ/練習動画/2026練習/2 21/20260221_0952-北北東-3.1.MOV,/Users/reimurase/Google Drive/マイドライブ/練習動画/2026練習/2 21/IMG_4663.MOV
/Users/reimurase/Google Drive/マイドライブ/練習動画/2026練習/2 21/20260221_0951-北北東-3.1.MOV,/Users/reimurase/Google Drive/マイドライブ/練習動画/2026練習/2 21/IMG_4664.MOV
/Users/reimurase/Google Drive/マイドライブ/練習動画/2026練習/2 21/20260221_0956-北北東-3.1.MOV,/Users/reimurase/Google Drive/マイドライブ/練習動画/2026練習/2 21/IMG_4665.MOV
/Users/reimurase/Google Drive/マイドライブ/練習動画/2026練習/2 21/20260221_0958-北北東-3.1.MOV,/Users/reimurase/Google Drive/マイドライブ/練習動画/2026練習/2 21/IMG_4666.MOV
/Users/reimurase/Google Drive/マイドライブ/練習動画/2026練習/2 21/20260221_0955-北北東-3.1.MOV,/Users/reimurase/Google Drive/マイドライブ/練習動画/2026練習/2 21/IMG_4667.MOV
/Users/reimurase/Google Drive/マイドライブ/練習動画/2026練習/2 21/20260221_1022-北北東-3.1.MOV,/Users/reimurase/Google Drive/マイドライブ/練習動画/2026練習/2 21/IMG_4668.MOV
/Users/reimurase/Google Drive/マイドライブ/練習動画/2026練習/2 21/20260221_1019-北北東-3.1.MOV,/Users/reimurase/Google Drive/マイドライブ/練習動画/2026練習/2 21/IMG_4669.MOV
/Users/reimurase/Google Drive/マイドライブ/練習動画/2026練習/2 21/20260221_1023-北北東-3.1.MOV,/Users/reimurase/Google Drive/マイドライブ/練習動画/2026練習/2 21/IMG_4673.MOV
/Users/reimurase/Google Drive/マイドライブ/練習動画/2026練習/2 21/20260221_0952-北北東-3.1.MOV,/Users/reimurase/Google Drive/マイドライブ/練習動画/2026練習/2 21/IMG_4674.MOV
/Users/reimurase/Google Drive/マイドライブ/練習動画/2026練習/2 21/20260221_1025-北北東-3.1.MOV,/Users/reimurase/Google Drive/マイドライブ/練習動画/2026練習/2 21/IMG_4675.MOV
/Users/reimurase/Google Drive/マイドライブ/練習動画/2026練習/2 21/20260221_1018-北北東-3.1.MOV,/Users/reimurase/Google Drive/マイドライブ/練習動画/2026練習/2 21/IMG_4678.MOV
/Users/reimurase/Google Drive/マイドライブ/練習動画/2026練習/2 21/20260221_0959-北北東-3.1.MOV,/Users/reimurase/Google Drive/マイドライブ/練習動画/2026練習/2 21/IMG_4680.MOV
/Users/reimurase/Google Drive/マイドライブ/練習動画/2026練習/2 21/20260221_0957-北北東-3.1.MOV,/Users/reimurase/Google Drive/マイドライブ/練習動画/2026練習/2 21/IMG_4686.MOV
/Users/reimurase/Google Drive/マイドライブ/練習動画/2026練習/2 21/20260221_0955-北北東-3.1.MOV,/Users/reimurase/Google Drive/マイドライブ/練習動画/2026練習/2 21/IMG_4687.MOV
/Users/reimurase/Google Drive/マイドライブ/練習動画/2026練習/2 21/20260221_0951-北北東-3.1.MOV,/Users/reimurase/Google Drive/マイドライブ/練習動画/2026練習/2 21/IMG_4688.MOV
/Users/reimurase/Google Drive/マイドライブ/練習動画/2026練習/2 21/20260221_1018-北北東-3.1.MOV,/Users/reimurase/Google Drive/マイドライブ/練習動画/2026練習/2 21/IMG_4691.MOV
/Users/reimurase/Google Drive/マイドライブ/練習動画/2026練習/2 21/20260221_1023-北北東-3.1.MOV,/Users/reimurase/Google Drive/マイドライブ/練習動画/2026練習/2 21/IMG_4693.MOV
/Users/reimurase/Google Drive/マイドライブ/練習動画/2026練習/2 22日/20260222_0959-北北東-1.2.MOV,/Users/reimurase/Google Drive/マイドライブ/練習動画/2026練習/2 22日/IMG_2500.MOV
/Users/reimurase/Google Drive/マイドライブ/練習動画/2026練習/2 22日/20260222_0957-北北東-1.2.MOV,/Users/reimurase/Google Drive/マイドライブ/練習動画/2026練習/2 22日/IMG_2501.MOV
/Users/reimurase/Google Drive/マイドライブ/練習動画/2026練習/2 22日/20260222_0956-北北東-1.2.MOV,/Users/reimurase/Google Drive/マイドライブ/練習動画/2026練習/2 22日/IMG_2502.MOV
/Users/reimurase/Google Drive/マイドライブ/練習動画/2026練習/2 22日/20260222_0958-北北東-1.2.MOV,/Users/reimurase/Google Drive/マイドライブ/練習動画/2026練習/2 22日/IMG_2503.MOV
/Users/reimurase/Google Drive/マイドライブ/練習動画/2026練習/2 22日/20260222_1000-北北東-1.2.MOV,/Users/reimurase/Google Drive/マイドライブ/練習動画/2026練習/2 22日/IMG_2504.MOV
/Users/reimurase/Google Drive/マイドライブ/練習動画/2026練習/2 22日/20260222_0955-北北東-1.2.MOV,/Users/reimurase/Google Drive/マイドライブ/練習動画/2026練習/2 22日/IMG_2505.MOV
/Users/reimurase/Google Drive/マイドライブ/練習動画/2026練習/2 22日/20260222_0959-北北東-1.2.MOV,/Users/reimurase/Google Drive/マイドライブ/練習動画/2026練習/2 22日/IMG_2507.MOV
/Users/reimurase/Google Drive/マイドライブ/練習動画/2026練習/2 22日/20260222_1003-北北東-1.2.MOV,/Users/reimurase/Google Drive/マイドライブ/練習動画/2026練習/2 22日/IMG_2508.MOV
/Users/reimurase/Google Drive/マイドライブ/練習動画/2026練習/2 22日/20260222_0956-北北東-1.2.MOV,/Users/reimurase/Google Drive/マイドライブ/練習動画/2026練習/2 22日/IMG_2511.MOV
/Users/reimurase/Google Drive/マイドライブ/練習動画/2026練習/2 22日/20260222_0958-北北東-1.2.MOV,/Users/reimurase/Google Drive/マイドライブ/練習動画/2026練習/2 22日/IMG_2513.MOV
/Users/reimurase/Google Drive/マイドライブ/練習動画/2026練習/2 22日/20260222_0955-北北東-1.2.MOV,/Users/reimurase/Google Drive/マイドライブ/練習動画/2026練習/2 22日/IMG_2514.MOV
/Users/reimurase/Google Drive/マイドライブ/練習動画/2026練習/2 22日/20260222_1002-北北東-1.2.MOV,/Users/reimurase/Google Drive/マイドライブ/練習動画/2026練習/2 22日/IMG_2515.MOV
/Users/reimurase/Google Drive/マイドライブ/練習動画/2026練習/2 22日/20260222_0955-北北東-1.2.MOV,/Users/reimurase/Google Drive/マイドライブ/練習動画/2026練習/2 22日/IMG_2516.MOV
/Users/reimurase/Google Drive/マイドライブ/練習動画/2026練習/2 22日/20260222_1001-北北東-1.2.MOV,/Users/reimurase/Google Drive/マイドライブ/練習動画/2026練習/2 22日/IMG_2517.MOV
/Users/reimurase/Google Drive/マイドライブ/練習動画/2026練習/2 22日/20260222_1005-北北東-1.2.MOV,/Users/reimurase/Google Drive/マイドライブ/練習動画/2026練習/2 22日/IMG_2520.MOV
/Users/reimurase/Google Drive/マイドライブ/練習動画/2026練習/2 22日/20260222_1004-北北東-1.2.MOV,/Users/reimurase/Google Drive/マイドライブ/練習動画/2026練習/2 22日/IMG_2521.MOV
/Users/reimurase/Google Drive/マイドライブ/練習動画/2026練習/2 27/20260227_0959-北北東-4.5.MOV,/Users/reimurase/Google Drive/マイドライブ/練習動画/2026練習/2 27/IMG_4636.MOV
/Users/reimurase/Google Drive/マイドライブ/練習動画/2026練習/2 27/20260227_0958-北北東-4.5.MOV,/Users/reimurase/Google Drive/マイドライブ/練習動画/2026練習/2 27/IMG_4637.MOV
/Users/reimurase/Google Drive/マイドライブ/練習動画/2026練習/2 27/20260227_1000-北北東-4.5.MOV,/Users/reimurase/Google Drive/マイドライブ/練習動画/2026練習/2 27/IMG_4638.MOV
/Users/reimurase/Google Drive/マイドライブ/練習動画/2026練習/2 27/20260227_0959-北北東-4.5.MOV,/Users/reimurase/Google Drive/マイドライブ/練習動画/2026練習/2 27/IMG_4639.MOV
/Users/reimurase/Google Drive/マイドライブ/練習動画/2026練習/2 27/20260227_1000-北北東-4.5.MOV,/Users/reimurase/Google Drive/マイドライブ/練習動画/2026練習/2 27/IMG_4717.MOV
/Users/reimurase/Google Drive/マイドライブ/練習動画/2026練習/2 27/20260227_0958-北北東-4.5.MOV,/Users/reimurase/Google Drive/マイドライブ/練習動画/2026練習/2 27/IMG_4718.MOV
/Users/reimurase/Google Drive/マイドライブ/練習動画/2026練習/2 27/20260227_0958-北北東-4.5.MOV,/Users/reimurase/Google Drive/マイドライブ/練習動画/2026練習/2 27/IMG_4719.MOV
/Users/reimurase/Google Drive/マイドライブ/練習動画/2026練習/2 27/20260227_1000-北北東-4.5.MOV,/Users/reimurase/Google Drive/マイドライブ/練習動画/2026練習/2 27/IMG_4720.MOV
/Users/reimurase/Google Drive/マイドライブ/練習動画/2026練習/2 27/20260227_0951-北北東-4.5.MOV,/Users/reimurase/Google Drive/マイドライブ/練習動画/2026練習/2 27/IMG_4721.MOV
/Users/reimurase/Google Drive/マイドライブ/練習動画/2026練習/2 27/20260227_0948-北北東-4.5.MOV,/Users/reimurase/Google Drive/マイドライブ/練習動画/2026練習/2 27/IMG_4722.MOV
/Users/reimurase/Google Drive/マイドライブ/練習動画/2026練習/2 27/20260227_0952-北北東-4.5.MOV,/Users/reimurase/Google Drive/マイドライブ/練習動画/2026練習/2 27/IMG_4723.MOV
/Users/reimurase/Google Drive/マイドライブ/練習動画/2026練習/2 27/20260227_0949-北北東-4.5.MOV,/Users/reimurase/Google Drive/マイドライブ/練習動画/2026練習/2 27/IMG_4724.MOV
/Users/reimurase/Google Drive/マイドライブ/練習動画/2026練習/2 27/20260227_0952-北北東-4.5.MOV,/Users/reimurase/Google Drive/マイドライブ/練習動画/2026練習/2 27/IMG_4725.MOV
/Users/reimurase/Google Drive/マイドライブ/練習動画/2026練習/2 27/20260227_0951-北北東-4.5.MOV,/Users/reimurase/Google Drive/マイドライブ/練習動画/2026練習/2 27/IMG_4726.MOV
/Users/reimurase/Google Drive/マイドライブ/練習動画/2026練習/2 27/20260227_0950-北北東-4.5.MOV,/Users/reimurase/Google Drive/マイドライブ/練習動画/2026練習/2 27/IMG_4727.MOV
/Users/reimurase/Google Drive/マイドライブ/練習動画/2026練習/2 27/20260227_0950-北北東-4.5.MOV,/Users/reimurase/Google Drive/マイドライブ/練習動画/2026練習/2 27/IMG_4728.MOV
/Users/reimurase/Google Drive/マイドライブ/練習動画/2026練習/2 27/20260227_0949-北北東-4.5.MOV,/Users/reimurase/Google Drive/マイドライブ/練習動画/2026練習/2 27/IMG_4731.MOV
/Users/reimurase/Google Drive/マイドライブ/練習動画/2026練習/2 27/20260227_0949-北北東-4.5.MOV,/Users/reimurase/Google Drive/マイドライブ/練習動画/2026練習/2 27/IMG_4732.MOV
/Users/reimurase/Google Drive/マイドライブ/練習動画/2026練習/2 27/20260227_0949-北北東-4.5.MOV,/Users/reimurase/Google Drive/マイドライブ/練習動画/2026練習/2 27/IMG_4733.MOV
/Users/reimurase/Google Drive/マイドライブ/練習動画/2026練習/2 27/20260227_0948-北北東-4.5.MOV,/Users/reimurase/Google Drive/マイドライブ/練習動画/2026練習/2 27/IMG_4734.MOV
/Users/reimurase/Google Drive/マイドライブ/練習動画/2026練習/2 27/20260227_0950-北北東-4.5.MOV,/Users/reimurase/Google Drive/マイドライブ/練習動画/2026練習/2 27/IMG_4735.MOV
/Users/reimurase/Google Drive/マイドライブ/練習動画/2026練習/2 27/20260227_0948-北北東-4.5.MOV,/Users/reimurase/Google Drive/マイドライブ/練習動画/2026練習/2 27/IMG_4736.MOV
/Users/reimurase/Google Drive/マイドライブ/練習動画/2026練習/2 27/20260227_0950-北北東-4.5.MOV,/Users/reimurase/Google Drive/マイドライブ/練習動画/2026練習/2 27/IMG_4737.MOV
/Users/reimurase/Google Drive/マイドライブ/練習動画/2026練習/2 27/20260227_0951-北北東-4.5.MOV,/Users/reimurase/Google Drive/マイドライブ/練習動画/2026練習/2 27/IMG_4738.MOV
/Users/reimurase/Google Drive/マイドライブ/練習動画/2026練習/2 27/20260227_0945-北北東-4.5.MOV,/Users/reimurase/Google Drive/マイドライブ/練習動画/2026練習/2 27/IMG_4739.MOV
/Users/reimurase/Google Drive/マイドライブ/練習動画/2026練習/2 27/20260227_0943-北北東-4.5.MOV,/Users/reimurase/Google Drive/マイドライブ/練習動画/2026練習/2 27/IMG_4740.MOV
/Users/reimurase/Google Drive/マイドライブ/練習動画/2026練習/2 27/20260227_0941-北北東-4.5.MOV,/Users/reimurase/Google Drive/マイドライブ/練習動画/2026練習/2 27/IMG_4741.MOV
/Users/reimurase/Google Drive/マイドライブ/練習動画/2026練習/2 27/20260227_0945-北北東-4.5.MOV,/Users/reimurase/Google Drive/マイドライブ/練習動画/2026練習/2 27/IMG_4742.MOV
/Users/reimurase/Google Drive/マイドライブ/練習動画/2026練習/2 27/20260227_0941-北北東-4.5.MOV,/Users/reimurase/Google Drive/マイドライブ/練習動画/2026練習/2 27/IMG_4743.MOV
/Users/reimurase/Google Drive/マイドライブ/練習動画/2026練習/2 27/20260227_0944-北北東-4.5.MOV,/Users/reimurase/Google Drive/マイドライブ/練習動画/2026練習/2 27/IMG_4744.MOV
/Users/reimurase/Google Drive/マイドライブ/練習動画/2026練習/2 27/20260227_0943-北北東-4.5.MOV,/Users/reimurase/Google Drive/マイドライブ/練習動画/2026練習/2 27/IMG_4745.MOV
/Users/reimurase/Google Drive/マイドライブ/練習動画/2026練習/2 27/20260227_0942-北北東-4.5.MOV,/Users/reimurase/Google Drive/マイドライブ/練習動画/2026練習/2 27/IMG_4746.MOV
/Users/reimurase/Google Drive/マイドライブ/練習動画/2026練習/2 27/20260227_0944-北北東-4.5.MOV,/Users/reimurase/Google Drive/マイドライブ/練習動画/2026練習/2 27/IMG_4747.MOV
/Users/reimurase/Google Drive/マイドライブ/練習動画/2026練習/2 27/20260227_0942-北北東-4.5.MOV,/Users/reimurase/Google Drive/マイドライブ/練習動画/2026練習/2 27/IMG_4748.MOV
/Users/reimurase/Google Drive/マイドライブ/練習動画/2026練習/2 27/20260227_0944-北北東-4.5.MOV,/Users/reimurase/Google Drive/マイドライブ/練習動画/2026練習/2 27/IMG_4749.MOV
/Users/reimurase/Google Drive/マイドライブ/練習動画/2026練習/2 27/20260227_0941-北北東-4.5.MOV,/Users/reimurase/Google Drive/マイドライブ/練習動画/2026練習/2 27/IMG_4750.MOV
/Users/reimurase/Google Drive/マイドライブ/練習動画/2026練習/2 27/20260227_0942-北北東-4.5.MOV,/Users/reimurase/Google Drive/マイドライブ/練習動画/2026練習/2 27/IMG_4751.MOV
/Users/reimurase/Google Drive/マイドライブ/練習動画/2026練習/2 27/20260227_0943-北北東-4.5.MOV,/Users/reimurase/Google Drive/マイドライブ/練習動画/2026練習/2 27/IMG_4752.MOV
/Users/reimurase/Google Drive/マイドライブ/練習動画/2026練習/2 27/20260227_0942-北北東-4.5.MOV,/Users/reimurase/Google Drive/マイドライブ/練習動画/2026練習/2 27/IMG_4753.MOV
/Users/reimurase/Google Drive/マイドライブ/練習動画/2026練習/2 27/20260227_0941-北北東-4.5.MOV,/Users/reimurase/Google Drive/マイドライブ/練習動画/2026練習/2 27/IMG_4754.MOV
/Users/reimurase/Google Drive/マイドライブ/練習動画/2026練習/2 27/20260227_0959-北北東-4.5.MOV,/Users/reimurase/Google Drive/マイドライブ/練習動画/2026練習/2 27/IMG_6901.MOV
/Users/reimurase/Google Drive/マイドライブ/練習動画/2026練習/2 27/20260227_1002-北北東-4.5.MOV,/Users/reimurase/Google Drive/マイドライブ/練習動画/2026練習/2 27/IMG_6903.MOV
/Users/reimurase/Google Drive/マイドライブ/練習動画/2026練習/2 7（土）/20260207_0833-北北東-3.9.MOV,/Users/reimurase/Google Drive/マイドライブ/練習動画/2026練習/2 7（土）/IMG_6682.MOV
/Users/reimurase/Google Drive/マイドライブ/練習動画/2026練習/2 7（土）/20260207_0833-北北東-3.9.MOV,/Users/reimurase/Google Drive/マイドライブ/練習動画/2026練習/2 7（土）/IMG_6683.MOV
/Users/reimurase/Google Drive/マイドライブ/練習動画/2026練習/2 7（土）/20260207_0831-北北東-3.9.MOV,/Users/reimurase/Google Drive/マイドライブ/練習動画/2026練習/2 7（土）/IMG_6684.MOV
/Users/reimurase/Google Drive/マイドライブ/練習動画/2026練習/2 7（土）/20260207_0831-北北東-3.9.MOV,/Users/reimurase/Google Drive/マイドライブ/練習動画/2026練習/2 7（土）/IMG_6685.MOV
/Users/reimurase/Google Drive/マイドライブ/練習動画/2026練習/2 7（土）/20260207_0832-北北東-3.9.MOV,/Users/reimurase/Google Drive/マイドライブ/練習動画/2026練習/2 7（土）/IMG_6686.MOV
/Users/reimurase/Google Drive/マイドライブ/練習動画/2026練習/2 7（土）/20260207_0831-北北東-3.9.MOV,/Users/reimurase/Google Drive/マイドライブ/練習動画/2026練習/2 7（土）/IMG_6687.MOV
/Users/reimurase/Google Drive/マイドライブ/練習動画/2026練習/2 7（土）/20260207_0831-北北東-3.9.MOV,/Users/reimurase/Google Drive/マイドライブ/練習動画/2026練習/2 7（土）/IMG_6688.MOV
/Users/reimurase/Google Drive/マイドライブ/練習動画/2026練習/2 7（土）/20260207_0832-北北東-3.9.MOV,/Users/reimurase/Google Drive/マイドライブ/練習動画/2026練習/2 7（土）/IMG_6689.MOV
/Users/reimurase/Google Drive/マイドライブ/練習動画/2026練習/2 7（土）/20260207_0833-北北東-3.9.MOV,/Users/reimurase/Google Drive/マイドライブ/練習動画/2026練習/2 7（土）/IMG_6690.MOV
/Users/reimurase/Google Drive/マイドライブ/練習動画/2026練習/2 7（土）/20260207_0832-北北東-3.9.MOV,/Users/reimurase/Google Drive/マイドライブ/練習動画/2026練習/2 7（土）/IMG_6691.MOV
/Users/reimurase/Google Drive/マイドライブ/練習動画/2026練習/2 7（土）/20260207_0832-北北東-3.9.MOV,/Users/reimurase/Google Drive/マイドライブ/練習動画/2026練習/2 7（土）/IMG_6692.MOV
/Users/reimurase/Google Drive/マイドライブ/練習動画/2026練習/2 7（土）/20260207_0833-北北東-3.9.MOV,/Users/reimurase/Google Drive/マイドライブ/練習動画/2026練習/2 7（土）/IMG_6693.MOV
/Users/reimurase/Google Drive/マイドライブ/練習動画/2026練習/2 7（土）/20260207_0832-北北東-3.9.MOV,/Users/reimurase/Google Drive/マイドライブ/練習動画/2026練習/2 7（土）/IMG_6694.MOV
/Users/reimurase/Google Drive/マイドライブ/練習動画/2026練習/2 7（土）/20260207_0832-北北東-3.9.MOV,/Users/reimurase/Google Drive/マイドライブ/練習動画/2026練習/2 7（土）/IMG_6695.MOV
/Users/reimurase/Google Drive/マイドライブ/練習動画/2026練習/2 7（土）/20260207_0832-北北東-3.9.mp4,/Users/reimurase/Google Drive/マイドライブ/練習動画/2026練習/2 7（土）/ScreenRecording_02-04-2026 21-17-45_1.mp4
/Users/reimurase/Google Drive/マイドライブ/練習動画/2026練習/2 9(月)/20260212_1108-北-3.4.MOV,/Users/reimurase/Google Drive/マイドライブ/練習動画/2026練習/2 9(月)/IMG_6708.MOV
/Users/reimurase/Google Drive/マイドライブ/練習動画/2026練習/2 9(月)/20260212_1104-北-3.4.MOV,/Users/reimurase/Google Drive/マイドライブ/練習動画/2026練習/2 9(月)/IMG_6711.MOV
/Users/reimurase/Google Drive/マイドライブ/練習動画/2026練習/2 9(月)/20260212_1106-北-3.4.MOV,/Users/reimurase/Google Drive/マイドライブ/練習動画/2026練習/2 9(月)/IMG_6717.MOV
/Users/reimurase/Google Drive/マイドライブ/練習動画/2026練習/2 9(月)/20260212_1105-北-3.4.MOV,/Users/reimurase/Google Drive/マイドライブ/練習動画/2026練習/2 9(月)/IMG_6720.MOV
/Users/reimurase/Google Drive/マイドライブ/練習動画/2026練習/2 9(月)/20260212_1103-北-3.4.MOV,/Users/reimurase/Google Drive/マイドライブ/練習動画/2026練習/2 9(月)/IMG_6732.MOV
/Users/reimurase/Google Drive/マイドライブ/練習動画/2026練習/2 9(月)/20260212_1106-北-3.4.MOV,/Users/reimurase/Google Drive/マイドライブ/練習動画/2026練習/2 9(月)/IMG_6733.MOV
/Users/reimurase/Google Drive/マイドライブ/練習動画/2026練習/2 9(月)/20260212_1106-北-3.4.MOV,/Users/reimurase/Google Drive/マイドライブ/練習動画/2026練習/2 9(月)/IMG_6741.MOV
/Users/reimurase/Google Drive/マイドライブ/練習動画/2026練習/2 9(月)/20260212_1105-北-3.4.MOV,/Users/reimurase/Google Drive/マイドライブ/練習動画/2026練習/2 9(月)/IMG_6747.MOV
/Users/reimurase/Google Drive/マイドライブ/練習動画/2026練習/2 9(月)/20260212_1107-北-3.4.MOV,/Users/reimurase/Google Drive/マイドライブ/練習動画/2026練習/2 9(月)/IMG_6748.MOV
/Users/reimurase/Google Drive/マイドライブ/練習動画/2026練習/3 1(日)/20260301_2058-南南東-0.5.MOV,/Users/reimurase/Google Drive/マイドライブ/練習動画/2026練習/3 1(日)/IMG_2611.MOV
/Users/reimurase/Google Drive/マイドライブ/練習動画/2026練習/3 1(日)/20260301_2049-南南東-0.5.MOV,/Users/reimurase/Google Drive/マイドライブ/練習動画/2026練習/3 1(日)/IMG_2613.MOV
/Users/reimurase/Google Drive/マイドライブ/練習動画/2026練習/3 1(日)/20260301_2048-南南東-0.5.MOV,/Users/reimurase/Google Drive/マイドライブ/練習動画/2026練習/3 1(日)/IMG_2614.MOV
/Users/reimurase/Google Drive/マイドライブ/練習動画/2026練習/3 1(日)/20260301_2054-南南東-0.5.MOV,/Users/reimurase/Google Drive/マイドライブ/練習動画/2026練習/3 1(日)/IMG_2615.MOV
/Users/reimurase/Google Drive/マイドライブ/練習動画/2026練習/3 1(日)/20260301_2049-南南東-0.5.MOV,/Users/reimurase/Google Drive/マイドライブ/練習動画/2026練習/3 1(日)/IMG_2616.MOV
/Users/reimurase/Google Drive/マイドライブ/練習動画/2026練習/3 1(日)/20260301_2048-南南東-0.5.MOV,/Users/reimurase/Google Drive/マイドライブ/練習動画/2026練習/3 1(日)/IMG_2617.MOV
/Users/reimurase/Google Drive/マイドライブ/練習動画/2026練習/3 13(金)/20260314_0829-北北東-5.0.MOV,/Users/reimurase/Google Drive/マイドライブ/練習動画/2026練習/3 13(金)/IMG_7241.MOV
/Users/reimurase/Google Drive/マイドライブ/練習動画/2026練習/3 13(金)/20260314_0829-北北東-5.0.MOV,/Users/reimurase/Google Drive/マイドライブ/練習動画/2026練習/3 13(金)/IMG_7242.MOV
/Users/reimurase/Google Drive/マイドライブ/練習動画/2026練習/3 13(金)/20260314_0829-北北東-5.0.MOV,/Users/reimurase/Google Drive/マイドライブ/練習動画/2026練習/3 13(金)/IMG_7243.MOV
/Users/reimurase/Google Drive/マイドライブ/練習動画/2026練習/3 13(金)/20260314_0829-北北東-5.0.MOV,/Users/reimurase/Google Drive/マイドライブ/練習動画/2026練習/3 13(金)/IMG_7244.MOV
/Users/reimurase/Google Drive/マイドライブ/練習動画/2026練習/3 13(金)/20260314_0829-北北東-5.0.MOV,/Users/reimurase/Google Drive/マイドライブ/練習動画/2026練習/3 13(金)/IMG_7245.MOV
/Users/reimurase/Google Drive/マイドライブ/練習動画/2026練習/3 13(金)/20260314_0829-北北東-5.0.MOV,/Users/reimurase/Google Drive/マイドライブ/練習動画/2026練習/3 13(金)/IMG_7246.MOV
/Users/reimurase/Google Drive/マイドライブ/練習動画/2026練習/3 13(金)/20260314_0836-北北東-5.8.MOV,/Users/reimurase/Google Drive/マイドライブ/練習動画/2026練習/3 13(金)/IMG_7247.MOV
/Users/reimurase/Google Drive/マイドライブ/練習動画/2026練習/3 13(金)/20260314_0834-北北東-5.8.MOV,/Users/reimurase/Google Drive/マイドライブ/練習動画/2026練習/3 13(金)/IMG_7248.MOV
/Users/reimurase/Google Drive/マイドライブ/練習動画/2026練習/3 13(金)/20260314_0829-北北東-5.0.MOV,/Users/reimurase/Google Drive/マイドライブ/練習動画/2026練習/3 13(金)/IMG_7249.MOV
/Users/reimurase/Google Drive/マイドライブ/練習動画/2026練習/3 13(金)/20260314_0838-北北東-5.8.MOV,/Users/reimurase/Google Drive/マイドライブ/練習動画/2026練習/3 13(金)/IMG_7250.MOV
/Users/reimurase/Google Drive/マイドライブ/練習動画/2026練習/3 13(金)/20260314_0829-北北東-5.0.MOV,/Users/reimurase/Google Drive/マイドライブ/練習動画/2026練習/3 13(金)/IMG_7251.MOV
/Users/reimurase/Google Drive/マイドライブ/練習動画/2026練習/3 13(金)/20260314_0829-北北東-5.0.MOV,/Users/reimurase/Google Drive/マイドライブ/練習動画/2026練習/3 13(金)/IMG_7252.MOV
/Users/reimurase/Google Drive/マイドライブ/練習動画/2026練習/3 13(金)/20260314_0830-北北東-5.8.MOV,/Users/reimurase/Google Drive/マイドライブ/練習動画/2026練習/3 13(金)/IMG_7253.MOV
/Users/reimurase/Google Drive/マイドライブ/練習動画/2026練習/3 13(金)/20260314_0843-北北東-5.8.MOV,/Users/reimurase/Google Drive/マイドライブ/練習動画/2026練習/3 13(金)/IMG_7254.MOV
/Users/reimurase/Google Drive/マイドライブ/練習動画/2026練習/3 13(金)/20260314_0830-北北東-5.8.MOV,/Users/reimurase/Google Drive/マイドライブ/練習動画/2026練習/3 13(金)/IMG_7255.MOV
/Users/reimurase/Google Drive/マイドライブ/練習動画/2026練習/3 13(金)/20260314_0828-北北東-5.0.MOV,/Users/reimurase/Google Drive/マイドライブ/練習動画/2026練習/3 13(金)/IMG_7256.MOV
/Users/reimurase/Google Drive/マイドライブ/練習動画/2026練習/3 13(金)/20260314_0828-北北東-5.0.MOV,/Users/reimurase/Google Drive/マイドライブ/練習動画/2026練習/3 13(金)/IMG_7257.MOV
/Users/reimurase/Google Drive/マイドライブ/練習動画/2026練習/3 13(金)/20260314_0829-北北東-5.0.MOV,/Users/reimurase/Google Drive/マイドライブ/練習動画/2026練習/3 13(金)/IMG_7258.MOV
/Users/reimurase/Google Drive/マイドライブ/練習動画/2026練習/3 14(土)/20260314_1334-東-5.9.MOV,/Users/reimurase/Google Drive/マイドライブ/練習動画/2026練習/3 14(土)/IMG_2969.MOV
/Users/reimurase/Google Drive/マイドライブ/練習動画/2026練習/3 14(土)/20260314_1335-東-5.9.MOV,/Users/reimurase/Google Drive/マイドライブ/練習動画/2026練習/3 14(土)/IMG_2970.MOV
/Users/reimurase/Google Drive/マイドライブ/練習動画/2026練習/3 14(土)/20260314_1336-東-5.9.MOV,/Users/reimurase/Google Drive/マイドライブ/練習動画/2026練習/3 14(土)/IMG_2971.MOV
/Users/reimurase/Google Drive/マイドライブ/練習動画/2026練習/3 14(土)/20260314_1334-東-5.9.MOV,/Users/reimurase/Google Drive/マイドライブ/練習動画/2026練習/3 14(土)/IMG_2972.MOV
/Users/reimurase/Google Drive/マイドライブ/練習動画/2026練習/3 14(土)/20260314_1334-東-5.9.MOV,/Users/reimurase/Google Drive/マイドライブ/練習動画/2026練習/3 14(土)/IMG_2973.MOV
/Users/reimurase/Google Drive/マイドライブ/練習動画/2026練習/3 14(土)/20260314_1337-東-5.9.MOV,/Users/reimurase/Google Drive/マイドライブ/練習動画/2026練習/3 14(土)/IMG_2974.MOV
/Users/reimurase/Google Drive/マイドライブ/練習動画/2026練習/3 14(土)/20260314_0826-北北東-5.0.MOV,/Users/reimurase/Google Drive/マイドライブ/練習動画/2026練習/3 14(土)/IMG_7266.MOV
/Users/reimurase/Google Drive/マイドライブ/練習動画/2026練習/3 14(土)/20260314_0826-北北東-5.0.MOV,/Users/reimurase/Google Drive/マイドライブ/練習動画/2026練習/3 14(土)/IMG_7267.MOV
/Users/reimurase/Google Drive/マイドライブ/練習動画/2026練習/3 14(土)/20260314_0826-北北東-5.0.MOV,/Users/reimurase/Google Drive/マイドライブ/練習動画/2026練習/3 14(土)/IMG_7268.MOV
/Users/reimurase/Google Drive/マイドライブ/練習動画/2026練習/3 14(土)/20260314_0827-北北東-5.0.MOV,/Users/reimurase/Google Drive/マイドライブ/練習動画/2026練習/3 14(土)/IMG_7269.MOV
/Users/reimurase/Google Drive/マイドライブ/練習動画/2026練習/3 14(土)/20260314_0826-北北東-5.0.MOV,/Users/reimurase/Google Drive/マイドライブ/練習動画/2026練習/3 14(土)/IMG_7270.MOV
/Users/reimurase/Google Drive/マイドライブ/練習動画/2026練習/3 14(土)/20260314_0825-北北東-5.0.MOV,/Users/reimurase/Google Drive/マイドライブ/練習動画/2026練習/3 14(土)/IMG_7271.MOV
/Users/reimurase/Google Drive/マイドライブ/練習動画/2026練習/3 14(土)/20260314_0826-北北東-5.0.MOV,/Users/reimurase/Google Drive/マイドライブ/練習動画/2026練習/3 14(土)/IMG_7272.MOV
/Users/reimurase/Google Drive/マイドライブ/練習動画/2026練習/3 14(土)/20260314_0827-北北東-5.0.MOV,/Users/reimurase/Google Drive/マイドライブ/練習動画/2026練習/3 14(土)/IMG_7273.MOV
/Users/reimurase/Google Drive/マイドライブ/練習動画/2026練習/3 14(土)/20260314_0826-北北東-5.0.MOV,/Users/reimurase/Google Drive/マイドライブ/練習動画/2026練習/3 14(土)/IMG_7274.MOV
/Users/reimurase/Google Drive/マイドライブ/練習動画/2026練習/3 15(日)/20260315_1044-北-1.6.MOV,/Users/reimurase/Google Drive/マイドライブ/練習動画/2026練習/3 15(日)/IMG_5739.MOV
/Users/reimurase/Google Drive/マイドライブ/練習動画/2026練習/3 15(日)/20260315_1054-北-1.6.MOV,/Users/reimurase/Google Drive/マイドライブ/練習動画/2026練習/3 15(日)/IMG_5740.MOV
/Users/reimurase/Google Drive/マイドライブ/練習動画/2026練習/3 15(日)/20260315_1050-北-1.6.MOV,/Users/reimurase/Google Drive/マイドライブ/練習動画/2026練習/3 15(日)/IMG_5741.MOV
/Users/reimurase/Google Drive/マイドライブ/練習動画/2026練習/3 15(日)/20260315_1052-北-1.6.MOV,/Users/reimurase/Google Drive/マイドライブ/練習動画/2026練習/3 15(日)/IMG_5742.MOV
/Users/reimurase/Google Drive/マイドライブ/練習動画/2026練習/3 15(日)/20260315_1048-北-1.6.MOV,/Users/reimurase/Google Drive/マイドライブ/練習動画/2026練習/3 15(日)/IMG_5743.MOV
/Users/reimurase/Google Drive/マイドライブ/練習動画/2026練習/3 15(日)/20260315_1047-北-1.6.MOV,/Users/reimurase/Google Drive/マイドライブ/練習動画/2026練習/3 15(日)/IMG_5744.MOV
/Users/reimurase/Google Drive/マイドライブ/練習動画/2026練習/3 15(日)/20260315_1046-北-1.6.MOV,/Users/reimurase/Google Drive/マイドライブ/練習動画/2026練習/3 15(日)/IMG_5745.MOV
/Users/reimurase/Google Drive/マイドライブ/練習動画/2026練習/3 15(日)/20260315_1056-北-1.6.MOV,/Users/reimurase/Google Drive/マイドライブ/練習動画/2026練習/3 15(日)/IMG_5746.MOV
/Users/reimurase/Google Drive/マイドライブ/練習動画/2026練習/3 15(日)/20260315_1043-北-1.6.MOV,/Users/reimurase/Google Drive/マイドライブ/練習動画/2026練習/3 15(日)/IMG_5747.MOV
/Users/reimurase/Google Drive/マイドライブ/練習動画/2026練習/3 15(日)/20260315_1044-北-1.6.MOV,/Users/reimurase/Google Drive/マイドライブ/練習動画/2026練習/3 15(日)/IMG_5748.MOV
/Users/reimurase/Google Drive/マイドライブ/練習動画/2026練習/3 15(日)/20260315_1043-北-1.6.MOV,/Users/reimurase/Google Drive/マイドライブ/練習動画/2026練習/3 15(日)/IMG_5749.MOV
/Users/reimurase/Google Drive/マイドライブ/練習動画/2026練習/3 15(日)/20260315_1042-北-1.6.MOV,/Users/reimurase/Google Drive/マイドライブ/練習動画/2026練習/3 15(日)/IMG_5750.MOV
/Users/reimurase/Google Drive/マイドライブ/練習動画/2026練習/3 15(日)/20260315_1042-北-1.6.MOV,/Users/reimurase/Google Drive/マイドライブ/練習動画/2026練習/3 15(日)/IMG_5751.MOV
/Users/reimurase/Google Drive/マイドライブ/練習動画/2026練習/3 15(日)/20260315_1045-北-1.6.MOV,/Users/reimurase/Google Drive/マイドライブ/練習動画/2026練習/3 15(日)/IMG_5752.MOV
/Users/reimurase/Google Drive/マイドライブ/練習動画/2026練習/3 16(月)/20260319_1043-北東-2.0.MOV,/Users/reimurase/Google Drive/マイドライブ/練習動画/2026練習/3 16(月)/IMG_4811.MOV
/Users/reimurase/Google Drive/マイドライブ/練習動画/2026練習/3 16(月)/20260319_1043-北東-2.0.MOV,/Users/reimurase/Google Drive/マイドライブ/練習動画/2026練習/3 16(月)/IMG_4812.MOV
/Users/reimurase/Google Drive/マイドライブ/練習動画/2026練習/3 16(月)/20260319_1043-北東-2.0.MOV,/Users/reimurase/Google Drive/マイドライブ/練習動画/2026練習/3 16(月)/IMG_4813.MOV
/Users/reimurase/Google Drive/マイドライブ/練習動画/2026練習/3 16(月)/20260319_1044-北東-2.0.MOV,/Users/reimurase/Google Drive/マイドライブ/練習動画/2026練習/3 16(月)/IMG_4814.MOV
/Users/reimurase/Google Drive/マイドライブ/練習動画/2026練習/3 16(月)/20260319_1044-北東-2.0.MOV,/Users/reimurase/Google Drive/マイドライブ/練習動画/2026練習/3 16(月)/IMG_4815.MOV
/Users/reimurase/Google Drive/マイドライブ/練習動画/2026練習/3 16(月)/20260319_1043-北東-2.0.MOV,/Users/reimurase/Google Drive/マイドライブ/練習動画/2026練習/3 16(月)/IMG_4816.MOV
/Users/reimurase/Google Drive/マイドライブ/練習動画/2026練習/3 16(月)/20260319_1043-北東-2.0.MOV,/Users/reimurase/Google Drive/マイドライブ/練習動画/2026練習/3 16(月)/IMG_4817.MOV
/Users/reimurase/Google Drive/マイドライブ/練習動画/2026練習/3 19(木)/20260320_0258-北-2.5.MOV,/Users/reimurase/Google Drive/マイドライブ/練習動画/2026練習/3 19(木)/IMG_3006.MOV
/Users/reimurase/Google Drive/マイドライブ/練習動画/2026練習/3 19(木)/20260320_0252-北-2.5.MOV,/Users/reimurase/Google Drive/マイドライブ/練習動画/2026練習/3 19(木)/IMG_3007.MOV
/Users/reimurase/Google Drive/マイドライブ/練習動画/2026練習/3 19(木)/20260320_0248-北-2.5.MOV,/Users/reimurase/Google Drive/マイドライブ/練習動画/2026練習/3 19(木)/IMG_3008.MOV
/Users/reimurase/Google Drive/マイドライブ/練習動画/2026練習/3 19(木)/20260320_0230-北-2.5.MOV,/Users/reimurase/Google Drive/マイドライブ/練習動画/2026練習/3 19(木)/IMG_3010.MOV
/Users/reimurase/Google Drive/マイドライブ/練習動画/2026練習/3 19(木)/20260320_0234-北-2.5.MOV,/Users/reimurase/Google Drive/マイドライブ/練習動画/2026練習/3 19(木)/IMG_3011.MOV
/Users/reimurase/Google Drive/マイドライブ/練習動画/2026練習/3 19(木)/20260320_0244-北-2.5.MOV,/Users/reimurase/Google Drive/マイドライブ/練習動画/2026練習/3 19(木)/IMG_3012.MOV
/Users/reimurase/Google Drive/マイドライブ/練習動画/2026練習/3 19(木)/20260320_0231-北-2.5.MOV,/Users/reimurase/Google Drive/マイドライブ/練習動画/2026練習/3 19(木)/IMG_3013.MOV
/Users/reimurase/Google Drive/マイドライブ/練習動画/2026練習/3 19(木)/20260320_0239-北-2.5.MOV,/Users/reimurase/Google Drive/マイドライブ/練習動画/2026練習/3 19(木)/IMG_3014.MOV
/Users/reimurase/Google Drive/マイドライブ/練習動画/2026練習/3 19(木)/20260319_1045-北東-2.0.MOV,/Users/reimurase/Google Drive/マイドライブ/練習動画/2026練習/3 19(木)/IMG_4829.MOV
/Users/reimurase/Google Drive/マイドライブ/練習動画/2026練習/3 19(木)/20260319_1045-北東-2.0.MOV,/Users/reimurase/Google Drive/マイドライブ/練習動画/2026練習/3 19(木)/IMG_4830.MOV
/Users/reimurase/Google Drive/マイドライブ/練習動画/2026練習/3 19(木)/20260319_1044-北東-2.0.MOV,/Users/reimurase/Google Drive/マイドライブ/練習動画/2026練習/3 19(木)/IMG_4831.MOV
/Users/reimurase/Google Drive/マイドライブ/練習動画/2026練習/3 19(木)/20260319_1044-北東-2.0.MOV,/Users/reimurase/Google Drive/マイドライブ/練習動画/2026練習/3 19(木)/IMG_4832.MOV
/Users/reimurase/Google Drive/マイドライブ/練習動画/2026練習/3 19(木)/20260319_1045-北東-2.0.MOV,/Users/reimurase/Google Drive/マイドライブ/練習動画/2026練習/3 19(木)/IMG_4833.MOV
/Users/reimurase/Google Drive/マイドライブ/練習動画/2026練習/3 19(木)/20260319_1046-北東-2.0.MOV,/Users/reimurase/Google Drive/マイドライブ/練習動画/2026練習/3 19(木)/IMG_4834.MOV
/Users/reimurase/Google Drive/マイドライブ/練習動画/2026練習/3 19(木)/20260319_1045-北東-2.0.MOV,/Users/reimurase/Google Drive/マイドライブ/練習動画/2026練習/3 19(木)/IMG_4835.MOV
/Users/reimurase/Google Drive/マイドライブ/練習動画/2026練習/3 19(木)/20260319_1046-北東-2.0.MOV,/Users/reimurase/Google Drive/マイドライブ/練習動画/2026練習/3 19(木)/IMG_4836.MOV
/Users/reimurase/Google Drive/マイドライブ/練習動画/2026練習/3 19(木)/20260319_1044-北東-2.0.MOV,/Users/reimurase/Google Drive/マイドライブ/練習動画/2026練習/3 19(木)/IMG_4837.MOV
/Users/reimurase/Google Drive/マイドライブ/練習動画/2026練習/3 19(木)/20260319_1044-北東-2.0.MOV,/Users/reimurase/Google Drive/マイドライブ/練習動画/2026練習/3 19(木)/IMG_4838.MOV
/Users/reimurase/Google Drive/マイドライブ/練習動画/2026練習/3 20(金)/20260323_1251-北北東-1.5.MOV,/Users/reimurase/Google Drive/マイドライブ/練習動画/2026練習/3 20(金)/IMG_4845.MOV
/Users/reimurase/Google Drive/マイドライブ/練習動画/2026練習/3 20(金)/20260323_1251-北北東-1.5.MOV,/Users/reimurase/Google Drive/マイドライブ/練習動画/2026練習/3 20(金)/IMG_4846.MOV
/Users/reimurase/Google Drive/マイドライブ/練習動画/2026練習/3 20(金)/20260323_1250-北北東-1.5.MOV,/Users/reimurase/Google Drive/マイドライブ/練習動画/2026練習/3 20(金)/IMG_4847.MOV
/Users/reimurase/Google Drive/マイドライブ/練習動画/2026練習/3 20(金)/20260323_1251-北北東-1.5.MOV,/Users/reimurase/Google Drive/マイドライブ/練習動画/2026練習/3 20(金)/IMG_4848.MOV
/Users/reimurase/Google Drive/マイドライブ/練習動画/2026練習/3 20(金)/20260323_1250-北北東-1.5.MOV,/Users/reimurase/Google Drive/マイドライブ/練習動画/2026練習/3 20(金)/IMG_4849.MOV
/Users/reimurase/Google Drive/マイドライブ/練習動画/2026練習/3 20(金)/20260323_1251-北北東-1.5.MOV,/Users/reimurase/Google Drive/マイドライブ/練習動画/2026練習/3 20(金)/IMG_4851.MOV
/Users/reimurase/Google Drive/マイドライブ/練習動画/2026練習/3 20(金)/20260323_1250-北北東-1.5.MOV,/Users/reimurase/Google Drive/マイドライブ/練習動画/2026練習/3 20(金)/IMG_4853.MOV
/Users/reimurase/Google Drive/マイドライブ/練習動画/2026練習/3 20(金)/20260323_1250-北北東-1.5.MOV,/Users/reimurase/Google Drive/マイドライブ/練習動画/2026練習/3 20(金)/IMG_4854.MOV
/Users/reimurase/Google Drive/マイドライブ/練習動画/2026練習/3 20(金)/20260323_1250-北北東-1.5.MOV,/Users/reimurase/Google Drive/マイドライブ/練習動画/2026練習/3 20(金)/IMG_4855.MOV
/Users/reimurase/Google Drive/マイドライブ/練習動画/2026練習/3 20(金)/20260323_1250-北北東-1.5.MOV,/Users/reimurase/Google Drive/マイドライブ/練習動画/2026練習/3 20(金)/IMG_4856.MOV
/Users/reimurase/Google Drive/マイドライブ/練習動画/2026練習/3 20(金)/20260323_1250-北北東-1.5.MOV,/Users/reimurase/Google Drive/マイドライブ/練習動画/2026練習/3 20(金)/IMG_4857.MOV
/Users/reimurase/Google Drive/マイドライブ/練習動画/2026練習/3 20(金)/20260323_1250-北北東-1.5.MOV,/Users/reimurase/Google Drive/マイドライブ/練習動画/2026練習/3 20(金)/IMG_4858.MOV
/Users/reimurase/Google Drive/マイドライブ/練習動画/2026練習/3 20(金)/20260323_1250-北北東-1.5.MOV,/Users/reimurase/Google Drive/マイドライブ/練習動画/2026練習/3 20(金)/IMG_4861.MOV
/Users/reimurase/Google Drive/マイドライブ/練習動画/2026練習/3 20(金)/20260323_1251-北北東-1.5.MOV,/Users/reimurase/Google Drive/マイドライブ/練習動画/2026練習/3 20(金)/IMG_4862.MOV
/Users/reimurase/Google Drive/マイドライブ/練習動画/2026練習/3 20(金)/20260323_1250-北北東-1.5.MOV,/Users/reimurase/Google Drive/マイドライブ/練習動画/2026練習/3 20(金)/IMG_4863.MOV
/Users/reimurase/Google Drive/マイドライブ/練習動画/2026練習/3 20(金)/20260323_1252-北北東-1.5.MOV,/Users/reimurase/Google Drive/マイドライブ/練習動画/2026練習/3 20(金)/IMG_4864.MOV
/Users/reimurase/Google Drive/マイドライブ/練習動画/2026練習/3 22(日)/20260322_2131-南西-3.9.MOV,/Users/reimurase/Google Drive/マイドライブ/練習動画/2026練習/3 22(日)/IMG_3079.MOV
/Users/reimurase/Google Drive/マイドライブ/練習動画/2026練習/3 22(日)/20260322_2144-南西-3.9.MOV,/Users/reimurase/Google Drive/マイドライブ/練習動画/2026練習/3 22(日)/IMG_3080.MOV
/Users/reimurase/Google Drive/マイドライブ/練習動画/2026練習/3 22(日)/20260322_2127-南西-1.9.MOV,/Users/reimurase/Google Drive/マイドライブ/練習動画/2026練習/3 22(日)/IMG_3081.MOV
/Users/reimurase/Google Drive/マイドライブ/練習動画/2026練習/3 22(日)/20260322_2135-南西-3.9.MOV,/Users/reimurase/Google Drive/マイドライブ/練習動画/2026練習/3 22(日)/IMG_3082.MOV
/Users/reimurase/Google Drive/マイドライブ/練習動画/2026練習/3 22(日)/20260322_2138-南西-3.9.MOV,/Users/reimurase/Google Drive/マイドライブ/練習動画/2026練習/3 22(日)/IMG_3083.MOV
/Users/reimurase/Google Drive/マイドライブ/練習動画/2026練習/3 22(日)/20260322_2128-南西-1.9.MOV,/Users/reimurase/Google Drive/マイドライブ/練習動画/2026練習/3 22(日)/IMG_3084.MOV
/Users/reimurase/Google Drive/マイドライブ/練習動画/2026練習/3 22(日)/20260322_2127-南西-1.9.MOV,/Users/reimurase/Google Drive/マイドライブ/練習動画/2026練習/3 22(日)/IMG_3085.MOV
/Users/reimurase/Google Drive/マイドライブ/練習動画/2026練習/3 22(日)/20260322_2134-南西-3.9.MOV,/Users/reimurase/Google Drive/マイドライブ/練習動画/2026練習/3 22(日)/IMG_3086.MOV
/Users/reimurase/Google Drive/マイドライブ/練習動画/2026練習/3 22(日)/20260322_2134-南西-3.9.MOV,/Users/reimurase/Google Drive/マイドライブ/練習動画/2026練習/3 22(日)/IMG_3087.MOV
/Users/reimurase/Google Drive/マイドライブ/練習動画/2026練習/3 22(日)/20260322_2133-南西-3.9.MOV,/Users/reimurase/Google Drive/マイドライブ/練習動画/2026練習/3 22(日)/IMG_3089.MOV
/Users/reimurase/Google Drive/マイドライブ/練習動画/2026練習/3 22(日)/20260322_2139-南西-3.9.MOV,/Users/reimurase/Google Drive/マイドライブ/練習動画/2026練習/3 22(日)/IMG_3090.MOV
/Users/reimurase/Google Drive/マイドライブ/練習動画/2026練習/3 22(日)/20260322_2128-南西-1.9.MOV,/Users/reimurase/Google Drive/マイドライブ/練習動画/2026練習/3 22(日)/IMG_3091.MOV
/Users/reimurase/Google Drive/マイドライブ/練習動画/2026練習/3 22(日)/20260322_2127-南西-1.9.MOV,/Users/reimurase/Google Drive/マイドライブ/練習動画/2026練習/3 22(日)/IMG_3092.MOV
/Users/reimurase/Google Drive/マイドライブ/練習動画/2026練習/3 22(日)/20260322_2141-南西-3.9.MOV,/Users/reimurase/Google Drive/マイドライブ/練習動画/2026練習/3 22(日)/IMG_3093.MOV
/Users/reimurase/Google Drive/マイドライブ/練習動画/2026練習/3 22(日)/20260322_2128-南西-1.9.MOV,/Users/reimurase/Google Drive/マイドライブ/練習動画/2026練習/3 22(日)/IMG_3094.MOV
/Users/reimurase/Google Drive/マイドライブ/練習動画/2026練習/3 22(日)/20260322_2132-南西-3.9.MOV,/Users/reimurase/Google Drive/マイドライブ/練習動画/2026練習/3 22(日)/IMG_3095.MOV
/Users/reimurase/Google Drive/マイドライブ/練習動画/2026練習/3 22(日)/20260322_2145-南西-3.9.MOV,/Users/reimurase/Google Drive/マイドライブ/練習動画/2026練習/3 22(日)/IMG_3096.MOV
/Users/reimurase/Google Drive/マイドライブ/練習動画/2026練習/3 22(日)/20260322_2129-南西-1.9.MOV,/Users/reimurase/Google Drive/マイドライブ/練習動画/2026練習/3 22(日)/IMG_3097.MOV
/Users/reimurase/Google Drive/マイドライブ/練習動画/2026練習/3 22(日)/20260322_2130-南西-3.9.MOV,/Users/reimurase/Google Drive/マイドライブ/練習動画/2026練習/3 22(日)/IMG_3098.MOV
/Users/reimurase/Google Drive/マイドライブ/練習動画/2026練習/3 22(日)/20260322_2142-南西-3.9.MOV,/Users/reimurase/Google Drive/マイドライブ/練習動画/2026練習/3 22(日)/IMG_3099.MOV
/Users/reimurase/Google Drive/マイドライブ/練習動画/2026練習/3 22(日)/20260322_2131-南西-3.9.MOV,/Users/reimurase/Google Drive/マイドライブ/練習動画/2026練習/3 22(日)/IMG_3100.MOV
/Users/reimurase/Google Drive/マイドライブ/練習動画/2026練習/3 22(日)/20260322_2130-南西-3.9.MOV,/Users/reimurase/Google Drive/マイドライブ/練習動画/2026練習/3 22(日)/IMG_3101.MOV
/Users/reimurase/Google Drive/マイドライブ/練習動画/2026練習/3 22(日)/20260322_2136-南西-3.9.MOV,/Users/reimurase/Google Drive/マイドライブ/練習動画/2026練習/3 22(日)/IMG_3102.MOV
/Users/reimurase/Google Drive/マイドライブ/練習動画/2026練習/3 22(日)/20260322_2140-南西-3.9.MOV,/Users/reimurase/Google Drive/マイドライブ/練習動画/2026練習/3 22(日)/IMG_3103.MOV
/Users/reimurase/Google Drive/マイドライブ/練習動画/2026練習/3 22(日)/20260322_2137-南西-3.9.MOV,/Users/reimurase/Google Drive/マイドライブ/練習動画/2026練習/3 22(日)/IMG_3104.MOV
/Users/reimurase/Google Drive/マイドライブ/練習動画/2026練習/3 27(金)/20260327_1010-北東-3.1.MOV,/Users/reimurase/Google Drive/マイドライブ/練習動画/2026練習/3 27(金)/IMG_5828.MOV
/Users/reimurase/Google Drive/マイドライブ/練習動画/2026練習/3 27(金)/20260327_1010-北東-3.1.MOV,/Users/reimurase/Google Drive/マイドライブ/練習動画/2026練習/3 27(金)/IMG_5830.MOV
/Users/reimurase/Google Drive/マイドライブ/練習動画/2026練習/3 27(金)/20260327_1006-北東-3.1.MOV,/Users/reimurase/Google Drive/マイドライブ/練習動画/2026練習/3 27(金)/IMG_5831.MOV
/Users/reimurase/Google Drive/マイドライブ/練習動画/2026練習/3 27(金)/20260327_1007-北東-3.1.MOV,/Users/reimurase/Google Drive/マイドライブ/練習動画/2026練習/3 27(金)/IMG_5833.MOV
/Users/reimurase/Google Drive/マイドライブ/練習動画/2026練習/3 27(金)/20260327_1006-北東-3.1.MOV,/Users/reimurase/Google Drive/マイドライブ/練習動画/2026練習/3 27(金)/IMG_5834.MOV
/Users/reimurase/Google Drive/マイドライブ/練習動画/2026練習/3 27(金)/20260327_1009-北東-3.1.MOV,/Users/reimurase/Google Drive/マイドライブ/練習動画/2026練習/3 27(金)/IMG_5836.MOV
/Users/reimurase/Google Drive/マイドライブ/練習動画/2026練習/3 27(金)/20260327_1007-北東-3.1.MOV,/Users/reimurase/Google Drive/マイドライブ/練習動画/2026練習/3 27(金)/IMG_5837.MOV
/Users/reimurase/Google Drive/マイドライブ/練習動画/2026練習/3 27(金)/20260327_1005-北東-3.1.MOV,/Users/reimurase/Google Drive/マイドライブ/練習動画/2026練習/3 27(金)/IMG_5839.MOV
/Users/reimurase/Google Drive/マイドライブ/練習動画/2026練習/3 27(金)/20260327_1008-北東-3.1.MOV,/Users/reimurase/Google Drive/マイドライブ/練習動画/2026練習/3 27(金)/IMG_5840.MOV
/Users/reimurase/Google Drive/マイドライブ/練習動画/2026練習/3 27(金)/20260327_1011-北東-3.1.MOV,/Users/reimurase/Google Drive/マイドライブ/練習動画/2026練習/3 27(金)/IMG_5841.MOV
/Users/reimurase/Google Drive/マイドライブ/練習動画/2026練習/3 27(金)/20260327_1005-北東-3.1.MOV,/Users/reimurase/Google Drive/マイドライブ/練習動画/2026練習/3 27(金)/IMG_5843.MOV
/Users/reimurase/Google Drive/マイドライブ/練習動画/2026練習/3 27(金)/20260327_0940-北東-3.1.MOV,/Users/reimurase/Google Drive/マイドライブ/練習動画/2026練習/3 27(金)/IMG_5844.MOV
/Users/reimurase/Google Drive/マイドライブ/練習動画/2026練習/3 27(金)/20260327_0933-北東-3.1.MOV,/Users/reimurase/Google Drive/マイドライブ/練習動画/2026練習/3 27(金)/IMG_5845.MOV
/Users/reimurase/Google Drive/マイドライブ/練習動画/2026練習/3 27(金)/20260327_0935-北東-3.1.MOV,/Users/reimurase/Google Drive/マイドライブ/練習動画/2026練習/3 27(金)/IMG_5846.MOV
/Users/reimurase/Google Drive/マイドライブ/練習動画/2026練習/3 27(金)/20260327_0914-北東-3.9.MOV,/Users/reimurase/Google Drive/マイドライブ/練習動画/2026練習/3 27(金)/IMG_5847.MOV
/Users/reimurase/Google Drive/マイドライブ/練習動画/2026練習/3 27(金)/20260327_0939-北東-3.1.MOV,/Users/reimurase/Google Drive/マイドライブ/練習動画/2026練習/3 27(金)/IMG_5853.MOV
/Users/reimurase/Google Drive/マイドライブ/練習動画/2026練習/3 27(金)/20260327_0901-北東-3.9.MOV,/Users/reimurase/Google Drive/マイドライブ/練習動画/2026練習/3 27(金)/IMG_5854.MOV
/Users/reimurase/Google Drive/マイドライブ/練習動画/2026練習/3 27(金)/20260327_0859-北東-3.9.MOV,/Users/reimurase/Google Drive/マイドライブ/練習動画/2026練習/3 27(金)/IMG_5857.MOV
/Users/reimurase/Google Drive/マイドライブ/練習動画/2026練習/3 27(金)/20260327_0858-北東-3.9.MOV,/Users/reimurase/Google Drive/マイドライブ/練習動画/2026練習/3 27(金)/IMG_5858.MOV
/Users/reimurase/Google Drive/マイドライブ/練習動画/2026練習/3 27(金)/20260327_0857-北東-3.9.MOV,/Users/reimurase/Google Drive/マイドライブ/練習動画/2026練習/3 27(金)/IMG_5859.MOV
/Users/reimurase/Google Drive/マイドライブ/練習動画/2026練習/3 27(金)/20260327_0856-北東-3.9.MOV,/Users/reimurase/Google Drive/マイドライブ/練習動画/2026練習/3 27(金)/IMG_5860.MOV
/Users/reimurase/Google Drive/マイドライブ/練習動画/2026練習/3 28（土）/20260328_0904-北東-1.8.MOV,/Users/reimurase/Google Drive/マイドライブ/練習動画/2026練習/3 28（土）/IMG_7339.MOV
/Users/reimurase/Google Drive/マイドライブ/練習動画/2026練習/3 28（土）/20260328_0903-北東-1.8.MOV,/Users/reimurase/Google Drive/マイドライブ/練習動画/2026練習/3 28（土）/IMG_7340.MOV
/Users/reimurase/Google Drive/マイドライブ/練習動画/2026練習/3 28（土）/20260328_0904-北東-1.8.MOV,/Users/reimurase/Google Drive/マイドライブ/練習動画/2026練習/3 28（土）/IMG_7341.MOV
/Users/reimurase/Google Drive/マイドライブ/練習動画/2026練習/3 28（土）/20260328_0905-北東-1.8.MOV,/Users/reimurase/Google Drive/マイドライブ/練習動画/2026練習/3 28（土）/IMG_7342.MOV
/Users/reimurase/Google Drive/マイドライブ/練習動画/2026練習/3 28（土）/20260328_0903-北東-1.8.MOV,/Users/reimurase/Google Drive/マイドライブ/練習動画/2026練習/3 28（土）/IMG_7344.MOV
/Users/reimurase/Google Drive/マイドライブ/練習動画/2026練習/3 28（土）/20260328_0904-北東-1.8.MOV,/Users/reimurase/Google Drive/マイドライブ/練習動画/2026練習/3 28（土）/IMG_7345.MOV
/Users/reimurase/Google Drive/マイドライブ/練習動画/2026練習/3 28（土）/20260328_0905-北東-1.8.MOV,/Users/reimurase/Google Drive/マイドライブ/練習動画/2026練習/3 28（土）/IMG_7346.MOV
/Users/reimurase/Google Drive/マイドライブ/練習動画/2026練習/3 28（土）/20260328_0903-北東-1.8.MOV,/Users/reimurase/Google Drive/マイドライブ/練習動画/2026練習/3 28（土）/IMG_7347.MOV
/Users/reimurase/Google Drive/マイドライブ/練習動画/2026練習/3 28（土）/20260328_0903-北東-1.8.MOV,/Users/reimurase/Google Drive/マイドライブ/練習動画/2026練習/3 28（土）/IMG_7348.MOV
/Users/reimurase/Google Drive/マイドライブ/練習動画/2026練習/3 28（土）/20260328_0905-北東-1.8.MOV,/Users/reimurase/Google Drive/マイドライブ/練習動画/2026練習/3 28（土）/IMG_7349.MOV
/Users/reimurase/Google Drive/マイドライブ/練習動画/2026練習/3 29(日)/20260330_0309-北-3.8.MOV,/Users/reimurase/Google Drive/マイドライブ/練習動画/2026練習/3 29(日)/IMG_4111.MOV
/Users/reimurase/Google Drive/マイドライブ/練習動画/2026練習/3 29(日)/20260330_0230-北-3.8.MOV,/Users/reimurase/Google Drive/マイドライブ/練習動画/2026練習/3 29(日)/IMG_4112.MOV
/Users/reimurase/Google Drive/マイドライブ/練習動画/2026練習/3 29(日)/20260330_0231-北-3.8.MOV,/Users/reimurase/Google Drive/マイドライブ/練習動画/2026練習/3 29(日)/IMG_4113.MOV
/Users/reimurase/Google Drive/マイドライブ/練習動画/2026練習/3 29(日)/20260330_0231-北-3.8.MOV,/Users/reimurase/Google Drive/マイドライブ/練習動画/2026練習/3 29(日)/IMG_4114.MOV
/Users/reimurase/Google Drive/マイドライブ/練習動画/2026練習/3 29(日)/20260330_0230-北-3.8.MOV,/Users/reimurase/Google Drive/マイドライブ/練習動画/2026練習/3 29(日)/IMG_4115.MOV
/Users/reimurase/Google Drive/マイドライブ/練習動画/2026練習/3 29(日)/20260330_0230-北-3.8.MOV,/Users/reimurase/Google Drive/マイドライブ/練習動画/2026練習/3 29(日)/IMG_4116.MOV
/Users/reimurase/Google Drive/マイドライブ/練習動画/2026練習/3 29(日)/20260330_0231-北-3.8.MOV,/Users/reimurase/Google Drive/マイドライブ/練習動画/2026練習/3 29(日)/IMG_4117.MOV
/Users/reimurase/Google Drive/マイドライブ/練習動画/2026練習/3 29(日)/20260330_0231-北-3.8.MOV,/Users/reimurase/Google Drive/マイドライブ/練習動画/2026練習/3 29(日)/IMG_4118.MOV
/Users/reimurase/Google Drive/マイドライブ/練習動画/2026練習/3 29(日)/20260330_0230-北-3.8.MOV,/Users/reimurase/Google Drive/マイドライブ/練習動画/2026練習/3 29(日)/IMG_4119.MOV
/Users/reimurase/Google Drive/マイドライブ/練習動画/2026練習/3 29(日)/20260330_0308-北-3.8.MOV,/Users/reimurase/Google Drive/マイドライブ/練習動画/2026練習/3 29(日)/IMG_4121.MOV
/Users/reimurase/Google Drive/マイドライブ/練習動画/2026練習/3 29(日)/20260330_0232-北-3.8.MOV,/Users/reimurase/Google Drive/マイドライブ/練習動画/2026練習/3 29(日)/IMG_4122.MOV
/Users/reimurase/Google Drive/マイドライブ/練習動画/2026練習/3 29(日)/20260330_0308-北-3.8.MOV,/Users/reimurase/Google Drive/マイドライブ/練習動画/2026練習/3 29(日)/IMG_4123.MOV
/Users/reimurase/Google Drive/マイドライブ/練習動画/2026練習/3 29(日)/20260330_0230-北-3.8.MOV,/Users/reimurase/Google Drive/マイドライブ/練習動画/2026練習/3 29(日)/IMG_4124.MOV
/Users/reimurase/Google Drive/マイドライブ/練習動画/2026練習/3 29(日)/20260330_0230-北-3.8.MOV,/Users/reimurase/Google Drive/マイドライブ/練習動画/2026練習/3 29(日)/IMG_4125.MOV
/Users/reimurase/Google Drive/マイドライブ/練習動画/2026練習/3 29(日)/20260330_0230-北-3.8.MOV,/Users/reimurase/Google Drive/マイドライブ/練習動画/2026練習/3 29(日)/IMG_4126.MOV
/Users/reimurase/Google Drive/マイドライブ/練習動画/2026練習/3 29(日)/20260330_0231-北-3.8.MOV,/Users/reimurase/Google Drive/マイドライブ/練習動画/2026練習/3 29(日)/IMG_4127.MOV
/Users/reimurase/Google Drive/マイドライブ/練習動画/2026練習/3 29(日)/20260330_0308-北-3.8.MOV,/Users/reimurase/Google Drive/マイドライブ/練習動画/2026練習/3 29(日)/IMG_4128.MOV
/Users/reimurase/Google Drive/マイドライブ/練習動画/2026練習/3 29(日)/20260330_0308-北-3.8.MOV,/Users/reimurase/Google Drive/マイドライブ/練習動画/2026練習/3 29(日)/IMG_4129.MOV
/Users/reimurase/Google Drive/マイドライブ/練習動画/2026練習/3 29(日)/20260330_0308-北-3.8.MOV,/Users/reimurase/Google Drive/マイドライブ/練習動画/2026練習/3 29(日)/IMG_4130.MOV
/Users/reimurase/Google Drive/マイドライブ/練習動画/2026練習/3 29(日)/20260330_0309-北-3.8.MOV,/Users/reimurase/Google Drive/マイドライブ/練習動画/2026練習/3 29(日)/IMG_4131.MOV
/Users/reimurase/Google Drive/マイドライブ/練習動画/2026練習/3 29(日)/20260330_0308-北-3.8.MOV,/Users/reimurase/Google Drive/マイドライブ/練習動画/2026練習/3 29(日)/IMG_4132.MOV
/Users/reimurase/Google Drive/マイドライブ/練習動画/2026練習/3 29(日)/20260330_0231-北-3.8.MOV,/Users/reimurase/Google Drive/マイドライブ/練習動画/2026練習/3 29(日)/IMG_4133.MOV
/Users/reimurase/Google Drive/マイドライブ/練習動画/2026練習/3 29(日)/20260330_0231-北-3.8.MOV,/Users/reimurase/Google Drive/マイドライブ/練習動画/2026練習/3 29(日)/IMG_4134.MOV
/Users/reimurase/Google Drive/マイドライブ/練習動画/2026練習/3 29(日)/20260330_0308-北-3.8.MOV,/Users/reimurase/Google Drive/マイドライブ/練習動画/2026練習/3 29(日)/IMG_4135.MOV
/Users/reimurase/Google Drive/マイドライブ/練習動画/2026練習/3 29(日)/20260330_0308-北-3.8.MOV,/Users/reimurase/Google Drive/マイドライブ/練習動画/2026練習/3 29(日)/IMG_4136.MOV
/Users/reimurase/Google Drive/マイドライブ/練習動画/2026練習/3 29(日)/20260330_0230-北-3.8.MOV,/Users/reimurase/Google Drive/マイドライブ/練習動画/2026練習/3 29(日)/IMG_4138.MOV
/Users/reimurase/Google Drive/マイドライブ/練習動画/2026練習/3 29(日)/20260330_0230-北-3.8.MOV,/Users/reimurase/Google Drive/マイドライブ/練習動画/2026練習/3 29(日)/IMG_4139.MOV
/Users/reimurase/Google Drive/マイドライブ/練習動画/2026練習/3 29(日)/20260330_0232-北-3.8.MOV,/Users/reimurase/Google Drive/マイドライブ/練習動画/2026練習/3 29(日)/IMG_4140.MOV
/Users/reimurase/Google Drive/マイドライブ/練習動画/2026練習/3 29(日)/20260330_0230-北-3.8.MOV,/Users/reimurase/Google Drive/マイドライブ/練習動画/2026練習/3 29(日)/IMG_4142.MOV
/Users/reimurase/Google Drive/マイドライブ/練習動画/2026練習/3 29(日)/20260330_0309-北-3.8.MOV,/Users/reimurase/Google Drive/マイドライブ/練習動画/2026練習/3 29(日)/IMG_4143.MOV
/Users/reimurase/Google Drive/マイドライブ/練習動画/2026練習/3 29(日)/20260330_0231-北-3.8.MOV,/Users/reimurase/Google Drive/マイドライブ/練習動画/2026練習/3 29(日)/IMG_4144.MOV
/Users/reimurase/Google Drive/マイドライブ/練習動画/2026練習/3 29(日)/20260330_0309-北-3.8.MOV,/Users/reimurase/Google Drive/マイドライブ/練習動画/2026練習/3 29(日)/IMG_4145.MOV
/Users/reimurase/Google Drive/マイドライブ/練習動画/2026練習/3 29(日)/20260330_0231-北-3.8.MOV,/Users/reimurase/Google Drive/マイドライブ/練習動画/2026練習/3 29(日)/IMG_4146.MOV
/Users/reimurase/Google Drive/マイドライブ/練習動画/2026練習/3 29(日)/20260330_0230-北-3.8.MOV,/Users/reimurase/Google Drive/マイドライブ/練習動画/2026練習/3 29(日)/IMG_4147.MOV
/Users/reimurase/Google Drive/マイドライブ/練習動画/2026練習/3 29(日)/20260330_0309-北-3.8.MOV,/Users/reimurase/Google Drive/マイドライブ/練習動画/2026練習/3 29(日)/IMG_4148.MOV
/Users/reimurase/Google Drive/マイドライブ/練習動画/2026練習/3 29(日)/20260330_0232-北-3.8.MOV,/Users/reimurase/Google Drive/マイドライブ/練習動画/2026練習/3 29(日)/IMG_4149.MOV
/Users/reimurase/Google Drive/マイドライブ/練習動画/2026練習/3 29(日)/20260330_0229-北-3.2.MOV,/Users/reimurase/Google Drive/マイドライブ/練習動画/2026練習/3 29(日)/IMG_4150.MOV
/Users/reimurase/Google Drive/マイドライブ/練習動画/2026練習/3 29(日)/20260330_0230-北-3.8.MOV,/Users/reimurase/Google Drive/マイドライブ/練習動画/2026練習/3 29(日)/IMG_4151.MOV
/Users/reimurase/Google Drive/マイドライブ/練習動画/2026練習/3 29(日)/20260330_0308-北-3.8.MOV,/Users/reimurase/Google Drive/マイドライブ/練習動画/2026練習/3 29(日)/IMG_4152.MOV
/Users/reimurase/Google Drive/マイドライブ/練習動画/2026練習/3 29(日)/20260330_0309-北-3.8.MOV,/Users/reimurase/Google Drive/マイドライブ/練習動画/2026練習/3 29(日)/IMG_4153.MOV
/Users/reimurase/Google Drive/マイドライブ/練習動画/2026練習/3 29(日)/20260330_0230-北-3.8.MOV,/Users/reimurase/Google Drive/マイドライブ/練習動画/2026練習/3 29(日)/IMG_4154.MOV
/Users/reimurase/Google Drive/マイドライブ/練習動画/2026練習/3 29(日)/20260330_0231-北-3.8.MOV,/Users/reimurase/Google Drive/マイドライブ/練習動画/2026練習/3 29(日)/IMG_4155.MOV
/Users/reimurase/Google Drive/マイドライブ/練習動画/2026練習/3 29(日)/20260330_0231-北-3.8.MOV,/Users/reimurase/Google Drive/マイドライブ/練習動画/2026練習/3 29(日)/IMG_4156.MOV
/Users/reimurase/Google Drive/マイドライブ/練習動画/2026練習/3 29(日)/20260330_0232-北-3.8.MOV,/Users/reimurase/Google Drive/マイドライブ/練習動画/2026練習/3 29(日)/IMG_4158.MOV
/Users/reimurase/Google Drive/マイドライブ/練習動画/2026練習/3 29(日)/20260330_0230-北-3.8.MOV,/Users/reimurase/Google Drive/マイドライブ/練習動画/2026練習/3 29(日)/IMG_4159.MOV
/Users/reimurase/Google Drive/マイドライブ/練習動画/2026練習/3 29(日)/20260330_0231-北-3.8.MOV,/Users/reimurase/Google Drive/マイドライブ/練習動画/2026練習/3 29(日)/IMG_4160.MOV
/Users/reimurase/Google Drive/マイドライブ/練習動画/2026練習/3 29(日)/20260330_0308-北-3.8.MOV,/Users/reimurase/Google Drive/マイドライブ/練習動画/2026練習/3 29(日)/IMG_4161.MOV
/Users/reimurase/Google Drive/マイドライブ/練習動画/2026練習/3 29(日)/20260330_0231-北-3.8.MOV,/Users/reimurase/Google Drive/マイドライブ/練習動画/2026練習/3 29(日)/IMG_4162.MOV
/Users/reimurase/Google Drive/マイドライブ/練習動画/2026練習/3 29(日)/20260330_0231-北-3.8.MOV,/Users/reimurase/Google Drive/マイドライブ/練習動画/2026練習/3 29(日)/IMG_4163.MOV
/Users/reimurase/Google Drive/マイドライブ/練習動画/2026練習/3 29(日)/20260330_0231-北-3.8.MOV,/Users/reimurase/Google Drive/マイドライブ/練習動画/2026練習/3 29(日)/IMG_4164.MOV
/Users/reimurase/Google Drive/マイドライブ/練習動画/2026練習/3 29(日)/20260330_0230-北-3.8.MOV,/Users/reimurase/Google Drive/マイドライブ/練習動画/2026練習/3 29(日)/IMG_4165.MOV
/Users/reimurase/Google Drive/マイドライブ/練習動画/2026練習/3 29(日)/20260330_0231-北-3.8.MOV,/Users/reimurase/Google Drive/マイドライブ/練習動画/2026練習/3 29(日)/IMG_4166.MOV
/Users/reimurase/Google Drive/マイドライブ/練習動画/2026練習/3 29(日)/20260330_0308-北-3.8.MOV,/Users/reimurase/Google Drive/マイドライブ/練習動画/2026練習/3 29(日)/IMG_4167.MOV
/Users/reimurase/Google Drive/マイドライブ/練習動画/2026練習/3 29(日)/20260330_0309-北-3.8.MOV,/Users/reimurase/Google Drive/マイドライブ/練習動画/2026練習/3 29(日)/IMG_4168.MOV
/Users/reimurase/Google Drive/マイドライブ/練習動画/2026練習/3 29(日)/20260330_0231-北-3.8.MOV,/Users/reimurase/Google Drive/マイドライブ/練習動画/2026練習/3 29(日)/IMG_4169.MOV
/Users/reimurase/Google Drive/マイドライブ/練習動画/2026練習/3 29(日)/20260330_0309-北-3.8.MOV,/Users/reimurase/Google Drive/マイドライブ/練習動画/2026練習/3 29(日)/IMG_4170.MOV
/Users/reimurase/Google Drive/マイドライブ/練習動画/2026練習/3 29(日)/20260330_0230-北-3.8.MOV,/Users/reimurase/Google Drive/マイドライブ/練習動画/2026練習/3 29(日)/IMG_4171.MOV
/Users/reimurase/Google Drive/マイドライブ/練習動画/2026練習/3 5(木)/20260306_1539-南南東-0.9.MOV,/Users/reimurase/Google Drive/マイドライブ/練習動画/2026練習/3 5(木)/IMG_6599.MOV
/Users/reimurase/Google Drive/マイドライブ/練習動画/2026練習/3 5(木)/20260306_1540-南南東-0.9.MOV,/Users/reimurase/Google Drive/マイドライブ/練習動画/2026練習/3 5(木)/IMG_6600.MOV
/Users/reimurase/Google Drive/マイドライブ/練習動画/2026練習/3 5(木)/20260306_1540-南南東-0.9.MOV,/Users/reimurase/Google Drive/マイドライブ/練習動画/2026練習/3 5(木)/IMG_6601.MOV
/Users/reimurase/Google Drive/マイドライブ/練習動画/2026練習/3 5(木)/20260306_1540-南南東-0.9.MOV,/Users/reimurase/Google Drive/マイドライブ/練習動画/2026練習/3 5(木)/IMG_6602.MOV
/Users/reimurase/Google Drive/マイドライブ/練習動画/2026練習/3 5(木)/20260306_1541-南南東-0.9.MOV,/Users/reimurase/Google Drive/マイドライブ/練習動画/2026練習/3 5(木)/IMG_6603.MOV
/Users/reimurase/Google Drive/マイドライブ/練習動画/2026練習/3 5(木)/20260306_1540-南南東-0.9.MOV,/Users/reimurase/Google Drive/マイドライブ/練習動画/2026練習/3 5(木)/IMG_6605.MOV
/Users/reimurase/Google Drive/マイドライブ/練習動画/2026練習/3 5(木)/20260306_1541-南南東-0.9.MOV,/Users/reimurase/Google Drive/マイドライブ/練習動画/2026練習/3 5(木)/IMG_6606.MOV
/Users/reimurase/Google Drive/マイドライブ/練習動画/2026練習/3 5(木)/20260306_1539-南南東-0.9.MOV,/Users/reimurase/Google Drive/マイドライブ/練習動画/2026練習/3 5(木)/IMG_6607.MOV
/Users/reimurase/Google Drive/マイドライブ/練習動画/2026練習/3 7（土）/20260307_1115-北東-2.2.MOV,/Users/reimurase/Google Drive/マイドライブ/練習動画/2026練習/3 7（土）/IMG_7097.MOV
/Users/reimurase/Google Drive/マイドライブ/練習動画/2026練習/3 7（土）/20260307_0852-北北東-3.9.MOV,/Users/reimurase/Google Drive/マイドライブ/練習動画/2026練習/3 7（土）/IMG_7124.MOV
/Users/reimurase/Google Drive/マイドライブ/練習動画/2026練習/3 7（土）/20260307_1113-北東-2.2.MOV,/Users/reimurase/Google Drive/マイドライブ/練習動画/2026練習/3 7（土）/IMG_7148.MOV
/Users/reimurase/Google Drive/マイドライブ/練習動画/2026練習/3 7（土）/20260307_1114-北東-2.2.MOV,/Users/reimurase/Google Drive/マイドライブ/練習動画/2026練習/3 7（土）/IMG_7169.MOV
/Users/reimurase/Google Drive/マイドライブ/練習動画/2026練習/3 7（土）/20260307_0852-北北東-3.9.MOV,/Users/reimurase/Google Drive/マイドライブ/練習動画/2026練習/3 7（土）/IMG_7171.MOV
/Users/reimurase/Google Drive/マイドライブ/練習動画/2026練習/3 7（土）/20260307_0852-北北東-3.9.MOV,/Users/reimurase/Google Drive/マイドライブ/練習動画/2026練習/3 7（土）/IMG_7175.MOV
/Users/reimurase/Google Drive/マイドライブ/練習動画/2026練習/3 7（土）/20260307_0852-北北東-3.9.MOV,/Users/reimurase/Google Drive/マイドライブ/練習動画/2026練習/3 7（土）/IMG_7176.MOV
/Users/reimurase/Google Drive/マイドライブ/練習動画/2026練習/3 7（土）/20260307_0852-北北東-3.9.MOV,/Users/reimurase/Google Drive/マイドライブ/練習動画/2026練習/3 7（土）/IMG_7179.MOV
/Users/reimurase/Google Drive/マイドライブ/練習動画/2026練習/3 7（土）/20260307_0857-北北東-3.9.MOV,/Users/reimurase/Google Drive/マイドライブ/練習動画/2026練習/3 7（土）/IMG_7180.MOV
/Users/reimurase/Google Drive/マイドライブ/練習動画/2026練習/3 7（土）/20260307_0852-北北東-3.9.MOV,/Users/reimurase/Google Drive/マイドライブ/練習動画/2026練習/3 7（土）/IMG_7181.MOV
/Users/reimurase/Google Drive/マイドライブ/練習動画/2026練習/3 7（土）/20260307_0852-北北東-3.9.MOV,/Users/reimurase/Google Drive/マイドライブ/練習動画/2026練習/3 7（土）/IMG_7182.MOV
/Users/reimurase/Google Drive/マイドライブ/練習動画/2026練習/3 7（土）/20260307_0852-北北東-3.9.MOV,/Users/reimurase/Google Drive/マイドライブ/練習動画/2026練習/3 7（土）/IMG_7183.MOV
/Users/reimurase/Google Drive/マイドライブ/練習動画/2026練習/3 7（土）/20260307_0852-北北東-3.9.MOV,/Users/reimurase/Google Drive/マイドライブ/練習動画/2026練習/3 7（土）/IMG_7184.MOV
/Users/reimurase/Google Drive/マイドライブ/練習動画/2026練習/3 7（土）/20260307_0857-北北東-3.9.MOV,/Users/reimurase/Google Drive/マイドライブ/練習動画/2026練習/3 7（土）/IMG_7185.MOV
/Users/reimurase/Google Drive/マイドライブ/練習動画/2026練習/3 7（土）/20260307_0855-北北東-3.9.MOV,/Users/reimurase/Google Drive/マイドライブ/練習動画/2026練習/3 7（土）/IMG_7187.MOV
/Users/reimurase/Google Drive/マイドライブ/練習動画/2026練習/3 7（土）/20260307_0855-北北東-3.9.MOV,/Users/reimurase/Google Drive/マイドライブ/練習動画/2026練習/3 7（土）/IMG_7188.MOV
/Users/reimurase/Google Drive/マイドライブ/練習動画/2026練習/3 7（土）/20260307_0854-北北東-3.9.MOV,/Users/reimurase/Google Drive/マイドライブ/練習動画/2026練習/3 7（土）/IMG_7189.MOV
/Users/reimurase/Google Drive/マイドライブ/練習動画/2026練習/3 7（土）/20260307_0856-北北東-3.9.MOV,/Users/reimurase/Google Drive/マイドライブ/練習動画/2026練習/3 7（土）/IMG_7190 (1).MOV
/Users/reimurase/Google Drive/マイドライブ/練習動画/2026練習/3 7（土）/20260307_0856-北北東-3.9.MOV,/Users/reimurase/Google Drive/マイドライブ/練習動画/2026練習/3 7（土）/IMG_7190.MOV
/Users/reimurase/Google Drive/マイドライブ/練習動画/2026練習/3 7（土）/20260307_0857-北北東-3.9.MOV,/Users/reimurase/Google Drive/マイドライブ/練習動画/2026練習/3 7（土）/IMG_7191.MOV
/Users/reimurase/Google Drive/マイドライブ/練習動画/2026練習/3 7（土）/20260307_0856-北北東-3.9.MOV,/Users/reimurase/Google Drive/マイドライブ/練習動画/2026練習/3 7（土）/IMG_7192.MOV
/Users/reimurase/Google Drive/マイドライブ/練習動画/2026練習/3 7（土）/20260307_0854-北北東-3.9.MOV,/Users/reimurase/Google Drive/マイドライブ/練習動画/2026練習/3 7（土）/IMG_7206.MOV
/Users/reimurase/Google Drive/マイドライブ/練習動画/2026練習/3 7（土）/20260307_1113-北東-2.2.MOV,/Users/reimurase/Google Drive/マイドライブ/練習動画/2026練習/3 7（土）/IMG_7224.MOV
/Users/reimurase/Google Drive/マイドライブ/練習動画/2026練習/3 7（土）/20260307_0853-北北東-3.9.MOV,/Users/reimurase/Google Drive/マイドライブ/練習動画/2026練習/3 7（土）/IMG_7226.MOV
/Users/reimurase/Google Drive/マイドライブ/練習動画/2026練習/3 7（土）/20260307_1111-北東-2.2.MOV,/Users/reimurase/Google Drive/マイドライブ/練習動画/2026練習/3 7（土）/IMG_7227.MOV
/Users/reimurase/Google Drive/マイドライブ/練習動画/2026練習/3 8(日)/20260308_1127-北東-2.8.MOV,/Users/reimurase/Google Drive/マイドライブ/練習動画/2026練習/3 8(日)/IMG_5503.MOV
/Users/reimurase/Google Drive/マイドライブ/練習動画/2026練習/3 8(日)/20260308_1132-東北東-3.6.MOV,/Users/reimurase/Google Drive/マイドライブ/練習動画/2026練習/3 8(日)/IMG_5504.MOV
/Users/reimurase/Google Drive/マイドライブ/練習動画/2026練習/3 8(日)/20260308_1134-東北東-3.6.MOV,/Users/reimurase/Google Drive/マイドライブ/練習動画/2026練習/3 8(日)/IMG_5505.MOV
/Users/reimurase/Google Drive/マイドライブ/練習動画/2026練習/3 8(日)/20260308_1129-北東-2.8.MOV,/Users/reimurase/Google Drive/マイドライブ/練習動画/2026練習/3 8(日)/IMG_5506.MOV
/Users/reimurase/Google Drive/マイドライブ/練習動画/2026練習/3 8(日)/20260308_1125-北東-2.8.MOV,/Users/reimurase/Google Drive/マイドライブ/練習動画/2026練習/3 8(日)/IMG_5507.MOV
/Users/reimurase/Google Drive/マイドライブ/練習動画/2026練習/4 12(日)/20260525_1428-南西-2.1.MOV,/Users/reimurase/Google Drive/マイドライブ/練習動画/2026練習/4 12(日)/IMG_3191.MOV
/Users/reimurase/Google Drive/マイドライブ/練習動画/2026練習/4 12(日)/20260525_1420-南西-2.1.MOV,/Users/reimurase/Google Drive/マイドライブ/練習動画/2026練習/4 12(日)/IMG_3192.MOV
/Users/reimurase/Google Drive/マイドライブ/練習動画/2026練習/4 12(日)/20260525_1425-南西-2.1.MOV,/Users/reimurase/Google Drive/マイドライブ/練習動画/2026練習/4 12(日)/IMG_3193.MOV
/Users/reimurase/Google Drive/マイドライブ/練習動画/2026練習/4 12(日)/20260525_1421-南西-2.1.MOV,/Users/reimurase/Google Drive/マイドライブ/練習動画/2026練習/4 12(日)/IMG_3194.MOV
/Users/reimurase/Google Drive/マイドライブ/練習動画/2026練習/4 12(日)/20260525_1424-南西-2.1.MOV,/Users/reimurase/Google Drive/マイドライブ/練習動画/2026練習/4 12(日)/IMG_3195.MOV
/Users/reimurase/Google Drive/マイドライブ/練習動画/2026練習/4 12(日)/20260525_1421-南西-2.1.MOV,/Users/reimurase/Google Drive/マイドライブ/練習動画/2026練習/4 12(日)/IMG_3196.MOV
/Users/reimurase/Google Drive/マイドライブ/練習動画/2026練習/4 12(日)/20260525_1426-南西-2.1.MOV,/Users/reimurase/Google Drive/マイドライブ/練習動画/2026練習/4 12(日)/IMG_3197.MOV
/Users/reimurase/Google Drive/マイドライブ/練習動画/2026練習/4 12(日)/20260525_1423-南西-2.1.MOV,/Users/reimurase/Google Drive/マイドライブ/練習動画/2026練習/4 12(日)/IMG_3198.MOV
/Users/reimurase/Google Drive/マイドライブ/練習動画/2026練習/4 12(日)/20260525_1421-南西-2.1.MOV,/Users/reimurase/Google Drive/マイドライブ/練習動画/2026練習/4 12(日)/IMG_3199.MOV
/Users/reimurase/Google Drive/マイドライブ/練習動画/2026練習/4 12(日)/20260525_1427-南西-2.1.MOV,/Users/reimurase/Google Drive/マイドライブ/練習動画/2026練習/4 12(日)/IMG_3200.MOV
/Users/reimurase/Google Drive/マイドライブ/練習動画/2026練習/4 12(日)/20260525_1420-南西-2.1.MOV,/Users/reimurase/Google Drive/マイドライブ/練習動画/2026練習/4 12(日)/IMG_3201.MOV
/Users/reimurase/Google Drive/マイドライブ/練習動画/2026練習/4 12(日)/20260525_1422-南西-2.1.MOV,/Users/reimurase/Google Drive/マイドライブ/練習動画/2026練習/4 12(日)/IMG_3202.MOV
/Users/reimurase/Google Drive/マイドライブ/練習動画/2026練習/4 12(日)/20260525_1422-南西-2.1.MOV,/Users/reimurase/Google Drive/マイドライブ/練習動画/2026練習/4 12(日)/IMG_3203.MOV
/Users/reimurase/Google Drive/マイドライブ/練習動画/2026練習/4 12(日)/20260525_1429-南西-2.1.MOV,/Users/reimurase/Google Drive/マイドライブ/練習動画/2026練習/4 12(日)/IMG_3204.MOV
/Users/reimurase/Google Drive/マイドライブ/練習動画/2026練習/4 12(日)/20260525_1420-南西-2.1.MOV,/Users/reimurase/Google Drive/マイドライブ/練習動画/2026練習/4 12(日)/IMG_3205.MOV
/Users/reimurase/Google Drive/マイドライブ/練習動画/2026練習/4 26(日)/20260426_1119-南南西-2.7.MOV,/Users/reimurase/Google Drive/マイドライブ/練習動画/2026練習/4 26(日)/IMG_6283.MOV
/Users/reimurase/Google Drive/マイドライブ/練習動画/2026練習/4 26(日)/20260426_1120-南南西-2.7.MOV,/Users/reimurase/Google Drive/マイドライブ/練習動画/2026練習/4 26(日)/IMG_6284.MOV
/Users/reimurase/Google Drive/マイドライブ/練習動画/2026練習/4 26(日)/20260426_0934-南-2.6.MOV,/Users/reimurase/Google Drive/マイドライブ/練習動画/2026練習/4 26(日)/IMG_6286.MOV
/Users/reimurase/Google Drive/マイドライブ/練習動画/2026練習/4 26(日)/20260427_0531-北北西-5.9.MOV,/Users/reimurase/Google Drive/マイドライブ/練習動画/2026練習/4 26(日)/IMG_6287.MOV
/Users/reimurase/Google Drive/マイドライブ/練習動画/2026練習/4 26(日)/20260427_0532-北北西-5.9.MOV,/Users/reimurase/Google Drive/マイドライブ/練習動画/2026練習/4 26(日)/IMG_6288.MOV
/Users/reimurase/Google Drive/マイドライブ/練習動画/2026練習/4 26(日)/20260426_0914-北北東-1.8.MOV,/Users/reimurase/Google Drive/マイドライブ/練習動画/2026練習/4 26(日)/IMG_6289.MOV
/Users/reimurase/Google Drive/マイドライブ/練習動画/2026練習/4 26(日)/20260427_0532-北北西-5.9.MOV,/Users/reimurase/Google Drive/マイドライブ/練習動画/2026練習/4 26(日)/IMG_6292.MOV
/Users/reimurase/Google Drive/マイドライブ/練習動画/2026練習/4 26(日)/20260427_0532-北北西-5.9.MOV,/Users/reimurase/Google Drive/マイドライブ/練習動画/2026練習/4 26(日)/IMG_6293.MOV
/Users/reimurase/Google Drive/マイドライブ/練習動画/2026練習/4 26(日)/20260426_0935-南-2.6.MOV,/Users/reimurase/Google Drive/マイドライブ/練習動画/2026練習/4 26(日)/IMG_6294.MOV
/Users/reimurase/Google Drive/マイドライブ/練習動画/2026練習/4 26(日)/20260426_0916-北北東-1.8.MOV,/Users/reimurase/Google Drive/マイドライブ/練習動画/2026練習/4 26(日)/IMG_6295.MOV
/Users/reimurase/Google Drive/マイドライブ/練習動画/2026練習/4 26(日)/20260426_0915-北北東-1.8.MOV,/Users/reimurase/Google Drive/マイドライブ/練習動画/2026練習/4 26(日)/IMG_6296.MOV
/Users/reimurase/Google Drive/マイドライブ/練習動画/2026練習/4 26(日)/20260427_0532-北北西-5.9.MOV,/Users/reimurase/Google Drive/マイドライブ/練習動画/2026練習/4 26(日)/IMG_6297.MOV
/Users/reimurase/Google Drive/マイドライブ/練習動画/2026練習/4 26(日)/20260427_0531-北北西-5.9.MOV,/Users/reimurase/Google Drive/マイドライブ/練習動画/2026練習/4 26(日)/IMG_6298.MOV
/Users/reimurase/Google Drive/マイドライブ/練習動画/2026練習/4 26(日)/20260427_0531-北北西-5.9.MOV,/Users/reimurase/Google Drive/マイドライブ/練習動画/2026練習/4 26(日)/IMG_6299.MOV
/Users/reimurase/Google Drive/マイドライブ/練習動画/2026練習/4 26(日)/20260426_0915-北北東-1.8.MOV,/Users/reimurase/Google Drive/マイドライブ/練習動画/2026練習/4 26(日)/IMG_6301.MOV
/Users/reimurase/Google Drive/マイドライブ/練習動画/2026練習/4 26(日)/20260426_0915-北北東-1.8.MOV,/Users/reimurase/Google Drive/マイドライブ/練習動画/2026練習/4 26(日)/IMG_6303.MOV
/Users/reimurase/Google Drive/マイドライブ/練習動画/2026練習/4 26(日)/20260426_0910-北北東-1.8.MOV,/Users/reimurase/Google Drive/マイドライブ/練習動画/2026練習/4 26(日)/IMG_6304.MOV
/Users/reimurase/Google Drive/マイドライブ/練習動画/2026練習/5 16(土)/20260516_0939-南-3.0.mp4,/Users/reimurase/Google Drive/マイドライブ/練習動画/2026練習/5 16(土)/PXL_20260516_003951555.mp4
/Users/reimurase/Google Drive/マイドライブ/練習動画/2026練習/5 16(土)/20260516_0942-南-3.0.mp4,/Users/reimurase/Google Drive/マイドライブ/練習動画/2026練習/5 16(土)/PXL_20260516_004215088.mp4
/Users/reimurase/Google Drive/マイドライブ/練習動画/2026練習/5 16(土)/20260516_0944-南-3.0.mp4,/Users/reimurase/Google Drive/マイドライブ/練習動画/2026練習/5 16(土)/PXL_20260516_004405237.mp4
/Users/reimurase/Google Drive/マイドライブ/練習動画/2026練習/5 16(土)/20260516_0946-南-3.0.mp4,/Users/reimurase/Google Drive/マイドライブ/練習動画/2026練習/5 16(土)/PXL_20260516_004629534.mp4
/Users/reimurase/Google Drive/マイドライブ/練習動画/2026練習/5 16(土)/20260516_0947-南-3.0.mp4,/Users/reimurase/Google Drive/マイドライブ/練習動画/2026練習/5 16(土)/PXL_20260516_004709301.mp4
/Users/reimurase/Google Drive/マイドライブ/練習動画/2026練習/5 16(土)/20260516_0948-南-3.0.mp4,/Users/reimurase/Google Drive/マイドライブ/練習動画/2026練習/5 16(土)/PXL_20260516_004853078.mp4
/Users/reimurase/Google Drive/マイドライブ/練習動画/2026練習/5 16(土)/20260516_1409-南南西-4.1.mp4,/Users/reimurase/Google Drive/マイドライブ/練習動画/2026練習/5 16(土)/PXL_20260516_050927295.mp4
/Users/reimurase/Google Drive/マイドライブ/練習動画/2026練習/5 16(土)/20260516_1410-南南西-4.1.mp4,/Users/reimurase/Google Drive/マイドライブ/練習動画/2026練習/5 16(土)/PXL_20260516_051049852.mp4
/Users/reimurase/Google Drive/マイドライブ/練習動画/2026練習/5 16(土)/20260516_1412-南南西-4.1.mp4,/Users/reimurase/Google Drive/マイドライブ/練習動画/2026練習/5 16(土)/PXL_20260516_051207986.mp4
/Users/reimurase/Google Drive/マイドライブ/練習動画/2026練習/5 16(土)/20260516_1414-南南西-4.1.mp4,/Users/reimurase/Google Drive/マイドライブ/練習動画/2026練習/5 16(土)/PXL_20260516_051413800.mp4
/Users/reimurase/Google Drive/マイドライブ/練習動画/2026練習/5 16(土)/20260516_1430-南南西-4.5.mp4,/Users/reimurase/Google Drive/マイドライブ/練習動画/2026練習/5 16(土)/PXL_20260516_053040676.mp4
/Users/reimurase/Google Drive/マイドライブ/練習動画/2026練習/5 16(土)/20260516_1441-南南西-4.5.mp4,/Users/reimurase/Google Drive/マイドライブ/練習動画/2026練習/5 16(土)/PXL_20260516_054107144.mp4
/Users/reimurase/Google Drive/マイドライブ/練習動画/2026練習/5 23(土)/20260525_0539-北北東-2.2.MOV,/Users/reimurase/Google Drive/マイドライブ/練習動画/2026練習/5 23(土)/IMG_3408.MOV
/Users/reimurase/Google Drive/マイドライブ/練習動画/2026練習/5 23(土)/20260525_0539-北北東-2.2.MOV,/Users/reimurase/Google Drive/マイドライブ/練習動画/2026練習/5 23(土)/IMG_3409.MOV
/Users/reimurase/Google Drive/マイドライブ/練習動画/2026練習/5 23(土)/20260523_1533-北東-3.5.MOV,/Users/reimurase/Google Drive/マイドライブ/練習動画/2026練習/5 23(土)/IMG_3410.MOV
/Users/reimurase/Google Drive/マイドライブ/練習動画/2026練習/5 23(土)/20260525_0538-北北東-2.2.MOV,/Users/reimurase/Google Drive/マイドライブ/練習動画/2026練習/5 23(土)/IMG_3411.MOV
/Users/reimurase/Google Drive/マイドライブ/練習動画/2026練習/5 23(土)/20260523_1540-北東-3.5.MOV,/Users/reimurase/Google Drive/マイドライブ/練習動画/2026練習/5 23(土)/IMG_3413.MOV
/Users/reimurase/Google Drive/マイドライブ/練習動画/2026練習/5 23(土)/20260525_0451-北北東-1.2.MOV,/Users/reimurase/Google Drive/マイドライブ/練習動画/2026練習/5 23(土)/IMG_3414.MOV
/Users/reimurase/Google Drive/マイドライブ/練習動画/2026練習/5 23(土)/20260525_0539-北北東-2.2.MOV,/Users/reimurase/Google Drive/マイドライブ/練習動画/2026練習/5 23(土)/IMG_3415.MOV
/Users/reimurase/Google Drive/マイドライブ/練習動画/2026練習/5 23(土)/20260525_0540-北北東-2.2.MOV,/Users/reimurase/Google Drive/マイドライブ/練習動画/2026練習/5 23(土)/IMG_3416.MOV
/Users/reimurase/Google Drive/マイドライブ/練習動画/2026練習/5 23(土)/20260523_1535-北東-3.5.MOV,/Users/reimurase/Google Drive/マイドライブ/練習動画/2026練習/5 23(土)/IMG_3417.MOV
/Users/reimurase/Google Drive/マイドライブ/練習動画/2026練習/5 23(土)/20260525_0541-北北東-2.2.MOV,/Users/reimurase/Google Drive/マイドライブ/練習動画/2026練習/5 23(土)/IMG_3418.MOV
/Users/reimurase/Google Drive/マイドライブ/練習動画/2026練習/5 23(土)/20260523_1533-北東-3.5.MOV,/Users/reimurase/Google Drive/マイドライブ/練習動画/2026練習/5 23(土)/IMG_3419.MOV
/Users/reimurase/Google Drive/マイドライブ/練習動画/2026練習/5 23(土)/20260525_0451-北北東-1.2.MOV,/Users/reimurase/Google Drive/マイドライブ/練習動画/2026練習/5 23(土)/IMG_3420.MOV
/Users/reimurase/Google Drive/マイドライブ/練習動画/2026練習/5 23(土)/20260523_2130-北-3.2.MOV,/Users/reimurase/Google Drive/マイドライブ/練習動画/2026練習/5 23(土)/IMG_3422.MOV
/Users/reimurase/Google Drive/マイドライブ/練習動画/2026練習/5 23(土)/20260525_0538-北北東-2.2.MOV,/Users/reimurase/Google Drive/マイドライブ/練習動画/2026練習/5 23(土)/IMG_3424.MOV
/Users/reimurase/Google Drive/マイドライブ/練習動画/2026練習/5 23(土)/20260525_0543-北北東-2.2.MOV,/Users/reimurase/Google Drive/マイドライブ/練習動画/2026練習/5 23(土)/IMG_5280.MOV
/Users/reimurase/Google Drive/マイドライブ/練習動画/2026練習/5 23(土)/20260525_0543-北北東-2.2.MOV,/Users/reimurase/Google Drive/マイドライブ/練習動画/2026練習/5 23(土)/IMG_5281.MOV
/Users/reimurase/Google Drive/マイドライブ/練習動画/2026練習/5 23(土)/20260525_0543-北北東-2.2.MOV,/Users/reimurase/Google Drive/マイドライブ/練習動画/2026練習/5 23(土)/IMG_5282.MOV
/Users/reimurase/Google Drive/マイドライブ/練習動画/2026練習/5 23(土)/20260525_0543-北北東-2.2.MOV,/Users/reimurase/Google Drive/マイドライブ/練習動画/2026練習/5 23(土)/IMG_5284.MOV
/Users/reimurase/Google Drive/マイドライブ/練習動画/2026練習/5 23(土)/20260525_0543-北北東-2.2.MOV,/Users/reimurase/Google Drive/マイドライブ/練習動画/2026練習/5 23(土)/IMG_5285.MOV
/Users/reimurase/Google Drive/マイドライブ/練習動画/2026練習/5 23(土)/20260525_0542-北北東-2.2.MOV,/Users/reimurase/Google Drive/マイドライブ/練習動画/2026練習/5 23(土)/IMG_5288.MOV
/Users/reimurase/Google Drive/マイドライブ/練習動画/2026練習/5 23(土)/20260525_0545-北北東-2.2.MOV,/Users/reimurase/Google Drive/マイドライブ/練習動画/2026練習/5 23(土)/IMG_5294.MOV
/Users/reimurase/Google Drive/マイドライブ/練習動画/2026練習/5 24(日)/20260524_1515-南南西-1.5.MOV,/Users/reimurase/Google Drive/マイドライブ/練習動画/2026練習/5 24(日)/IMG_3416.MOV
/Users/reimurase/Google Drive/マイドライブ/練習動画/2026練習/5 24(日)/20260524_1515-南南西-1.5.MOV,/Users/reimurase/Google Drive/マイドライブ/練習動画/2026練習/5 24(日)/IMG_3418.MOV
/Users/reimurase/Google Drive/マイドライブ/練習動画/2026練習/5 24(日)/20260525_0544-北北東-2.2.MOV,/Users/reimurase/Google Drive/マイドライブ/練習動画/2026練習/5 24(日)/IMG_5290.MOV
/Users/reimurase/Google Drive/マイドライブ/練習動画/2026練習/5 24(日)/20260525_0546-北北東-2.2.MOV,/Users/reimurase/Google Drive/マイドライブ/練習動画/2026練習/5 24(日)/IMG_5291.MOV
/Users/reimurase/Google Drive/マイドライブ/練習動画/2026練習/5 24(日)/20260525_0544-北北東-2.2.MOV,/Users/reimurase/Google Drive/マイドライブ/練習動画/2026練習/5 24(日)/IMG_5292.MOV
/Users/reimurase/Google Drive/マイドライブ/練習動画/2026練習/5 24(日)/20260525_0545-北北東-2.2.MOV,/Users/reimurase/Google Drive/マイドライブ/練習動画/2026練習/5 24(日)/IMG_5293.MOV
/Users/reimurase/Google Drive/マイドライブ/練習動画/2026練習/5 24(日)/20260524_1026-北北東-2.7.mp4,/Users/reimurase/Google Drive/マイドライブ/練習動画/2026練習/5 24(日)/PXL_20260524_012658042.mp4
/Users/reimurase/Google Drive/マイドライブ/練習動画/2026練習/5 30(土)/20260601_0957-南-3.8.mp4,/Users/reimurase/Google Drive/マイドライブ/練習動画/2026練習/5 30(土)/802000163.774652.mp4
/Users/reimurase/Google Drive/マイドライブ/練習動画/2026練習/5 30(土)/20260601_0957-南-3.8.mp4,/Users/reimurase/Google Drive/マイドライブ/練習動画/2026練習/5 30(土)/802000163.837366.mp4
/Users/reimurase/Google Drive/マイドライブ/練習動画/2026練習/5 30(土)/20260601_0957-南-3.8.mp4,/Users/reimurase/Google Drive/マイドライブ/練習動画/2026練習/5 30(土)/802000163.955143.mp4
/Users/reimurase/Google Drive/マイドライブ/練習動画/2026練習/5 30(土)/20260601_0957-南-3.8.mp4,/Users/reimurase/Google Drive/マイドライブ/練習動画/2026練習/5 30(土)/802000164.011045.mp4
/Users/reimurase/Google Drive/マイドライブ/練習動画/2026練習/5 30(土)/20260601_0957-南-3.8.mp4,/Users/reimurase/Google Drive/マイドライブ/練習動画/2026練習/5 30(土)/802000164.087569.mp4
/Users/reimurase/Google Drive/マイドライブ/練習動画/2026練習/5 30(土)/20260601_0957-南-3.8.mp4,/Users/reimurase/Google Drive/マイドライブ/練習動画/2026練習/5 30(土)/802000164.132079.mp4
/Users/reimurase/Google Drive/マイドライブ/練習動画/2026練習/5 30(土)/20260601_0957-南-3.8.mp4,/Users/reimurase/Google Drive/マイドライブ/練習動画/2026練習/5 30(土)/802000164.169579.mp4
/Users/reimurase/Google Drive/マイドライブ/練習動画/2026練習/5 30(土)/20260601_0957-南-3.8.mp4,/Users/reimurase/Google Drive/マイドライブ/練習動画/2026練習/5 30(土)/802000164.207016.mp4
/Users/reimurase/Google Drive/マイドライブ/練習動画/2026練習/5 30(土)/20260601_0957-南-3.8.mp4,/Users/reimurase/Google Drive/マイドライブ/練習動画/2026練習/5 30(土)/802000164.278064.mp4
/Users/reimurase/Google Drive/マイドライブ/練習動画/2026練習/5 30(土)/20260601_0957-南-3.8.mp4,/Users/reimurase/Google Drive/マイドライブ/練習動画/2026練習/5 30(土)/802000164.326500.mp4
/Users/reimurase/Google Drive/マイドライブ/練習動画/2026練習/5 30(土)/20260601_0957-南-3.8.mp4,/Users/reimurase/Google Drive/マイドライブ/練習動画/2026練習/5 30(土)/802000164.369418.mp4
/Users/reimurase/Google Drive/マイドライブ/練習動画/2026練習/5 30(土)/20260601_0929-南-2.5.MOV,/Users/reimurase/Google Drive/マイドライブ/練習動画/2026練習/5 30(土)/IMG_5333.MOV
/Users/reimurase/Google Drive/マイドライブ/練習動画/2026練習/5 30(土)/20260601_0939-南-3.8.MOV,/Users/reimurase/Google Drive/マイドライブ/練習動画/2026練習/5 30(土)/IMG_5334.MOV
/Users/reimurase/Google Drive/マイドライブ/練習動画/2026練習/5 30(土)/20260601_0943-南-3.8.MOV,/Users/reimurase/Google Drive/マイドライブ/練習動画/2026練習/5 30(土)/IMG_5335.MOV
/Users/reimurase/Google Drive/マイドライブ/練習動画/2026練習/5 30(土)/20260601_0943-南-3.8.MOV,/Users/reimurase/Google Drive/マイドライブ/練習動画/2026練習/5 30(土)/IMG_5336.MOV
/Users/reimurase/Google Drive/マイドライブ/練習動画/2026練習/5 30(土)/20260531_1507-南南西-2.2.MOV,/Users/reimurase/Google Drive/マイドライブ/練習動画/2026練習/5 30(土)/IMG_5343.MOV
/Users/reimurase/Google Drive/マイドライブ/練習動画/2026練習/5 30(土)/20260531_1507-南南西-2.2.MOV,/Users/reimurase/Google Drive/マイドライブ/練習動画/2026練習/5 30(土)/IMG_5349.MOV
/Users/reimurase/Google Drive/マイドライブ/練習動画/2026練習/5 30(土)/20260530_1031-南南西-5.4.mp4,/Users/reimurase/Google Drive/マイドライブ/練習動画/2026練習/5 30(土)/PXL_20260530_013112080.mp4
/Users/reimurase/Google Drive/マイドライブ/練習動画/2026練習/5 30(土)/20260530_1033-南南西-5.4.mp4,/Users/reimurase/Google Drive/マイドライブ/練習動画/2026練習/5 30(土)/PXL_20260530_013318628.mp4
/Users/reimurase/Google Drive/マイドライブ/練習動画/2026練習/5 30(土)/20260530_1037-南南西-5.4.mp4,/Users/reimurase/Google Drive/マイドライブ/練習動画/2026練習/5 30(土)/PXL_20260530_013729345.mp4
/Users/reimurase/Google Drive/マイドライブ/練習動画/2026練習/5 30(土)/20260530_1039-南南西-5.4.mp4,/Users/reimurase/Google Drive/マイドライブ/練習動画/2026練習/5 30(土)/PXL_20260530_013941516.mp4
/Users/reimurase/Google Drive/マイドライブ/練習動画/2026練習/5 30(土)/20260530_1040-南南西-5.4.mp4,/Users/reimurase/Google Drive/マイドライブ/練習動画/2026練習/5 30(土)/PXL_20260530_014059467.mp4
/Users/reimurase/Google Drive/マイドライブ/練習動画/2026練習/5 30(土)/20260530_1043-南南西-5.4.mp4,/Users/reimurase/Google Drive/マイドライブ/練習動画/2026練習/5 30(土)/PXL_20260530_014359279.mp4
/Users/reimurase/Google Drive/マイドライブ/練習動画/2026練習/5 30(土)/20260530_1046-南南西-5.4.mp4,/Users/reimurase/Google Drive/マイドライブ/練習動画/2026練習/5 30(土)/PXL_20260530_014627568.mp4
/Users/reimurase/Google Drive/マイドライブ/練習動画/2026練習/5 30(土)/20260530_1058-南南西-5.4.mp4,/Users/reimurase/Google Drive/マイドライブ/練習動画/2026練習/5 30(土)/PXL_20260530_015854623.mp4
/Users/reimurase/Google Drive/マイドライブ/練習動画/2026練習/5 31(日)/20260531_1510-南南西-2.2.MP4,/Users/reimurase/Google Drive/マイドライブ/練習動画/2026練習/5 31(日)/0D634983-519A-4994-96A0-B9FE8D825A81.MP4
/Users/reimurase/Google Drive/マイドライブ/練習動画/2026練習/5 31(日)/20260531_1510-南南西-2.2.MP4,/Users/reimurase/Google Drive/マイドライブ/練習動画/2026練習/5 31(日)/71B18DD5-CABD-4FDD-9EC8-6606DC337A20.MP4
/Users/reimurase/Google Drive/マイドライブ/練習動画/2026練習/5 31(日)/20260531_1510-南南西-2.2.MP4,/Users/reimurase/Google Drive/マイドライブ/練習動画/2026練習/5 31(日)/72A1DDFC-80EE-4562-8A0B-D387CD5015EB.MP4
/Users/reimurase/Google Drive/マイドライブ/練習動画/2026練習/5 31(日)/20260601_1058-南南西-4.4.mp4,/Users/reimurase/Google Drive/マイドライブ/練習動画/2026練習/5 31(日)/802000164.411452.mp4
/Users/reimurase/Google Drive/マイドライブ/練習動画/2026練習/5 31(日)/20260601_1058-南南西-4.4.mp4,/Users/reimurase/Google Drive/マイドライブ/練習動画/2026練習/5 31(日)/802004092.193482.mp4
/Users/reimurase/Google Drive/マイドライブ/練習動画/2026練習/5 31(日)/20260601_1058-南南西-4.4.mp4,/Users/reimurase/Google Drive/マイドライブ/練習動画/2026練習/5 31(日)/802004092.590496.mp4
/Users/reimurase/Google Drive/マイドライブ/練習動画/2026練習/5 31(日)/20260601_1058-南南西-4.4.mp4,/Users/reimurase/Google Drive/マイドライブ/練習動画/2026練習/5 31(日)/802004092.722608.mp4
/Users/reimurase/Google Drive/マイドライブ/練習動画/2026練習/5 31(日)/20260601_1059-南南西-4.4.mp4,/Users/reimurase/Google Drive/マイドライブ/練習動画/2026練習/5 31(日)/802004092.776726.mp4
/Users/reimurase/Google Drive/マイドライブ/練習動画/2026練習/5 31(日)/20260601_1059-南南西-4.4.mp4,/Users/reimurase/Google Drive/マイドライブ/練習動画/2026練習/5 31(日)/802004092.957323.mp4
/Users/reimurase/Google Drive/マイドライブ/練習動画/2026練習/5 31(日)/20260601_1059-南南西-4.4.mp4,/Users/reimurase/Google Drive/マイドライブ/練習動画/2026練習/5 31(日)/802004093.000424.mp4
/Users/reimurase/Google Drive/マイドライブ/練習動画/2026練習/5 31(日)/20260601_1059-南南西-4.4.mp4,/Users/reimurase/Google Drive/マイドライブ/練習動画/2026練習/5 31(日)/802004093.181348.mp4
/Users/reimurase/Google Drive/マイドライブ/練習動画/2026練習/5 31(日)/20260601_1059-南南西-4.4.mp4,/Users/reimurase/Google Drive/マイドライブ/練習動画/2026練習/5 31(日)/802004093.317719.mp4
/Users/reimurase/Google Drive/マイドライブ/練習動画/2026練習/5 31(日)/20260601_1059-南南西-4.4.mp4,/Users/reimurase/Google Drive/マイドライブ/練習動画/2026練習/5 31(日)/802004093.366666.mp4
/Users/reimurase/Google Drive/マイドライブ/練習動画/2026練習/5 31(日)/20260601_1024-南-3.8.MOV,/Users/reimurase/Google Drive/マイドライブ/練習動画/2026練習/5 31(日)/IMG_5356.MOV
/Users/reimurase/Google Drive/マイドライブ/練習動画/2026練習/5 31(日)/20260601_1024-南-3.8.MOV,/Users/reimurase/Google Drive/マイドライブ/練習動画/2026練習/5 31(日)/IMG_5358.MOV
/Users/reimurase/Google Drive/マイドライブ/練習動画/2026練習/5 31(日)/20260601_1024-南-3.8.MOV,/Users/reimurase/Google Drive/マイドライブ/練習動画/2026練習/5 31(日)/IMG_5359.MOV
/Users/reimurase/Google Drive/マイドライブ/練習動画/2026練習/5 31(日)/20260601_1027-南-3.8.MOV,/Users/reimurase/Google Drive/マイドライブ/練習動画/2026練習/5 31(日)/IMG_5363.MOV
/Users/reimurase/Google Drive/マイドライブ/練習動画/2026練習/5 31(日)/20260601_1027-南-3.8.MOV,/Users/reimurase/Google Drive/マイドライブ/練習動画/2026練習/5 31(日)/IMG_5364.MOV
/Users/reimurase/Google Drive/マイドライブ/練習動画/2026練習/5 31(日)/20260601_1028-南-3.8.MOV,/Users/reimurase/Google Drive/マイドライブ/練習動画/2026練習/5 31(日)/IMG_5365.MOV
/Users/reimurase/Google Drive/マイドライブ/練習動画/2026練習/5 31(日)/20260601_1028-南-3.8.MOV,/Users/reimurase/Google Drive/マイドライブ/練習動画/2026練習/5 31(日)/IMG_5366.MOV
/Users/reimurase/Google Drive/マイドライブ/練習動画/2026練習/5 31(日)/20260601_1027-南-3.8.MOV,/Users/reimurase/Google Drive/マイドライブ/練習動画/2026練習/5 31(日)/IMG_5370.MOV
/Users/reimurase/Google Drive/マイドライブ/練習動画/2026練習/5 31(日)/20260601_1031-南南西-4.4.MOV,/Users/reimurase/Google Drive/マイドライブ/練習動画/2026練習/5 31(日)/IMG_5371.MOV
/Users/reimurase/Google Drive/マイドライブ/練習動画/2026練習/5 31(日)/20260601_1031-南南西-4.4.MOV,/Users/reimurase/Google Drive/マイドライブ/練習動画/2026練習/5 31(日)/IMG_5374.MOV
/Users/reimurase/Google Drive/マイドライブ/練習動画/2026練習/5 31(日)/20260601_1031-南南西-4.4.MOV,/Users/reimurase/Google Drive/マイドライブ/練習動画/2026練習/5 31(日)/IMG_5375.MOV
/Users/reimurase/Google Drive/マイドライブ/練習動画/2026練習/5 31(日)/20260531_1545-南-3.0.mp4,/Users/reimurase/Google Drive/マイドライブ/練習動画/2026練習/5 31(日)/PXL_20260531_064533047.mp4
/Users/reimurase/Google Drive/マイドライブ/練習動画/2026練習/5 31(日)/20260531_1546-南-3.0.mp4,/Users/reimurase/Google Drive/マイドライブ/練習動画/2026練習/5 31(日)/PXL_20260531_064611205.mp4
/Users/reimurase/Google Drive/マイドライブ/練習動画/2026練習/5 31(日)/20260531_1547-南-3.0.mp4,/Users/reimurase/Google Drive/マイドライブ/練習動画/2026練習/5 31(日)/PXL_20260531_064741106.mp4
/Users/reimurase/Google Drive/マイドライブ/練習動画/2026練習/5 31(日)/20260531_1552-南-3.0.mp4,/Users/reimurase/Google Drive/マイドライブ/練習動画/2026練習/5 31(日)/PXL_20260531_065209841.mp4
/Users/reimurase/Google Drive/マイドライブ/練習動画/2026練習/5 31(日)/20260531_1606-南-3.0.mp4,/Users/reimurase/Google Drive/マイドライブ/練習動画/2026練習/5 31(日)/PXL_20260531_070659892.mp4
/Users/reimurase/Google Drive/マイドライブ/練習動画/2026練習/5 31(日)/20260531_1611-南-3.0.mp4,/Users/reimurase/Google Drive/マイドライブ/練習動画/2026練習/5 31(日)/PXL_20260531_071104989.mp4
/Users/reimurase/Google Drive/マイドライブ/練習動画/2026練習/5 31(日)/20260531_1619-南-3.0.mp4,/Users/reimurase/Google Drive/マイドライブ/練習動画/2026練習/5 31(日)/PXL_20260531_071935665.mp4
/Users/reimurase/Google Drive/マイドライブ/練習動画/2026練習/5 31(日)/20260531_1628-南-3.0.mp4,/Users/reimurase/Google Drive/マイドライブ/練習動画/2026練習/5 31(日)/PXL_20260531_072812238.mp4
/Users/reimurase/Google Drive/マイドライブ/練習動画/2026練習/6 13（土）/20260613_0844-南-2.5.MOV,/Users/reimurase/Google Drive/マイドライブ/練習動画/2026練習/6 13（土）/IMG_4790.MOV
/Users/reimurase/Google Drive/マイドライブ/練習動画/2026練習/6 13（土）/20260613_0852-南-2.5.MOV,/Users/reimurase/Google Drive/マイドライブ/練習動画/2026練習/6 13（土）/IMG_4791.MOV
/Users/reimurase/Google Drive/マイドライブ/練習動画/2026練習/6 13（土）/20260613_0846-南-2.5.MOV,/Users/reimurase/Google Drive/マイドライブ/練習動画/2026練習/6 13（土）/IMG_4792.MOV
/Users/reimurase/Google Drive/マイドライブ/練習動画/2026練習/6 14(日)/20260614_1601-南-2.7.mp4,/Users/reimurase/Google Drive/マイドライブ/練習動画/2026練習/6 14(日)/PXL_20260614_070100298.mp4
/Users/reimurase/Google Drive/マイドライブ/練習動画/2026練習/6 14(日)/20260614_1601-南-2.7.mp4,/Users/reimurase/Google Drive/マイドライブ/練習動画/2026練習/6 14(日)/PXL_20260614_070147858.mp4
/Users/reimurase/Google Drive/マイドライブ/練習動画/2026練習/6 15(日)/20260614_1509-南-3.9.MOV,/Users/reimurase/Google Drive/マイドライブ/練習動画/2026練習/6 15(日)/IMG_2046.MOV
/Users/reimurase/Google Drive/マイドライブ/練習動画/2026練習/6 15(日)/20260614_1510-南-3.9.MOV,/Users/reimurase/Google Drive/マイドライブ/練習動画/2026練習/6 15(日)/IMG_2047.MOV
/Users/reimurase/Google Drive/マイドライブ/練習動画/2026練習/6 15(日)/20260614_1510-南-3.9.MOV,/Users/reimurase/Google Drive/マイドライブ/練習動画/2026練習/6 15(日)/IMG_2048.MOV
/Users/reimurase/Google Drive/マイドライブ/練習動画/2026練習/6 15(日)/20260614_1510-南-3.9.MOV,/Users/reimurase/Google Drive/マイドライブ/練習動画/2026練習/6 15(日)/IMG_2049.MOV
/Users/reimurase/Google Drive/マイドライブ/練習動画/2026練習/6 15(日)/20260614_1510-南-3.9.MOV,/Users/reimurase/Google Drive/マイドライブ/練習動画/2026練習/6 15(日)/IMG_2050.MOV
/Users/reimurase/Google Drive/マイドライブ/練習動画/2026練習/6 15(日)/20260614_1512-南-3.9.MOV,/Users/reimurase/Google Drive/マイドライブ/練習動画/2026練習/6 15(日)/IMG_2051.MOV
/Users/reimurase/Google Drive/マイドライブ/練習動画/2026練習/6 15(日)/20260614_1512-南-3.9.MOV,/Users/reimurase/Google Drive/マイドライブ/練習動画/2026練習/6 15(日)/IMG_2052.MOV
/Users/reimurase/Google Drive/マイドライブ/練習動画/2026練習/6 15(日)/20260614_1510-南-3.9.MOV,/Users/reimurase/Google Drive/マイドライブ/練習動画/2026練習/6 15(日)/IMG_2053.MOV
/Users/reimurase/Google Drive/マイドライブ/練習動画/2026練習/6 15(日)/20260614_1513-南-3.9.MOV,/Users/reimurase/Google Drive/マイドライブ/練習動画/2026練習/6 15(日)/IMG_2054.MOV
/Users/reimurase/Google Drive/マイドライブ/練習動画/2026練習/6 15(日)/20260614_1512-南-3.9.MOV,/Users/reimurase/Google Drive/マイドライブ/練習動画/2026練習/6 15(日)/IMG_2055.MOV
/Users/reimurase/Google Drive/マイドライブ/練習動画/2026練習/6 6(土)/20260606_1002-北東-3.0.MOV,/Users/reimurase/Google Drive/マイドライブ/練習動画/2026練習/6 6(土)/IMG_6777.MOV
/Users/reimurase/Google Drive/マイドライブ/練習動画/2026練習/6 6(土)/20260606_1004-北東-3.0.MOV,/Users/reimurase/Google Drive/マイドライブ/練習動画/2026練習/6 6(土)/IMG_6778.MOV
/Users/reimurase/Google Drive/マイドライブ/練習動画/2026練習/6 6(土)/20260606_0947-北東-3.0.MOV,/Users/reimurase/Google Drive/マイドライブ/練習動画/2026練習/6 6(土)/IMG_6780.MOV
/Users/reimurase/Google Drive/マイドライブ/練習動画/2026練習/6 6(土)/20260606_0953-北東-3.0.MOV,/Users/reimurase/Google Drive/マイドライブ/練習動画/2026練習/6 6(土)/IMG_6781.MOV
/Users/reimurase/Google Drive/マイドライブ/練習動画/2026練習/6 6(土)/20260606_0948-北東-3.0.MOV,/Users/reimurase/Google Drive/マイドライブ/練習動画/2026練習/6 6(土)/IMG_6782.MOV
/Users/reimurase/Google Drive/マイドライブ/練習動画/2026練習/6 6(土)/20260606_0958-北東-3.0.MOV,/Users/reimurase/Google Drive/マイドライブ/練習動画/2026練習/6 6(土)/IMG_6783.MOV
/Users/reimurase/Google Drive/マイドライブ/練習動画/2026練習/6 6(土)/20260606_0952-北東-3.0.MOV,/Users/reimurase/Google Drive/マイドライブ/練習動画/2026練習/6 6(土)/IMG_6784.MOV
/Users/reimurase/Google Drive/マイドライブ/練習動画/2026練習/6 6(土)/20260606_0949-北東-3.0.MOV,/Users/reimurase/Google Drive/マイドライブ/練習動画/2026練習/6 6(土)/IMG_6785.MOV
/Users/reimurase/Google Drive/マイドライブ/練習動画/2026練習/6 6(土)/20260606_0952-北東-3.0.MOV,/Users/reimurase/Google Drive/マイドライブ/練習動画/2026練習/6 6(土)/IMG_6786.MOV
/Users/reimurase/Google Drive/マイドライブ/練習動画/2026練習/6 6(土)/20260606_1000-北東-3.0.MOV,/Users/reimurase/Google Drive/マイドライブ/練習動画/2026練習/6 6(土)/IMG_6787.MOV
/Users/reimurase/Google Drive/マイドライブ/練習動画/2026練習/6 6(土)/20260606_0950-北東-3.0.MOV,/Users/reimurase/Google Drive/マイドライブ/練習動画/2026練習/6 6(土)/IMG_6788.MOV
/Users/reimurase/Google Drive/マイドライブ/練習動画/2026練習/6 6(土)/20260606_0955-北東-3.0.MOV,/Users/reimurase/Google Drive/マイドライブ/練習動画/2026練習/6 6(土)/IMG_6789.MOV
/Users/reimurase/Google Drive/マイドライブ/練習動画/2026練習/6 6(土)/20260606_0957-北東-3.0.MOV,/Users/reimurase/Google Drive/マイドライブ/練習動画/2026練習/6 6(土)/IMG_6790.MOV
/Users/reimurase/Google Drive/マイドライブ/練習動画/2026練習/6 6(土)/20260606_0946-北東-3.0.MOV,/Users/reimurase/Google Drive/マイドライブ/練習動画/2026練習/6 6(土)/IMG_6791.MOV
/Users/reimurase/Google Drive/マイドライブ/練習動画/2026練習/6 6(土)/20260606_0949-北東-3.0.MOV,/Users/reimurase/Google Drive/マイドライブ/練習動画/2026練習/6 6(土)/IMG_6792.MOV
/Users/reimurase/Google Drive/マイドライブ/練習動画/2026練習/7 18(土)/20260718_2202-南-3.2.MOV,/Users/reimurase/Google Drive/マイドライブ/練習動画/2026練習/7 18(土)/IMG_8036.MOV
/Users/reimurase/Google Drive/マイドライブ/練習動画/2026練習/7 18(土)/20260718_2201-南-3.2.MOV,/Users/reimurase/Google Drive/マイドライブ/練習動画/2026練習/7 18(土)/IMG_8037.MOV
/Users/reimurase/Google Drive/マイドライブ/練習動画/2026練習/7 18(土)/20260718_2202-南-3.2.MOV,/Users/reimurase/Google Drive/マイドライブ/練習動画/2026練習/7 18(土)/IMG_8038.MOV
/Users/reimurase/Google Drive/マイドライブ/練習動画/2026練習/7 18(土)/20260718_2200-南-3.2.MOV,/Users/reimurase/Google Drive/マイドライブ/練習動画/2026練習/7 18(土)/IMG_8039.MOV
/Users/reimurase/Google Drive/マイドライブ/練習動画/2026練習/7 18(土)/20260718_2204-南-3.2.MOV,/Users/reimurase/Google Drive/マイドライブ/練習動画/2026練習/7 18(土)/IMG_8040.MOV
/Users/reimurase/Google Drive/マイドライブ/練習動画/2026練習/7 18(土)/20260718_2201-南-3.2.MOV,/Users/reimurase/Google Drive/マイドライブ/練習動画/2026練習/7 18(土)/IMG_8041.MOV
/Users/reimurase/Google Drive/マイドライブ/練習動画/2026練習/7 18(土)/20260718_2203-南-3.2.MOV,/Users/reimurase/Google Drive/マイドライブ/練習動画/2026練習/7 18(土)/IMG_8042.MOV
/Users/reimurase/Google Drive/マイドライブ/練習動画/2026練習/7 18(土)/20260718_2200-南-3.2.MOV,/Users/reimurase/Google Drive/マイドライブ/練習動画/2026練習/7 18(土)/IMG_8043.MOV
/Users/reimurase/Google Drive/マイドライブ/練習動画/2026練習/7 18(土)/20260718_2201-南-3.2.MOV,/Users/reimurase/Google Drive/マイドライブ/練習動画/2026練習/7 18(土)/IMG_8044.MOV
/Users/reimurase/Google Drive/マイドライブ/練習動画/2026練習/7 18(土)/20260718_2201-南-3.2.MOV,/Users/reimurase/Google Drive/マイドライブ/練習動画/2026練習/7 18(土)/IMG_8045.MOV
/Users/reimurase/Google Drive/マイドライブ/練習動画/2026練習/7 18(土)/20260718_2200-南-3.2.MOV,/Users/reimurase/Google Drive/マイドライブ/練習動画/2026練習/7 18(土)/IMG_8046.MOV
/Users/reimurase/Google Drive/マイドライブ/練習動画/2026練習/7 18(土)/20260718_2203-南-3.2.MOV,/Users/reimurase/Google Drive/マイドライブ/練習動画/2026練習/7 18(土)/IMG_8047.MOV
/Users/reimurase/Google Drive/マイドライブ/練習動画/2026練習/7 18(土)/20260718_2200-南-3.2.MOV,/Users/reimurase/Google Drive/マイドライブ/練習動画/2026練習/7 18(土)/IMG_8048.MOV
/Users/reimurase/Google Drive/マイドライブ/練習動画/2026練習/7 18(土)/20260718_2204-南-3.2.MOV,/Users/reimurase/Google Drive/マイドライブ/練習動画/2026練習/7 18(土)/IMG_8049.MOV
/Users/reimurase/Google Drive/マイドライブ/練習動画/2026練習/7 18(土)/20260718_2201-南-3.2.MOV,/Users/reimurase/Google Drive/マイドライブ/練習動画/2026練習/7 18(土)/IMG_8050.MOV
/Users/reimurase/Google Drive/マイドライブ/練習動画/2026練習/7 18(土)/20260718_2204-南-3.2.MOV,/Users/reimurase/Google Drive/マイドライブ/練習動画/2026練習/7 18(土)/IMG_8051.MOV
/Users/reimurase/Google Drive/マイドライブ/練習動画/2026練習/7 18(土)/20260718_2202-南-3.2.MOV,/Users/reimurase/Google Drive/マイドライブ/練習動画/2026練習/7 18(土)/IMG_8052.MOV
/Users/reimurase/Google Drive/マイドライブ/練習動画/2026練習/7 18(土)/20260718_2203-南-3.2.MOV,/Users/reimurase/Google Drive/マイドライブ/練習動画/2026練習/7 18(土)/IMG_8053.MOV
/Users/reimurase/Google Drive/マイドライブ/練習動画/2026練習/7 19(日)/20260719_1127-南-2.4.MOV,/Users/reimurase/Google Drive/マイドライブ/練習動画/2026練習/7 19(日)/IMG_3281.MOV
/Users/reimurase/Google Drive/マイドライブ/練習動画/2026練習/7 19(日)/20260719_1128-南-2.4.MOV,/Users/reimurase/Google Drive/マイドライブ/練習動画/2026練習/7 19(日)/IMG_3282.MOV
/Users/reimurase/Google Drive/マイドライブ/練習動画/2026練習/7 19(日)/20260719_1127-南-2.4.MOV,/Users/reimurase/Google Drive/マイドライブ/練習動画/2026練習/7 19(日)/IMG_3283.MOV
/Users/reimurase/Google Drive/マイドライブ/練習動画/2026練習/7 19(日)/20260719_1129-南-2.4.MOV,/Users/reimurase/Google Drive/マイドライブ/練習動画/2026練習/7 19(日)/IMG_3284.MOV
/Users/reimurase/Google Drive/マイドライブ/練習動画/2026練習/7 19(日)/20260719_1117-南-2.4.MOV,/Users/reimurase/Google Drive/マイドライブ/練習動画/2026練習/7 19(日)/IMG_3285.MOV
/Users/reimurase/Google Drive/マイドライブ/練習動画/2026練習/7 19(日)/20260719_1127-南-2.4.MOV,/Users/reimurase/Google Drive/マイドライブ/練習動画/2026練習/7 19(日)/IMG_3286.MOV
/Users/reimurase/Google Drive/マイドライブ/練習動画/2026練習/7 19(日)/20260719_1123-南-2.4.MOV,/Users/reimurase/Google Drive/マイドライブ/練習動画/2026練習/7 19(日)/IMG_3287.MOV
/Users/reimurase/Google Drive/マイドライブ/練習動画/2026練習/7 19(日)/20260719_1126-南-2.4.MOV,/Users/reimurase/Google Drive/マイドライブ/練習動画/2026練習/7 19(日)/IMG_3288.MOV
/Users/reimurase/Google Drive/マイドライブ/練習動画/2026練習/7 19(日)/20260719_1118-南-2.4.MOV,/Users/reimurase/Google Drive/マイドライブ/練習動画/2026練習/7 19(日)/IMG_3290.MOV
/Users/reimurase/Google Drive/マイドライブ/練習動画/2026練習/7 30(木)/20260803_1250-北-3.6.MOV,/Users/reimurase/Google Drive/マイドライブ/練習動画/2026練習/7 30(木)/IMG_3361.MOV
/Users/reimurase/Google Drive/マイドライブ/練習動画/2026練習/7 30(木)/20260803_1243-北-3.6.MOV,/Users/reimurase/Google Drive/マイドライブ/練習動画/2026練習/7 30(木)/IMG_3362.MOV
/Users/reimurase/Google Drive/マイドライブ/練習動画/2026練習/7 30(木)/20260803_1253-北-3.6.MOV,/Users/reimurase/Google Drive/マイドライブ/練習動画/2026練習/7 30(木)/IMG_3363.MOV
/Users/reimurase/Google Drive/マイドライブ/練習動画/2026練習/7 30(木)/20260803_1238-北-3.6.MOV,/Users/reimurase/Google Drive/マイドライブ/練習動画/2026練習/7 30(木)/IMG_3364.MOV
/Users/reimurase/Google Drive/マイドライブ/練習動画/2026練習/7 30(木)/20260803_1220-北-4.2.MOV,/Users/reimurase/Google Drive/マイドライブ/練習動画/2026練習/7 30(木)/IMG_3365.MOV
/Users/reimurase/Google Drive/マイドライブ/練習動画/2026練習/7 30(木)/20260803_1217-北-4.2.MOV,/Users/reimurase/Google Drive/マイドライブ/練習動画/2026練習/7 30(木)/IMG_3366.MOV
/Users/reimurase/Google Drive/マイドライブ/練習動画/2026練習/7 30(木)/20260803_1219-北-4.2.MOV,/Users/reimurase/Google Drive/マイドライブ/練習動画/2026練習/7 30(木)/IMG_3368.MOV
/Users/reimurase/Google Drive/マイドライブ/練習動画/2026練習/7 30(木)/20260803_1257-北-3.6.MOV,/Users/reimurase/Google Drive/マイドライブ/練習動画/2026練習/7 30(木)/IMG_3369.MOV
/Users/reimurase/Google Drive/マイドライブ/練習動画/2026練習/7 30(木)/20260803_1216-北-4.2.MOV,/Users/reimurase/Google Drive/マイドライブ/練習動画/2026練習/7 30(木)/IMG_3370.MOV
/Users/reimurase/Google Drive/マイドライブ/練習動画/2026練習/7 30(木)/20260803_1247-北-3.6.MOV,/Users/reimurase/Google Drive/マイドライブ/練習動画/2026練習/7 30(木)/IMG_3371.MOV
/Users/reimurase/Google Drive/マイドライブ/練習動画/2026練習/7 30(木)/20260803_1232-北-3.6.MOV,/Users/reimurase/Google Drive/マイドライブ/練習動画/2026練習/7 30(木)/IMG_3372.MOV
/Users/reimurase/Google Drive/マイドライブ/練習動画/2026練習/7 30(木)/20260803_1313-北-3.6.MOV,/Users/reimurase/Google Drive/マイドライブ/練習動画/2026練習/7 30(木)/IMG_3373.MOV
/Users/reimurase/Google Drive/マイドライブ/練習動画/2026練習/7 30(木)/20260803_1226-北-4.2.MOV,/Users/reimurase/Google Drive/マイドライブ/練習動画/2026練習/7 30(木)/IMG_3374.MOV
/Users/reimurase/Google Drive/マイドライブ/練習動画/2026練習/7 30(木)/20260803_1300-北-3.6.MOV,/Users/reimurase/Google Drive/マイドライブ/練習動画/2026練習/7 30(木)/IMG_3375.MOV
/Users/reimurase/Google Drive/マイドライブ/練習動画/2026練習/7 30(木)/20260803_1321-北-3.6.MOV,/Users/reimurase/Google Drive/マイドライブ/練習動画/2026練習/7 30(木)/IMG_3376.MOV
/Users/reimurase/Google Drive/マイドライブ/練習動画/2026練習/7 30(木)/20260803_1230-北-3.6.MOV,/Users/reimurase/Google Drive/マイドライブ/練習動画/2026練習/7 30(木)/IMG_3377.MOV
/Users/reimurase/Google Drive/マイドライブ/練習動画/2026練習/7 30(木)/20260803_1240-北-3.6.MOV,/Users/reimurase/Google Drive/マイドライブ/練習動画/2026練習/7 30(木)/IMG_3378.MOV
/Users/reimurase/Google Drive/マイドライブ/練習動画/2026練習/7 30(木)/20260803_1330-北-4.3.MOV,/Users/reimurase/Google Drive/マイドライブ/練習動画/2026練習/7 30(木)/IMG_3379.MOV
/Users/reimurase/Google Drive/マイドライブ/練習動画/2026練習/7 30(木)/20260803_1218-北-4.2.MOV,/Users/reimurase/Google Drive/マイドライブ/練習動画/2026練習/7 30(木)/IMG_3380.MOV
/Users/reimurase/Google Drive/マイドライブ/練習動画/2026練習/7 30(木)/20260803_1223-北-4.2.MOV,/Users/reimurase/Google Drive/マイドライブ/練習動画/2026練習/7 30(木)/IMG_3381.MOV
/Users/reimurase/Google Drive/マイドライブ/練習動画/2026練習/7 30(木)/20260803_1342-北-4.3.MOV,/Users/reimurase/Google Drive/マイドライブ/練習動画/2026練習/7 30(木)/IMG_3385.MOV
/Users/reimurase/Google Drive/マイドライブ/練習動画/2026練習/7 30(木)/20260803_1234-北-3.6.MOV,/Users/reimurase/Google Drive/マイドライブ/練習動画/2026練習/7 30(木)/IMG_3386 (1).MOV
/Users/reimurase/Google Drive/マイドライブ/練習動画/2026練習/7 30(木)/20260803_1234-北-3.6.MOV,/Users/reimurase/Google Drive/マイドライブ/練習動画/2026練習/7 30(木)/IMG_3386.MOV
/Users/reimurase/Google Drive/マイドライブ/練習動画/2026練習/7 30(木)/20260803_1222-北-4.2.MOV,/Users/reimurase/Google Drive/マイドライブ/練習動画/2026練習/7 30(木)/IMG_3387.MOV
/Users/reimurase/Google Drive/マイドライブ/練習動画/2026練習/7 30(木)/20260803_1228-北-4.2.MOV,/Users/reimurase/Google Drive/マイドライブ/練習動画/2026練習/7 30(木)/IMG_3388.MOV
/Users/reimurase/Google Drive/マイドライブ/練習動画/2026練習/7 30(木)/20260803_1225-北-4.2.MOV,/Users/reimurase/Google Drive/マイドライブ/練習動画/2026練習/7 30(木)/IMG_3389.MOV
/Users/reimurase/Google Drive/マイドライブ/練習動画/2026練習/7 30(木)/20260803_1236-北-3.6.MOV,/Users/reimurase/Google Drive/マイドライブ/練習動画/2026練習/7 30(木)/IMG_3390.MOV
/Users/reimurase/Google Drive/マイドライブ/練習動画/2026練習/7 31(金)/20260731_1227-南南西-2.9.MOV,/Users/reimurase/Google Drive/マイドライブ/練習動画/2026練習/7 31(金)/IMG_3746.MOV
/Users/reimurase/Google Drive/マイドライブ/練習動画/2026練習/7 31(金)/20260731_1234-南-3.5.MOV,/Users/reimurase/Google Drive/マイドライブ/練習動画/2026練習/7 31(金)/IMG_3748.MOV
/Users/reimurase/Google Drive/マイドライブ/練習動画/2026練習/7 31(金)/20260731_1228-南南西-2.9.MOV,/Users/reimurase/Google Drive/マイドライブ/練習動画/2026練習/7 31(金)/IMG_3750.MOV
/Users/reimurase/Google Drive/マイドライブ/練習動画/2026練習/7 31(金)/20260731_1232-南-3.5.MOV,/Users/reimurase/Google Drive/マイドライブ/練習動画/2026練習/7 31(金)/IMG_3753.MOV
/Users/reimurase/Google Drive/マイドライブ/練習動画/2026練習/7 31(金)/20260731_1229-南南西-2.9.MOV,/Users/reimurase/Google Drive/マイドライブ/練習動画/2026練習/7 31(金)/IMG_3757.MOV
/Users/reimurase/Google Drive/マイドライブ/練習動画/2026練習/7 31(金)/20260731_1227-南南西-2.9.MOV,/Users/reimurase/Google Drive/マイドライブ/練習動画/2026練習/7 31(金)/IMG_3758.MOV
/Users/reimurase/Google Drive/マイドライブ/練習動画/2026練習/7 31(金)/20260731_0954-南南西-3.5.mp4,/Users/reimurase/Google Drive/マイドライブ/練習動画/2026練習/7 31(金)/PXL_20260731_005427344.mp4
/Users/reimurase/Google Drive/マイドライブ/練習動画/2026練習/7 31(金)/20260731_0956-南南西-3.5.mp4,/Users/reimurase/Google Drive/マイドライブ/練習動画/2026練習/7 31(金)/PXL_20260731_005618884.mp4
/Users/reimurase/Google Drive/マイドライブ/練習動画/2026練習/7 31(金)/20260731_0957-南南西-3.5.mp4,/Users/reimurase/Google Drive/マイドライブ/練習動画/2026練習/7 31(金)/PXL_20260731_005703948.mp4
/Users/reimurase/Google Drive/マイドライブ/練習動画/2026練習/7 31(金)/20260731_0957-南南西-3.5.mp4,/Users/reimurase/Google Drive/マイドライブ/練習動画/2026練習/7 31(金)/PXL_20260731_005721556.mp4
/Users/reimurase/Google Drive/マイドライブ/練習動画/2026練習/7 31(金)/20260731_1000-南南西-3.5.mp4,/Users/reimurase/Google Drive/マイドライブ/練習動画/2026練習/7 31(金)/PXL_20260731_010025412.mp4
/Users/reimurase/Google Drive/マイドライブ/練習動画/2026練習/7 31(金)/20260731_1005-南南西-3.5.mp4,/Users/reimurase/Google Drive/マイドライブ/練習動画/2026練習/7 31(金)/PXL_20260731_010539828.mp4
/Users/reimurase/Google Drive/マイドライブ/練習動画/2026練習/7 31(金)/20260731_1010-南南西-3.5.mp4,/Users/reimurase/Google Drive/マイドライブ/練習動画/2026練習/7 31(金)/PXL_20260731_011007107.mp4
/Users/reimurase/Google Drive/マイドライブ/練習動画/2026練習/7 31(金)/20260731_1011-南南西-3.5.mp4,/Users/reimurase/Google Drive/マイドライブ/練習動画/2026練習/7 31(金)/PXL_20260731_011109929.mp4
/Users/reimurase/Google Drive/マイドライブ/練習動画/2026練習/7 31(金)/20260731_1012-南南西-3.5.mp4,/Users/reimurase/Google Drive/マイドライブ/練習動画/2026練習/7 31(金)/PXL_20260731_011227453.mp4
/Users/reimurase/Google Drive/マイドライブ/練習動画/2026練習/7 31(金)/20260731_1040-南南西-4.5.mp4,/Users/reimurase/Google Drive/マイドライブ/練習動画/2026練習/7 31(金)/PXL_20260731_014041643.mp4
/Users/reimurase/Google Drive/マイドライブ/練習動画/2026練習/7 31(金)/20260731_1041-南南西-4.5.mp4,/Users/reimurase/Google Drive/マイドライブ/練習動画/2026練習/7 31(金)/PXL_20260731_014159243.mp4
/Users/reimurase/Google Drive/マイドライブ/練習動画/2026練習/7 31(金)/20260731_1043-南南西-4.5.mp4,/Users/reimurase/Google Drive/マイドライブ/練習動画/2026練習/7 31(金)/PXL_20260731_014309592.mp4
/Users/reimurase/Google Drive/マイドライブ/練習動画/2026練習/7 31(金)/20260731_1549-南南西-2.8.mp4,/Users/reimurase/Google Drive/マイドライブ/練習動画/2026練習/7 31(金)/PXL_20260731_064921473.mp4
/Users/reimurase/Google Drive/マイドライブ/練習動画/2026練習/7 4(土)/20260705_1020-西南西-1.4.MOV,/Users/reimurase/Google Drive/マイドライブ/練習動画/2026練習/7 4(土)/IMG_4887.MOV
/Users/reimurase/Google Drive/マイドライブ/練習動画/2026練習/7 4(土)/20260705_1020-西南西-1.4.MOV,/Users/reimurase/Google Drive/マイドライブ/練習動画/2026練習/7 4(土)/IMG_4888.MOV
/Users/reimurase/Google Drive/マイドライブ/練習動画/2026練習/7 4(土)/20260705_1020-西南西-1.4.MOV,/Users/reimurase/Google Drive/マイドライブ/練習動画/2026練習/7 4(土)/IMG_4889.MOV
/Users/reimurase/Google Drive/マイドライブ/練習動画/2026練習/7 4(土)/20260705_1020-西南西-1.4.MOV,/Users/reimurase/Google Drive/マイドライブ/練習動画/2026練習/7 4(土)/IMG_4890.MOV
/Users/reimurase/Google Drive/マイドライブ/練習動画/2026練習/7 4(土)/20260705_1020-西南西-1.4.MOV,/Users/reimurase/Google Drive/マイドライブ/練習動画/2026練習/7 4(土)/IMG_4891.MOV
/Users/reimurase/Google Drive/マイドライブ/練習動画/2026練習/7 4(土)/20260705_1020-西南西-1.4.MOV,/Users/reimurase/Google Drive/マイドライブ/練習動画/2026練習/7 4(土)/IMG_4892.MOV
/Users/reimurase/Google Drive/マイドライブ/練習動画/2026練習/7 4(土)/20260705_1020-西南西-1.4.MOV,/Users/reimurase/Google Drive/マイドライブ/練習動画/2026練習/7 4(土)/IMG_4893.MOV
/Users/reimurase/Google Drive/マイドライブ/練習動画/2026練習/7 4(土)/20260705_1020-西南西-1.4.MOV,/Users/reimurase/Google Drive/マイドライブ/練習動画/2026練習/7 4(土)/IMG_4894.MOV
/Users/reimurase/Google Drive/マイドライブ/練習動画/2026練習/7 4(土)/20260704_1543-南-3.6.mp4,/Users/reimurase/Google Drive/マイドライブ/練習動画/2026練習/7 4(土)/PXL_20260704_064333199.mp4
/Users/reimurase/Google Drive/マイドライブ/練習動画/2026練習/7 4(土)/20260704_1546-南-3.6.mp4,/Users/reimurase/Google Drive/マイドライブ/練習動画/2026練習/7 4(土)/PXL_20260704_064606119.mp4
/Users/reimurase/Google Drive/マイドライブ/練習動画/2026練習/7 4(土)/20260704_1548-南-3.6.mp4,/Users/reimurase/Google Drive/マイドライブ/練習動画/2026練習/7 4(土)/PXL_20260704_064844920.mp4
/Users/reimurase/Google Drive/マイドライブ/練習動画/2026練習/7 4(土)/20260704_1551-南-3.6.mp4,/Users/reimurase/Google Drive/マイドライブ/練習動画/2026練習/7 4(土)/PXL_20260704_065119201.mp4
/Users/reimurase/Google Drive/マイドライブ/練習動画/2026練習/7 4(土)/20260704_1625-南-3.6.mp4,/Users/reimurase/Google Drive/マイドライブ/練習動画/2026練習/7 4(土)/PXL_20260704_072505934.mp4
/Users/reimurase/Google Drive/マイドライブ/練習動画/2026練習/8 1(土)/20260803_1325-北-3.6.MOV,/Users/reimurase/Google Drive/マイドライブ/練習動画/2026練習/8 1(土)/IMG_3402.MOV
/Users/reimurase/Google Drive/マイドライブ/練習動画/2026練習/8 1(土)/20260803_1047-北-4.4.MOV,/Users/reimurase/Google Drive/マイドライブ/練習動画/2026練習/8 1(土)/IMG_3403.MOV
/Users/reimurase/Google Drive/マイドライブ/練習動画/2026練習/8 1(土)/20260801_1036-南南西-3.7.mp4,/Users/reimurase/Google Drive/マイドライブ/練習動画/2026練習/8 1(土)/PXL_20260801_013656269.mp4
/Users/reimurase/Google Drive/マイドライブ/練習動画/2026練習/8 1(土)/20260801_1038-南南西-3.7.mp4,/Users/reimurase/Google Drive/マイドライブ/練習動画/2026練習/8 1(土)/PXL_20260801_013817729.mp4
/Users/reimurase/Google Drive/マイドライブ/練習動画/2026練習/8 1(土)/20260801_1039-南南西-3.7.mp4,/Users/reimurase/Google Drive/マイドライブ/練習動画/2026練習/8 1(土)/PXL_20260801_013925232.mp4
/Users/reimurase/Google Drive/マイドライブ/練習動画/2026練習/8 1(土)/20260801_1046-南南西-3.7.mp4,/Users/reimurase/Google Drive/マイドライブ/練習動画/2026練習/8 1(土)/PXL_20260801_014638372.mp4
/Users/reimurase/Google Drive/マイドライブ/練習動画/2026練習/8 1(土)/20260801_1050-南南西-3.7.mp4,/Users/reimurase/Google Drive/マイドライブ/練習動画/2026練習/8 1(土)/PXL_20260801_015019692.mp4
/Users/reimurase/Google Drive/マイドライブ/練習動画/2026練習/8 1(土)/20260801_1126-南南西-3.7.mp4,/Users/reimurase/Google Drive/マイドライブ/練習動画/2026練習/8 1(土)/PXL_20260801_022606751.mp4
/Users/reimurase/Google Drive/マイドライブ/練習動画/2026練習/8 1(土)/20260801_1127-南南西-3.7.mp4,/Users/reimurase/Google Drive/マイドライブ/練習動画/2026練習/8 1(土)/PXL_20260801_022727915.mp4
/Users/reimurase/Google Drive/マイドライブ/練習動画/2026練習/8 1(土)/20260801_1138-南-4.2.mp4,/Users/reimurase/Google Drive/マイドライブ/練習動画/2026練習/8 1(土)/PXL_20260801_023811034.mp4
/Users/reimurase/Google Drive/マイドライブ/練習動画/2026練習/8 1(土)/20260801_1140-南-4.2.mp4,/Users/reimurase/Google Drive/マイドライブ/練習動画/2026練習/8 1(土)/PXL_20260801_024018095.mp4
/Users/reimurase/Google Drive/マイドライブ/練習動画/2026練習/8 1(土)/20260801_1148-南-4.2.mp4,/Users/reimurase/Google Drive/マイドライブ/練習動画/2026練習/8 1(土)/PXL_20260801_024857860.mp4
/Users/reimurase/Google Drive/マイドライブ/練習動画/2026練習/8 1(土)/20260801_1150-南-4.2.mp4,/Users/reimurase/Google Drive/マイドライブ/練習動画/2026練習/8 1(土)/PXL_20260801_025006675.mp4
/Users/reimurase/Google Drive/マイドライブ/練習動画/2026練習/8 1(土)/20260801_1150-南-4.2.mp4,/Users/reimurase/Google Drive/マイドライブ/練習動画/2026練習/8 1(土)/PXL_20260801_025057817.mp4
/Users/reimurase/Google Drive/マイドライブ/練習動画/2026練習/8 1(土)/20260801_1152-南-4.2.mp4,/Users/reimurase/Google Drive/マイドライブ/練習動画/2026練習/8 1(土)/PXL_20260801_025229401.mp4
/Users/reimurase/Google Drive/マイドライブ/練習動画/2026練習/8 1(土)/20260801_1159-南-4.2.mp4,/Users/reimurase/Google Drive/マイドライブ/練習動画/2026練習/8 1(土)/PXL_20260801_025939866.mp4
/Users/reimurase/Google Drive/マイドライブ/練習動画/2026練習/8 1(土)/20260801_1218-南-4.2.mp4,/Users/reimurase/Google Drive/マイドライブ/練習動画/2026練習/8 1(土)/PXL_20260801_031846007.mp4
/Users/reimurase/Google Drive/マイドライブ/練習動画/2026練習/8 1(土)/20260801_1225-南-4.2.mp4,/Users/reimurase/Google Drive/マイドライブ/練習動画/2026練習/8 1(土)/PXL_20260801_032549209.mp4
/Users/reimurase/Google Drive/マイドライブ/練習動画/2026練習/8 1(土)/20260801_1235-南南西-5.1.mp4,/Users/reimurase/Google Drive/マイドライブ/練習動画/2026練習/8 1(土)/PXL_20260801_033540431.mp4
/Users/reimurase/Google Drive/マイドライブ/練習動画/2026練習/8 1(土)/20260801_1249-南南西-5.1.mp4,/Users/reimurase/Google Drive/マイドライブ/練習動画/2026練習/8 1(土)/PXL_20260801_034920831.mp4
/Users/reimurase/Google Drive/マイドライブ/練習動画/2026練習/8 1(土)/20260801_1250-南南西-5.1.mp4,/Users/reimurase/Google Drive/マイドライブ/練習動画/2026練習/8 1(土)/PXL_20260801_035049061.mp4
/Users/reimurase/Google Drive/マイドライブ/練習動画/2026練習/8 1(土)/20260801_1311-南南西-5.1.mp4,/Users/reimurase/Google Drive/マイドライブ/練習動画/2026練習/8 1(土)/PXL_20260801_041121202.mp4
/Users/reimurase/Google Drive/マイドライブ/練習動画/2026練習/8 1(土)/20260801_1343-南南西-4.3.mp4,/Users/reimurase/Google Drive/マイドライブ/練習動画/2026練習/8 1(土)/PXL_20260801_044338487.mp4
/Users/reimurase/Google Drive/マイドライブ/練習動画/2026練習/8 1(土)/20260801_1350-南南西-4.3.mp4,/Users/reimurase/Google Drive/マイドライブ/練習動画/2026練習/8 1(土)/PXL_20260801_045041893.mp4
/Users/reimurase/Google Drive/マイドライブ/練習動画/2026練習/8 1(土)/20260801_1400-南南西-4.3.mp4,/Users/reimurase/Google Drive/マイドライブ/練習動画/2026練習/8 1(土)/PXL_20260801_050046492.mp4
/Users/reimurase/Google Drive/マイドライブ/練習動画/2026練習/8 1(土)/20260801_1432-南西-2.5.mp4,/Users/reimurase/Google Drive/マイドライブ/練習動画/2026練習/8 1(土)/PXL_20260801_053245491.mp4
/Users/reimurase/Google Drive/マイドライブ/練習動画/2026練習/8 1(土)/20260801_1451-南西-2.5.mp4,/Users/reimurase/Google Drive/マイドライブ/練習動画/2026練習/8 1(土)/PXL_20260801_055152120.mp4
/Users/reimurase/Google Drive/マイドライブ/練習動画/2026練習/8 2(日)/20260803_1215-北-4.2.MOV,/Users/reimurase/Google Drive/マイドライブ/練習動画/2026練習/8 2(日)/IMG_3421.MOV
/Users/reimurase/Google Drive/マイドライブ/練習動画/2026練習/8 2(日)/20260803_1317-北-3.6.MOV,/Users/reimurase/Google Drive/マイドライブ/練習動画/2026練習/8 2(日)/IMG_3422.MOV
/Users/reimurase/Google Drive/マイドライブ/練習動画/2026練習/8 2(日)/20260803_1336-北-4.3.MOV,/Users/reimurase/Google Drive/マイドライブ/練習動画/2026練習/8 2(日)/IMG_3423.MOV
/Users/reimurase/Google Drive/マイドライブ/練習動画/2026練習/8 2(日)/20260803_1046-北-4.4.MOV,/Users/reimurase/Google Drive/マイドライブ/練習動画/2026練習/8 2(日)/IMG_3424.MOV
/Users/reimurase/Google Drive/マイドライブ/練習動画/2026練習/8 2(日)/20260802_2351-北北東-3.5.MOV,/Users/reimurase/Google Drive/マイドライブ/練習動画/2026練習/8 2(日)/IMG_7391.MOV
/Users/reimurase/Google Drive/マイドライブ/練習動画/2026練習/8 2(日)/20260802_2348-北北東-3.5.MOV,/Users/reimurase/Google Drive/マイドライブ/練習動画/2026練習/8 2(日)/IMG_7392.MOV
/Users/reimurase/Google Drive/マイドライブ/練習動画/2026練習/8 2(日)/20260802_2353-北北東-3.5.MOV,/Users/reimurase/Google Drive/マイドライブ/練習動画/2026練習/8 2(日)/IMG_7393.MOV
/Users/reimurase/Google Drive/マイドライブ/練習動画/2026練習/8 2(日)/20260802_2348-北北東-3.5.MOV,/Users/reimurase/Google Drive/マイドライブ/練習動画/2026練習/8 2(日)/IMG_7394.MOV
/Users/reimurase/Google Drive/マイドライブ/練習動画/2026練習/8 2(日)/20260802_2355-北北東-3.5.MOV,/Users/reimurase/Google Drive/マイドライブ/練習動画/2026練習/8 2(日)/IMG_7395.MOV
/Users/reimurase/Google Drive/マイドライブ/練習動画/2026練習/8 2(日)/20260802_2358-北北東-3.5.MOV,/Users/reimurase/Google Drive/マイドライブ/練習動画/2026練習/8 2(日)/IMG_7396.MOV
/Users/reimurase/Google Drive/マイドライブ/練習動画/2026練習/8 2(日)/20260802_2348-北北東-3.5.MOV,/Users/reimurase/Google Drive/マイドライブ/練習動画/2026練習/8 2(日)/IMG_7397.MOV
/Users/reimurase/Google Drive/マイドライブ/練習動画/2026練習/8 2(日)/20260802_2350-北北東-3.5.MOV,/Users/reimurase/Google Drive/マイドライブ/練習動画/2026練習/8 2(日)/IMG_7398.MOV
/Users/reimurase/Google Drive/マイドライブ/練習動画/2026練習/8 5(水)/20260805_1224-北東-4.2.MOV,/Users/reimurase/Google Drive/マイドライブ/練習動画/2026練習/8 5(水)/IMG_8915.MOV
/Users/reimurase/Google Drive/マイドライブ/練習動画/2026練習/8 5(水)/20260805_1223-北東-4.2.MOV,/Users/reimurase/Google Drive/マイドライブ/練習動画/2026練習/8 5(水)/IMG_8916.MOV
/Users/reimurase/Google Drive/マイドライブ/練習動画/2026練習/8 5(水)/20260805_1230-東-4.9.MOV,/Users/reimurase/Google Drive/マイドライブ/練習動画/2026練習/8 5(水)/IMG_8918.MOV
/Users/reimurase/Google Drive/マイドライブ/練習動画/2026練習/8 5(水)/20260805_1224-北東-4.2.MOV,/Users/reimurase/Google Drive/マイドライブ/練習動画/2026練習/8 5(水)/IMG_8919.MOV
/Users/reimurase/Google Drive/マイドライブ/練習動画/2026練習/8 5(水)/20260805_1228-北東-4.2.MOV,/Users/reimurase/Google Drive/マイドライブ/練習動画/2026練習/8 5(水)/IMG_8920.MOV
/Users/reimurase/Google Drive/マイドライブ/練習動画/2026練習/8 5(水)/20260805_1233-東-4.9.MOV,/Users/reimurase/Google Drive/マイドライブ/練習動画/2026練習/8 5(水)/IMG_8922.MOV
/Users/reimurase/Google Drive/マイドライブ/練習動画/2026練習/8 5(水)/20260805_1226-北東-4.2.MOV,/Users/reimurase/Google Drive/マイドライブ/練習動画/2026練習/8 5(水)/IMG_8923.MOV
/Users/reimurase/Google Drive/マイドライブ/練習動画/2026練習/8 5(水)/20260805_1220-北東-4.2.MOV,/Users/reimurase/Google Drive/マイドライブ/練習動画/2026練習/8 5(水)/IMG_8924.MOV
/Users/reimurase/Google Drive/マイドライブ/練習動画/2026練習/8 5(水)/20260805_1226-北東-4.2.MOV,/Users/reimurase/Google Drive/マイドライブ/練習動画/2026練習/8 5(水)/IMG_8925.MOV
/Users/reimurase/Google Drive/マイドライブ/練習動画/2026練習/8 5(水)/20260805_1222-北東-4.2.MOV,/Users/reimurase/Google Drive/マイドライブ/練習動画/2026練習/8 5(水)/IMG_8926.MOV
/Users/reimurase/Google Drive/マイドライブ/練習動画/2026練習/8 5(水)/20260805_1222-北東-4.2.MOV,/Users/reimurase/Google Drive/マイドライブ/練習動画/2026練習/8 5(水)/IMG_8928.MOV
/Users/reimurase/Google Drive/マイドライブ/練習動画/2026練習/8 5(水)/20260805_1225-北東-4.2.MOV,/Users/reimurase/Google Drive/マイドライブ/練習動画/2026練習/8 5(水)/IMG_8929.MOV
/Users/reimurase/Google Drive/マイドライブ/練習動画/2026練習/8 5(水)/20260805_1220-北東-4.2.MOV,/Users/reimurase/Google Drive/マイドライブ/練習動画/2026練習/8 5(水)/IMG_8930.MOV
/Users/reimurase/Google Drive/マイドライブ/練習動画/2026練習/8 5(水)/20260805_1221-北東-4.2.MOV,/Users/reimurase/Google Drive/マイドライブ/練習動画/2026練習/8 5(水)/IMG_8931.MOV
/Users/reimurase/Google Drive/マイドライブ/練習動画/2026練習/8 5(水)/20260805_1219-北東-4.2.MOV,/Users/reimurase/Google Drive/マイドライブ/練習動画/2026練習/8 5(水)/IMG_8932.MOV
/Users/reimurase/Google Drive/マイドライブ/練習動画/2026練習/8 5(水)/20260805_1220-北東-4.2.MOV,/Users/reimurase/Google Drive/マイドライブ/練習動画/2026練習/8 5(水)/IMG_8933.MOV
/Users/reimurase/Google Drive/マイドライブ/練習動画/2026練習/8 5(水)/20260805_1227-北東-4.2.MOV,/Users/reimurase/Google Drive/マイドライブ/練習動画/2026練習/8 5(水)/IMG_8934.MOV
/Users/reimurase/Google Drive/マイドライブ/練習動画/2026練習/8 5(水)/20260805_1019-北北東-4.1.MOV,/Users/reimurase/Google Drive/マイドライブ/練習動画/2026練習/8 5(水)/IMG_8935.MOV
/Users/reimurase/Google Drive/マイドライブ/練習動画/2026練習/8 5(水)/20260805_1227-北東-4.2.MOV,/Users/reimurase/Google Drive/マイドライブ/練習動画/2026練習/8 5(水)/IMG_8936.MOV
/Users/reimurase/Google Drive/マイドライブ/練習動画/2026練習/8 5(水)/20260805_1018-北北東-4.1.MOV,/Users/reimurase/Google Drive/マイドライブ/練習動画/2026練習/8 5(水)/IMG_8937.MOV
/Users/reimurase/Google Drive/マイドライブ/練習動画/2026練習/8 5(水)/20260805_1227-北東-4.2.MOV,/Users/reimurase/Google Drive/マイドライブ/練習動画/2026練習/8 5(水)/IMG_8938.MOV
/Users/reimurase/Google Drive/マイドライブ/練習動画/2026練習/8 5(水)/20260805_1231-東-4.9.MOV,/Users/reimurase/Google Drive/マイドライブ/練習動画/2026練習/8 5(水)/IMG_8939.MOV
/Users/reimurase/Google Drive/マイドライブ/練習動画/2026練習/8 5(水)/20260805_1232-東-4.9.MOV,/Users/reimurase/Google Drive/マイドライブ/練習動画/2026練習/8 5(水)/IMG_8940.MOV
/Users/reimurase/Google Drive/マイドライブ/練習動画/2026練習/8 5(水)/20260805_1229-北東-4.2.MOV,/Users/reimurase/Google Drive/マイドライブ/練習動画/2026練習/8 5(水)/IMG_8941.MOV
/Users/reimurase/Google Drive/マイドライブ/練習動画/2026練習/8 5(水)/20260805_1223-北東-4.2.MOV,/Users/reimurase/Google Drive/マイドライブ/練習動画/2026練習/8 5(水)/IMG_8942.MOV
/Users/reimurase/Google Drive/マイドライブ/練習動画/2026練習/8 5(水)/20260805_1229-北東-4.2.MOV,/Users/reimurase/Google Drive/マイドライブ/練習動画/2026練習/8 5(水)/IMG_8943.MOV
/Users/reimurase/Google Drive/マイドライブ/練習動画/2026練習/8 5(水)/20260805_1231-東-4.9.MOV,/Users/reimurase/Google Drive/マイドライブ/練習動画/2026練習/8 5(水)/IMG_8944.MOV
/Users/reimurase/Google Drive/マイドライブ/練習動画/2026練習/8 5(水)/20260805_1228-北東-4.2.MOV,/Users/reimurase/Google Drive/マイドライブ/練習動画/2026練習/8 5(水)/IMG_8945.MOV
/Users/reimurase/Google Drive/マイドライブ/練習動画/2026練習/8 5(水)/20260805_1230-東-4.9.MOV,/Users/reimurase/Google Drive/マイドライブ/練習動画/2026練習/8 5(水)/IMG_8946.MOV
/Users/reimurase/Google Drive/マイドライブ/練習動画/2026練習/8 6(木)/20260807_1043-南-2.3.mp4,/Users/reimurase/Google Drive/マイドライブ/練習動画/2026練習/8 6(木)/PXL_20260807_014300203.mp4
/Users/reimurase/Google Drive/マイドライブ/練習動画/2026練習/8 6(木)/20260807_1045-南-2.3.mp4,/Users/reimurase/Google Drive/マイドライブ/練習動画/2026練習/8 6(木)/PXL_20260807_014516679.mp4
/Users/reimurase/Google Drive/マイドライブ/練習動画/2026練習/8 6(木)/20260807_1046-南-2.3.mp4,/Users/reimurase/Google Drive/マイドライブ/練習動画/2026練習/8 6(木)/PXL_20260807_014634982.mp4
/Users/reimurase/Google Drive/マイドライブ/練習動画/2026練習/8 6(木)/20260807_1051-南-2.3.mp4,/Users/reimurase/Google Drive/マイドライブ/練習動画/2026練習/8 6(木)/PXL_20260807_015133815.mp4
/Users/reimurase/Google Drive/マイドライブ/練習動画/2026練習/8 6(木)/20260807_1108-南-2.3.mp4,/Users/reimurase/Google Drive/マイドライブ/練習動画/2026練習/8 6(木)/PXL_20260807_020853094.mp4
/Users/reimurase/Google Drive/マイドライブ/練習動画/2026練習/8 6(木)/20260807_1142-南-2.9.mp4,/Users/reimurase/Google Drive/マイドライブ/練習動画/2026練習/8 6(木)/PXL_20260807_024219025.mp4
/Users/reimurase/Google Drive/マイドライブ/練習動画/2026練習/8 6(木)/20260807_1143-南-2.9.mp4,/Users/reimurase/Google Drive/マイドライブ/練習動画/2026練習/8 6(木)/PXL_20260807_024357424.mp4
/Users/reimurase/Google Drive/マイドライブ/練習動画/2026練習/8 6(木)/20260807_1146-南-2.9.mp4,/Users/reimurase/Google Drive/マイドライブ/練習動画/2026練習/8 6(木)/PXL_20260807_024653369.mp4
/Users/reimurase/Google Drive/マイドライブ/練習動画/2026練習/8 6(木)/20260807_1151-南-2.9.mp4,/Users/reimurase/Google Drive/マイドライブ/練習動画/2026練習/8 6(木)/PXL_20260807_025127921.mp4
/Users/reimurase/Google Drive/マイドライブ/練習動画/2026練習/8 6(木)/20260807_1203-南-2.9.mp4,/Users/reimurase/Google Drive/マイドライブ/練習動画/2026練習/8 6(木)/PXL_20260807_030358567.mp4
/Users/reimurase/Google Drive/マイドライブ/練習動画/2026練習/8 6(木)/20260807_1359-南-3.9.mp4,/Users/reimurase/Google Drive/マイドライブ/練習動画/2026練習/8 6(木)/PXL_20260807_045904416.mp4
/Users/reimurase/Google Drive/マイドライブ/練習動画/2026練習/8 6(木)/20260807_1401-南-3.9.mp4,/Users/reimurase/Google Drive/マイドライブ/練習動画/2026練習/8 6(木)/PXL_20260807_050100216.mp4
/Users/reimurase/Google Drive/マイドライブ/練習動画/2026練習/8 6(木)/20260807_1402-南-3.9.mp4,/Users/reimurase/Google Drive/マイドライブ/練習動画/2026練習/8 6(木)/PXL_20260807_050219560.mp4
/Users/reimurase/Google Drive/マイドライブ/練習動画/2026練習/8 6(木)/20260807_1404-南-3.9.mp4,/Users/reimurase/Google Drive/マイドライブ/練習動画/2026練習/8 6(木)/PXL_20260807_050419704.mp4
/Users/reimurase/Google Drive/マイドライブ/練習動画/2026練習/8 6(木)/20260807_1405-南-3.9.mp4,/Users/reimurase/Google Drive/マイドライブ/練習動画/2026練習/8 6(木)/PXL_20260807_050558826.mp4
/Users/reimurase/Google Drive/マイドライブ/練習動画/2026練習/8 6(木)/20260807_1439-南-5.1.mp4,/Users/reimurase/Google Drive/マイドライブ/練習動画/2026練習/8 6(木)/PXL_20260807_053941096.mp4
/Users/reimurase/Google Drive/マイドライブ/練習動画/2026練習/8 6(木)/20260807_1440-南-5.1.mp4,/Users/reimurase/Google Drive/マイドライブ/練習動画/2026練習/8 6(木)/PXL_20260807_054005109.mp4
/Users/reimurase/Google Drive/マイドライブ/練習動画/2026練習/8 6(木)/20260807_1443-南-5.1.mp4,/Users/reimurase/Google Drive/マイドライブ/練習動画/2026練習/8 6(木)/PXL_20260807_054349274.mp4
/Users/reimurase/Google Drive/マイドライブ/練習動画/2026練習/8 6(木)/20260807_1445-南-5.1.mp4,/Users/reimurase/Google Drive/マイドライブ/練習動画/2026練習/8 6(木)/PXL_20260807_054514865.mp4
/Users/reimurase/Google Drive/マイドライブ/練習動画/2026練習/8 6(木)/20260807_1542-南-3.9.mp4,/Users/reimurase/Google Drive/マイドライブ/練習動画/2026練習/8 6(木)/PXL_20260807_064230795.mp4
/Users/reimurase/Google Drive/マイドライブ/練習動画/2026練習/8 7(金)/20260807_1043-南-2.3.mp4,/Users/reimurase/Google Drive/マイドライブ/練習動画/2026練習/8 7(金)/PXL_20260807_014300203.mp4
/Users/reimurase/Google Drive/マイドライブ/練習動画/2026練習/8 7(金)/20260807_1045-南-2.3.mp4,/Users/reimurase/Google Drive/マイドライブ/練習動画/2026練習/8 7(金)/PXL_20260807_014516679.mp4
/Users/reimurase/Google Drive/マイドライブ/練習動画/2026練習/8 7(金)/20260807_1046-南-2.3.mp4,/Users/reimurase/Google Drive/マイドライブ/練習動画/2026練習/8 7(金)/PXL_20260807_014634982.mp4
/Users/reimurase/Google Drive/マイドライブ/練習動画/2026練習/8 7(金)/20260807_1051-南-2.3.mp4,/Users/reimurase/Google Drive/マイドライブ/練習動画/2026練習/8 7(金)/PXL_20260807_015133815.mp4
/Users/reimurase/Google Drive/マイドライブ/練習動画/2026練習/8 7(金)/20260807_1108-南-2.3.mp4,/Users/reimurase/Google Drive/マイドライブ/練習動画/2026練習/8 7(金)/PXL_20260807_020853094.mp4
/Users/reimurase/Google Drive/マイドライブ/練習動画/2026練習/8 7(金)/20260807_1142-南-2.9.mp4,/Users/reimurase/Google Drive/マイドライブ/練習動画/2026練習/8 7(金)/PXL_20260807_024219025.mp4
/Users/reimurase/Google Drive/マイドライブ/練習動画/2026練習/8 7(金)/20260807_1143-南-2.9.mp4,/Users/reimurase/Google Drive/マイドライブ/練習動画/2026練習/8 7(金)/PXL_20260807_024357424.mp4
/Users/reimurase/Google Drive/マイドライブ/練習動画/2026練習/8 7(金)/20260807_1146-南-2.9.mp4,/Users/reimurase/Google Drive/マイドライブ/練習動画/2026練習/8 7(金)/PXL_20260807_024653369.mp4
/Users/reimurase/Google Drive/マイドライブ/練習動画/2026練習/8 7(金)/20260807_1151-南-2.9.mp4,/Users/reimurase/Google Drive/マイドライブ/練習動画/2026練習/8 7(金)/PXL_20260807_025127921.mp4
/Users/reimurase/Google Drive/マイドライブ/練習動画/2026練習/8 7(金)/20260807_1203-南-2.9.mp4,/Users/reimurase/Google Drive/マイドライブ/練習動画/2026練習/8 7(金)/PXL_20260807_030358567.mp4
/Users/reimurase/Google Drive/マイドライブ/練習動画/2026練習/8 7(金)/20260807_1359-南-3.9.mp4,/Users/reimurase/Google Drive/マイドライブ/練習動画/2026練習/8 7(金)/PXL_20260807_045904416.mp4
/Users/reimurase/Google Drive/マイドライブ/練習動画/2026練習/8 7(金)/20260807_1401-南-3.9.mp4,/Users/reimurase/Google Drive/マイドライブ/練習動画/2026練習/8 7(金)/PXL_20260807_050100216.mp4
/Users/reimurase/Google Drive/マイドライブ/練習動画/2026練習/8 7(金)/20260807_1402-南-3.9.mp4,/Users/reimurase/Google Drive/マイドライブ/練習動画/2026練習/8 7(金)/PXL_20260807_050219560.mp4
/Users/reimurase/Google Drive/マイドライブ/練習動画/2026練習/8 7(金)/20260807_1404-南-3.9.mp4,/Users/reimurase/Google Drive/マイドライブ/練習動画/2026練習/8 7(金)/PXL_20260807_050419704.mp4
/Users/reimurase/Google Drive/マイドライブ/練習動画/2026練習/8 7(金)/20260807_1405-南-3.9.mp4,/Users/reimurase/Google Drive/マイドライブ/練習動画/2026練習/8 7(金)/PXL_20260807_050558826.mp4
/Users/reimurase/Google Drive/マイドライブ/練習動画/2026練習/8 7(金)/20260807_1439-南-5.1.mp4,/Users/reimurase/Google Drive/マイドライブ/練習動画/2026練習/8 7(金)/PXL_20260807_053941096.mp4
/Users/reimurase/Google Drive/マイドライブ/練習動画/2026練習/8 7(金)/20260807_1440-南-5.1.mp4,/Users/reimurase/Google Drive/マイドライブ/練習動画/2026練習/8 7(金)/PXL_20260807_054005109.mp4
/Users/reimurase/Google Drive/マイドライブ/練習動画/2026練習/8 7(金)/20260807_1443-南-5.1.mp4,/Users/reimurase/Google Drive/マイドライブ/練習動画/2026練習/8 7(金)/PXL_20260807_054349274.mp4
/Users/reimurase/Google Drive/マイドライブ/練習動画/2026練習/8 7(金)/20260807_1445-南-5.1.mp4,/Users/reimurase/Google Drive/マイドライブ/練習動画/2026練習/8 7(金)/PXL_20260807_054514865.mp4
/Users/reimurase/Google Drive/マイドライブ/練習動画/2026練習/8 7(金)/20260807_1542-南-3.9.mp4,/Users/reimurase/Google Drive/マイドライブ/練習動画/2026練習/8 7(金)/PXL_20260807_064230795.mp4
/Users/reimurase/Google Drive/マイドライブ/練習動画/2026練習/8 8(土)/20260808_1552-南南西-6.1.MOV,/Users/reimurase/Google Drive/マイドライブ/練習動画/2026練習/8 8(土)/IMG_3792.MOV
/Users/reimurase/Google Drive/マイドライブ/練習動画/2026練習/8 8(土)/20260808_1551-南南西-6.1.MOV,/Users/reimurase/Google Drive/マイドライブ/練習動画/2026練習/8 8(土)/IMG_3793.MOV
/Users/reimurase/Google Drive/マイドライブ/練習動画/2026練習/8 8(土)/20260808_1432-南-5.2.MOV,/Users/reimurase/Google Drive/マイドライブ/練習動画/2026練習/8 8(土)/IMG_3794.MOV
/Users/reimurase/Google Drive/マイドライブ/練習動画/2026練習/8 8(土)/20260808_1548-南南西-6.1.MOV,/Users/reimurase/Google Drive/マイドライブ/練習動画/2026練習/8 8(土)/IMG_3795.MOV
/Users/reimurase/Google Drive/マイドライブ/練習動画/2026練習/8 8(土)/20260808_1553-南南西-6.1.MOV,/Users/reimurase/Google Drive/マイドライブ/練習動画/2026練習/8 8(土)/IMG_3796.MOV
/Users/reimurase/Google Drive/マイドライブ/練習動画/2026練習/8 8(土)/20260808_1550-南南西-6.1.MOV,/Users/reimurase/Google Drive/マイドライブ/練習動画/2026練習/8 8(土)/IMG_3797.MOV
/Users/reimurase/Google Drive/マイドライブ/練習動画/2026練習/8 8(土)/20260808_1554-南南西-6.1.MOV,/Users/reimurase/Google Drive/マイドライブ/練習動画/2026練習/8 8(土)/IMG_3798.MOV
/Users/reimurase/Google Drive/マイドライブ/練習動画/2026練習/8 8(土)/20260808_1430-南-5.2.MOV,/Users/reimurase/Google Drive/マイドライブ/練習動画/2026練習/8 8(土)/IMG_3799.MOV
/Users/reimurase/Google Drive/マイドライブ/練習動画/2026練習/8 8(土)/20260808_1553-南南西-6.1.MOV,/Users/reimurase/Google Drive/マイドライブ/練習動画/2026練習/8 8(土)/IMG_3800.MOV
/Users/reimurase/Google Drive/マイドライブ/練習動画/2026練習/8 8(土)/20260808_1550-南南西-6.1.MOV,/Users/reimurase/Google Drive/マイドライブ/練習動画/2026練習/8 8(土)/IMG_3801.MOV
/Users/reimurase/Google Drive/マイドライブ/練習動画/2026練習/8 8(土)/20260808_1431-南-5.2.MOV,/Users/reimurase/Google Drive/マイドライブ/練習動画/2026練習/8 8(土)/IMG_3802.MOV
/Users/reimurase/Google Drive/マイドライブ/練習動画/2026練習/8 8(土)/20260808_1549-南南西-6.1.MOV,/Users/reimurase/Google Drive/マイドライブ/練習動画/2026練習/8 8(土)/IMG_3803.MOV
/Users/reimurase/Google Drive/マイドライブ/練習動画/2026練習/8 8(土)/20260808_1120-南-4.4.mp4,/Users/reimurase/Google Drive/マイドライブ/練習動画/2026練習/8 8(土)/PXL_20260808_022032055.mp4
/Users/reimurase/Google Drive/マイドライブ/練習動画/2026練習/8 8(土)/20260808_1125-南-4.4.mp4,/Users/reimurase/Google Drive/マイドライブ/練習動画/2026練習/8 8(土)/PXL_20260808_022540891.mp4
/Users/reimurase/Google Drive/マイドライブ/練習動画/2026練習/8 8(土)/20260808_1130-南-4.6.mp4,/Users/reimurase/Google Drive/マイドライブ/練習動画/2026練習/8 8(土)/PXL_20260808_023029382.mp4
/Users/reimurase/Google Drive/マイドライブ/練習動画/2026練習/8 8(土)/20260808_1150-南-4.6.mp4,/Users/reimurase/Google Drive/マイドライブ/練習動画/2026練習/8 8(土)/PXL_20260808_025022011.mp4
/Users/reimurase/Google Drive/マイドライブ/練習動画/2026練習/8 8(土)/20260808_1200-南-4.6.mp4,/Users/reimurase/Google Drive/マイドライブ/練習動画/2026練習/8 8(土)/PXL_20260808_030001583.mp4
/Users/reimurase/Google Drive/マイドライブ/練習動画/2026練習/8 9(日)/20260809_1057-南南西-3.4.MOV,/Users/reimurase/Google Drive/マイドライブ/練習動画/2026練習/8 9(日)/IMG_7461.MOV
/Users/reimurase/Google Drive/マイドライブ/練習動画/2026練習/8 9(日)/20260809_1057-南南西-3.4.MOV,/Users/reimurase/Google Drive/マイドライブ/練習動画/2026練習/8 9(日)/IMG_7463.MOV
/Users/reimurase/Google Drive/マイドライブ/練習動画/2026練習/8 9(日)/20260809_1056-南南西-3.4.MOV,/Users/reimurase/Google Drive/マイドライブ/練習動画/2026練習/8 9(日)/IMG_7464.MOV
/Users/reimurase/Google Drive/マイドライブ/練習動画/2026練習/8 9(日)/20260809_1056-南南西-3.4.MOV,/Users/reimurase/Google Drive/マイドライブ/練習動画/2026練習/8 9(日)/IMG_7465.MOV
/Users/reimurase/Google Drive/マイドライブ/練習動画/2026練習/8 9(日)/20260809_1056-南南西-3.4.MOV,/Users/reimurase/Google Drive/マイドライブ/練習動画/2026練習/8 9(日)/IMG_7466.MOV
/Users/reimurase/Google Drive/マイドライブ/練習動画/2026練習/8 9(日)/20260809_2156-北北西-3.1.MOV,/Users/reimurase/Google Drive/マイドライブ/練習動画/2026練習/8 9(日)/IMG_7467.MOV
/Users/reimurase/Google Drive/マイドライブ/練習動画/2026練習/8 9(日)/20260809_2156-北北西-3.1.MOV,/Users/reimurase/Google Drive/マイドライブ/練習動画/2026練習/8 9(日)/IMG_7468.MOV
/Users/reimurase/Google Drive/マイドライブ/練習動画/2026練習/8 9(日)/20260809_2155-北北西-3.1.MOV,/Users/reimurase/Google Drive/マイドライブ/練習動画/2026練習/8 9(日)/IMG_7469.MOV
/Users/reimurase/Google Drive/マイドライブ/練習動画/2026練習/8 9(日)/20260809_1058-南南西-3.4.MOV,/Users/reimurase/Google Drive/マイドライブ/練習動画/2026練習/8 9(日)/IMG_7471.MOV
/Users/reimurase/Google Drive/マイドライブ/練習動画/2026練習/8 9(日)/20260809_2258-北-3.7.MOV,/Users/reimurase/Google Drive/マイドライブ/練習動画/2026練習/8 9(日)/IMG_7472.MOV
/Users/reimurase/Google Drive/マイドライブ/練習動画/2026練習/8 9(日)/20260809_2258-北-3.7.MOV,/Users/reimurase/Google Drive/マイドライブ/練習動画/2026練習/8 9(日)/IMG_7473.MOV
/Users/reimurase/Google Drive/マイドライブ/練習動画/2026練習/ファミリーデイ/20260705_1005-西南西-1.4.MOV,/Users/reimurase/Google Drive/マイドライブ/練習動画/2026練習/ファミリーデイ/IMG_7836.MOV
/Users/reimurase/Google Drive/マイドライブ/練習動画/2026練習/ファミリーデイ/20260705_1006-西南西-1.4.MOV,/Users/reimurase/Google Drive/マイドライブ/練習動画/2026練習/ファミリーデイ/IMG_7849.MOV
/Users/reimurase/Google Drive/マイドライブ/練習動画/2026練習/ファミリーデイ/20260705_1021-西南西-1.4.MOV,/Users/reimurase/Google Drive/マイドライブ/練習動画/2026練習/ファミリーデイ/IMG_7853.MOV
/Users/reimurase/Google Drive/マイドライブ/練習動画/2026練習/ファミリーデイ/20260705_1005-西南西-1.4.MOV,/Users/reimurase/Google Drive/マイドライブ/練習動画/2026練習/ファミリーデイ/IMG_7865.MOV
/Users/reimurase/Google Drive/マイドライブ/練習動画/2026練習/ファミリーデイ/20260705_1021-西南西-1.4.MOV,/Users/reimurase/Google Drive/マイドライブ/練習動画/2026練習/ファミリーデイ/IMG_7869.MOV
/Users/reimurase/Google Drive/マイドライブ/練習動画/2026練習/ファミリーデイ/20260705_1005-西南西-1.4.MOV,/Users/reimurase/Google Drive/マイドライブ/練習動画/2026練習/ファミリーデイ/IMG_7870.MOV
/Users/reimurase/Google Drive/マイドライブ/練習動画/2026練習/ファミリーデイ/20260705_1021-西南西-1.4.MOV,/Users/reimurase/Google Drive/マイドライブ/練習動画/2026練習/ファミリーデイ/IMG_7871.MOV
/Users/reimurase/Google Drive/マイドライブ/練習動画/2026練習/ファミリーデイ/20260705_1005-西南西-1.4.MOV,/Users/reimurase/Google Drive/マイドライブ/練習動画/2026練習/ファミリーデイ/IMG_7877.MOV
/Users/reimurase/Google Drive/マイドライブ/練習動画/2026練習/ファミリーデイ/20260705_1021-西南西-1.4.MOV,/Users/reimurase/Google Drive/マイドライブ/練習動画/2026練習/ファミリーデイ/IMG_7878.MOV
/Users/reimurase/Google Drive/マイドライブ/練習動画/2026練習/ファミリーデイ/20260705_1021-西南西-1.4.MOV,/Users/reimurase/Google Drive/マイドライブ/練習動画/2026練習/ファミリーデイ/IMG_7879.MOV
/Users/reimurase/Google Drive/マイドライブ/練習動画/2026練習/ファミリーデイ/20260705_1005-西南西-1.4.MOV,/Users/reimurase/Google Drive/マイドライブ/練習動画/2026練習/ファミリーデイ/IMG_7880.MOV
/Users/reimurase/Google Drive/マイドライブ/練習動画/2026練習/ファミリーデイ/20260705_1021-西南西-1.4.MOV,/Users/reimurase/Google Drive/マイドライブ/練習動画/2026練習/ファミリーデイ/IMG_7883.MOV
/Users/reimurase/Google Drive/マイドライブ/練習動画/2026練習/ファミリーデイ/20260705_1005-西南西-1.4.MOV,/Users/reimurase/Google Drive/マイドライブ/練習動画/2026練習/ファミリーデイ/IMG_7889.MOV
/Users/reimurase/Google Drive/マイドライブ/練習動画/2026練習/ファミリーデイ/20260705_1005-西南西-1.4.MOV,/Users/reimurase/Google Drive/マイドライブ/練習動画/2026練習/ファミリーデイ/IMG_7891.MOV
/Users/reimurase/Google Drive/マイドライブ/練習動画/2026練習/ファミリーデイ/20260705_1005-西南西-1.4.MOV,/Users/reimurase/Google Drive/マイドライブ/練習動画/2026練習/ファミリーデイ/IMG_7892.MOV
/Users/reimurase/Google Drive/マイドライブ/練習動画/2026練習/ファミリーデイ/20260705_1005-西南西-1.4.MOV,/Users/reimurase/Google Drive/マイドライブ/練習動画/2026練習/ファミリーデイ/IMG_7893.MOV
/Users/reimurase/Google Drive/マイドライブ/練習動画/2026練習/ファミリーデイ/20260705_1006-西南西-1.4.MOV,/Users/reimurase/Google Drive/マイドライブ/練習動画/2026練習/ファミリーデイ/IMG_7896.MOV
