[1/204] SKIP exists: 2026-08-16_風速3.2ms_風向NE47度_Day 5 2026 470 World Championship, Enoshima JPN.mp4
[2/204] SKIP exists: 2026-08-16_風速3.2ms_風向NE47度_Gold Fleet Race 5 470 World Championship.mp4
[3/204] SKIP exists: 2026-08-16_風速3.2ms_風向NE47度_Gold Fleet Race 4 470 World Championship.mp4
[4/204] SKIP exists: 2026-08-15_風速2.8ms_風向E99度_Day 4 2026 470 World Championship, Enoshima JPN.mp4
[5/204] SKIP exists: 2026-08-15_風速2.8ms_風向E99度_Gold Fleet Race 2 470 World Championship – Afternoon Racing.mp4
[6/204] SKIP exists: 2026-08-15_風速2.8ms_風向E99度_Gold Fleet Race 1 470 World Championship – Full Video Coverage.mp4
[7/204] GET e-hUkJ67G-o -> 2026-08-14_風速1.4ms_風向N5度_Day 3 2026 470 World Championship, Enoshima JPN.mp4
[7/204] FAIL e-hUkJ67G-o: ERROR: [youtube] e-hUkJ67G-o: Sign in to confirm you’re not a bot. Use --cookies-from-browser or --cookies for the authentication. See  https://github.com/yt-dlp/yt-dlp/wiki/FAQ#how-do-i-pass-cookies-to-yt-dlp  for how to manually pass cookies. Also see  https://github.com/yt-dlp/yt-dlp/wiki/Extractors#exporting-youtube-cookies  for tips on effectively exporting YouTube cookies
[8/204] SKIP exists: 2026-08-13_風速4.0ms_風向NE45度_Day 2 2026 470 World Championship, Enoshima JPN.mp4
[9/204] SKIP exists: 2026-08-12_風速2.5ms_風向SE143度_Day 1 2026 470 World Championship, Enoshima JPN.mp4
[10/204] SKIP exists: 2026-08-11_風速4.4ms_風向SW230度_Day 0 2026 470 World Championship, Enoshima JPN.mp4
[11/204] SKIP exists: 2026-07-26_風速4.0ms_風向SW217度_Day 5 2026 420 & 470 Junior European Championship, Nida LTU.mp4
[12/204] SKIP exists: 2026-07-25_風速5.5ms_風向WSW241度_Day 4 2026 420 & 470 Junior European Championship, Nida LTU.mp4
[13/204] SKIP exists: 2026-07-24_風速5.2ms_風向NNW336度_Day 3 2026 420 & 470 Junior European Championship, Nida LTU.mp4
[14/204] SKIP exists: 2026-07-23_風速2.9ms_風向WSW238度_Day 2 2026 420 & 470 Junior European Championship, Nida LTU.mp4
[15/204] GET 6-iQObbbii4 -> 2026-07-22_風速5.9ms_風向W278度_Day 1 2026 420 & 470 Junior European Championship, Nida LTU.mp4
[15/204] FAIL 6-iQObbbii4: ERROR: [youtube] 6-iQObbbii4: Sign in to confirm you’re not a bot. Use --cookies-from-browser or --cookies for the authentication. See  https://github.com/yt-dlp/yt-dlp/wiki/FAQ#how-do-i-pass-cookies-to-yt-dlp  for how to manually pass cookies. Also see  https://github.com/yt-dlp/yt-dlp/wiki/Extractors#exporting-youtube-cookies  for tips on effectively exporting YouTube cookies
[16/204] SKIP exists: 2024-07-28_風速2.8ms_風向SW234度_Day 6 2024 420 470 Junior European Championship.mp4
[17/204] SKIP exists: 2024-07-28_風速2.8ms_風向SW234度_Day 6 2024 470 Junior European Championship, Thessaloniki GRE.mp4
[18/204] SKIP exists: 2024-07-27_風速2.1ms_風向NW314度_Day 5 2024 420 470 Junior European Championship.mp4
[19/204] SKIP exists: 2024-07-27_風速2.1ms_風向NW314度_Day 5 2024 470 Junior European Championship, Thessaloniki GRE.mp4
[20/204] SKIP exists: 2024-07-26_風速4.7ms_風向NNW335度_Day 4 2024 420 470 Junior European Championship.mp4
[21/204] SKIP exists: 2024-07-26_風速4.7ms_風向NNW335度_Day 4 2024 470 Junior European Championship, Thessaloniki GRE.mp4
[22/204] SKIP exists: 2024-07-25_風速2.3ms_風向NE43度_Day 3 2024 420 470 Junior European Championship.mp4
[23/204] GET qtthgQtPL4E -> 2024-07-25_風速2.3ms_風向NE43度_Day 3 2024 470 Junior European Championship, Thessaloniki GRE.mp4
[23/204] FAIL qtthgQtPL4E: ERROR: [youtube] qtthgQtPL4E: Sign in to confirm you’re not a bot. Use --cookies-from-browser or --cookies for the authentication. See  https://github.com/yt-dlp/yt-dlp/wiki/FAQ#how-do-i-pass-cookies-to-yt-dlp  for how to manually pass cookies. Also see  https://github.com/yt-dlp/yt-dlp/wiki/Extractors#exporting-youtube-cookies  for tips on effectively exporting YouTube cookies
[24/204] SKIP exists: 2024-07-25_風速2.3ms_風向NE43度_Day 2 2024 420 470 Junior European Championship.mp4
[25/204] SKIP exists: 2024-07-23_風速1.4ms_風向S169度_Day 1 2024 420 470 Junior European Championship.mp4
[26/204] SKIP exists: 2024-05-12_風速2.1ms_風向SE126度_2024 470 European Championship Day 6 Highlights.mp4
[27/204] GET Pm_KL4p_O6c -> 2024-05-11_風速1.9ms_風向SE133度_2024 470 European Championship Day 5 Highlights.mp4
[27/204] FAIL Pm_KL4p_O6c: ERROR: [youtube] Pm_KL4p_O6c: Sign in to confirm you’re not a bot. Use --cookies-from-browser or --cookies for the authentication. See  https://github.com/yt-dlp/yt-dlp/wiki/FAQ#how-do-i-pass-cookies-to-yt-dlp  for how to manually pass cookies. Also see  https://github.com/yt-dlp/yt-dlp/wiki/Extractors#exporting-youtube-cookies  for tips on effectively exporting YouTube cookies
[28/204] SKIP exists: 2024-05-10_風速1.8ms_風向SSE161度_2024 470 European Championship Day 4 Highlights.mp4
[29/204] SKIP exists: 2024-05-09_風速1.9ms_風向S174度_2024 470 European Championship Day 3 Highlights.mp4
[30/204] SKIP exists: 2024-05-08_風速2.3ms_風向S183度_2024 470 European Championship Day 2 Highlights.mp4
[31/204] SKIP exists: 2024-05-07_風速1.2ms_風向NE48度_2024 470 European Championship Day 1 Highlights.mp4
[32/204] GET JHngrJV3RuA -> 2024-03-03_風速8.5ms_風向WNW291度_2024 470 Worlds Championship Day 6 Highlights.mp4
[32/204] FAIL JHngrJV3RuA: ERROR: [youtube] JHngrJV3RuA: Sign in to confirm you’re not a bot. Use --cookies-from-browser or --cookies for the authentication. See  https://github.com/yt-dlp/yt-dlp/wiki/FAQ#how-do-i-pass-cookies-to-yt-dlp  for how to manually pass cookies. Also see  https://github.com/yt-dlp/yt-dlp/wiki/Extractors#exporting-youtube-cookies  for tips on effectively exporting YouTube cookies
[33/204] SKIP exists: 2024-03-02_風速8.2ms_風向SW228度_2024 470 Worlds Championship Day 5 Highlights.mp4
[34/204] SKIP exists: 2024-03-01_風速6.4ms_風向WNW302度_2024 470 Worlds Championship Day 4 Highlights.mp4
[35/204] SKIP exists: 2024-02-29_風速2.2ms_風向NNW337度_2024 470 Worlds Championship Day 3 Highlights.mp4
[36/204] SKIP exists: 2024-02-28_風速4.2ms_風向NNW348度_2024 470 Worlds Championship Day 2 Highlights.mp4
[37/204] SKIP exists: 2024-02-27_風速4.2ms_風向NNW330度_2024 470 World Championship Day 1 Highlights.mp4
[38/204] SKIP exists: 2023-08-15_風速4.6ms_風向W262度_Highlights from 470 Class on Day 4 of the Allianz Sailing World Championships at The Hague.mp4
[39/204] SKIP exists: 2023-08-14_風速4.9ms_風向S186度_Highlights from 470 Class on Day 3 of the Allianz Sailing World Championships at The Hague.mp4
[40/204] GET tEuPtTvLaQQ -> 2023-08-12_風速6.2ms_風向WSW244度_Highlights from 470 Class on Day 2 of the Allianz Sailing World Championships at The Hague.mp4
[40/204] FAIL tEuPtTvLaQQ: ERROR: [youtube] tEuPtTvLaQQ: Sign in to confirm you’re not a bot. Use --cookies-from-browser or --cookies for the authentication. See  https://github.com/yt-dlp/yt-dlp/wiki/FAQ#how-do-i-pass-cookies-to-yt-dlp  for how to manually pass cookies. Also see  https://github.com/yt-dlp/yt-dlp/wiki/Extractors#exporting-youtube-cookies  for tips on effectively exporting YouTube cookies
[41/204] SKIP exists: 2023-08-11_風速5.3ms_風向WSW237度_Highlights from 470 Class on Day 1 of the Allianz Sailing World Championships at The Hague.mp4
[42/204] SKIP exists: 2022-10-29_風速4.0ms_風向N360度_2022 470 World Championship Day 6.mp4
[43/204] SKIP exists: 2022-10-29_風速4.0ms_風向N360度_2022 470 World Championship Day 5.mp4
[44/204] SKIP exists: 2022-10-27_風速3.3ms_風向NW310度_2022 470 World Championship Day 4.mp4
[45/204] SKIP exists: 2022-10-26_風速2.0ms_風向ESE102度_2022 470 World Championship Day 3.mp4
[46/204] GET -6eUFO6lS3o -> 2022-10-26_風速2.0ms_風向ESE102度_2022 470 World Championship Day 2.mp4
[46/204] FAIL -6eUFO6lS3o: ERROR: [youtube] -6eUFO6lS3o: Sign in to confirm you’re not a bot. Use --cookies-from-browser or --cookies for the authentication. See  https://github.com/yt-dlp/yt-dlp/wiki/FAQ#how-do-i-pass-cookies-to-yt-dlp  for how to manually pass cookies. Also see  https://github.com/yt-dlp/yt-dlp/wiki/Extractors#exporting-youtube-cookies  for tips on effectively exporting YouTube cookies
[47/204] SKIP exists: 2022-10-26_風速2.0ms_風向ESE102度_2022 470 World Championship Day 1.mp4
[48/204] SKIP exists: 2022-09-15_風速1.8ms_風向WNW300度_Highlights 2022 470 European Championship, Çeşme TUR.mp4
[49/204] SKIP exists: 2022-09-15_風速1.8ms_風向WNW300度_2022 470 European Championship Day 2.mp4
[50/204] SKIP exists: 2022-09-15_風速1.8ms_風向WNW300度_2022 470 European Championship Day 1.mp4
[51/204] SKIP exists: 2022-08-18_風速3.0ms_風向SW231度_2022 470 Junior Worlds Medal race.mp4
[52/204] SKIP exists: 2022-08-18_風速3.0ms_風向SW231度_2022 470 Junior Worlds Race 8 and more.mp4
[53/204] SKIP exists: 2022-08-18_風速3.0ms_風向SW231度_2022 470 Junior Worlds Race 6 drone footage.mp4
[54/204] SKIP exists: 2022-08-18_風速3.0ms_風向SW231度_2022 470 Junior Worlds Raw drone footage.mp4
[55/204] GET piPIjUaYXQk -> 2022-08-03_風速1.5ms_風向ENE57度_Race 11 2022 470 Masters Cup Tihany, HUN.mp4
[55/204] FAIL piPIjUaYXQk: ERROR: [youtube] piPIjUaYXQk: Sign in to confirm you’re not a bot. Use --cookies-from-browser or --cookies for the authentication. See  https://github.com/yt-dlp/yt-dlp/wiki/FAQ#how-do-i-pass-cookies-to-yt-dlp  for how to manually pass cookies. Also see  https://github.com/yt-dlp/yt-dlp/wiki/Extractors#exporting-youtube-cookies  for tips on effectively exporting YouTube cookies
[56/204] SKIP exists: 2022-08-03_風速1.5ms_風向ENE57度_Race 10 2022 470 Masters Cup Tihany, HUN.mp4
[57/204] SKIP exists: 2022-08-03_風速1.5ms_風向ENE57度_Race 9 2022 470 Masters Cup Tihany, HUN.mp4
[58/204] SKIP exists: 2022-08-03_風速1.5ms_風向ENE57度_Race 8 2022 470 Masters Cup Tihany, HUN.mp4
[59/204] GET u00Gp0a7vX4 -> 2022-08-03_風速1.5ms_風向ENE57度_Race 7 2022 470 Masters Cup Tihany, HUN.mp4
[59/204] FAIL u00Gp0a7vX4: ERROR: [youtube] u00Gp0a7vX4: Sign in to confirm you’re not a bot. Use --cookies-from-browser or --cookies for the authentication. See  https://github.com/yt-dlp/yt-dlp/wiki/FAQ#how-do-i-pass-cookies-to-yt-dlp  for how to manually pass cookies. Also see  https://github.com/yt-dlp/yt-dlp/wiki/Extractors#exporting-youtube-cookies  for tips on effectively exporting YouTube cookies
[60/204] SKIP exists: 2022-08-03_風速1.5ms_風向ENE57度_Race 3 2022 470 Masters Cup Tihany, HUN.mp4
[61/204] SKIP exists: 2022-08-03_風速1.5ms_風向ENE57度_Race 2 2022 470 Masters Cup Tihany, HUN.mp4
[62/204] SKIP exists: 2022-08-03_風速1.5ms_風向ENE57度_Race 1 2022 470 Masters Cup Tihany, HUN.mp4
[63/204] SKIP exists: 2022-07-25_風速3.7ms_風向NW321度_Race day 5 highlights - 2022 420 & 470 Junior Europeans.mp4
[64/204] SKIP exists: 2022-07-25_風速3.7ms_風向NW321度_Race day 4 highlights - 2022 420 & 470 Junior Europeans.mp4
[65/204] SKIP exists: 2022-07-23_風速3.2ms_風向SSW210度_Race day 3 highlights - 2022 420 & 470 Junior Europeans.mp4
[66/204] SKIP exists: 2022-07-22_風速3.8ms_風向SW221度_Race day 2 highlights - 2022 420 & 470 Junior Europeans.mp4
[67/204] SKIP exists: 2022-07-21_風速3.5ms_風向SSW210度_Race day 1 highlights - 2022 420 & 470 Junior Europeans.mp4
[68/204] GET CiHLDklSLd0 -> 2021-05-07_風速3.4ms_風向SW215度_7 May - 2021 470 European Championship, Vilamoura, POR.mp4
[68/204] FAIL CiHLDklSLd0: ERROR: [youtube] CiHLDklSLd0: Sign in to confirm you’re not a bot. Use --cookies-from-browser or --cookies for the authentication. See  https://github.com/yt-dlp/yt-dlp/wiki/FAQ#how-do-i-pass-cookies-to-yt-dlp  for how to manually pass cookies. Also see  https://github.com/yt-dlp/yt-dlp/wiki/Extractors#exporting-youtube-cookies  for tips on effectively exporting YouTube cookies
[69/204] SKIP exists: 2021-05-06_風速2.9ms_風向W263度_6 May - 2021 470 European Championship, Vilamoura, POR.mp4
[70/204] SKIP exists: 2021-05-05_風速3.9ms_風向SW217度_5 May - 2021 470 European Championship, Vilamoura, POR.mp4
[71/204] SKIP exists: 2021-05-04_風速4.0ms_風向SW229度_4 May - 2021 470 European Championship, Vilamoura, POR.mp4
[72/204] SKIP exists: 2021-05-03_風速3.1ms_風向SSE162度_3 May - 2021 470 European Championship, Vilamoura, POR.mp4
[73/204] SKIP exists: 2021-05-02_風速2.8ms_風向NW316度_2 May - 2021 470 European Championship, Vilamoura, POR.mp4
[74/204] SKIP exists: 2021-05-01_風速4.6ms_風向WSW258度_1 May - 2021 470 European Championship, Vilamoura, POR.mp4
[75/204] SKIP exists: 2021-04-30_風速3.9ms_風向WNW303度_30 April - 2021 470 European Championship, Vilamoura, POR.mp4
[76/204] SKIP exists: 2021-03-13_風速4.1ms_風向N352度_13 March - 2021 470 World Championship, Vilamoura, Portugal.mp4
[77/204] SKIP exists: 2021-03-12_風速5.0ms_風向NNW332度_12 March - 2021 470 World Championship, Vilamoura, Portugal.mp4
[78/204] SKIP exists: 2021-03-11_風速2.1ms_風向SW229度_11 March - 2021 470 World Championship, Vilamoura, Portugal.mp4
[79/204] SKIP exists: 2021-03-10_風速2.8ms_風向SW216度_10 March - 2021 470 World Championship, Vilamoura, Portugal.mp4
[80/204] SKIP exists: 2021-03-09_風速4.0ms_風向N354度_9 March - 2021 470 World Championship, Vilamoura, Portugal.mp4
[81/204] SKIP exists: 2021-03-08_風速4.9ms_風向NW317度_8 March - 2021 470 World Championship, Vilamoura, Portugal.mp4
[82/204] SKIP exists: 2021-03-07_風速3.2ms_風向W272度_7 March - 2021 470 World Championship, Vilamoura, Portugal.mp4
[83/204] SKIP exists: 2021-03-06_風速4.2ms_風向ESE107度_6 March - 2021 470 World Championship, Vilamoura, Portugal.mp4
[84/204] SKIP exists: 2021-03-05_風速3.4ms_風向SE138度_5 March - 2021 470 World Championship, Vilamoura, Portugal.mp4
[85/204] SKIP exists: 2003-04-26_風速2.5ms_風向SSW212度_2003 Sprint Cup.mp4
[86/204] SKIP exists: 2019-08-09_風速5.9ms_風向S186度_Race Day 6 - 9 August - 2019 470 World Championship, Enoshima, Japan.mp4
[87/204] SKIP exists: 2019-08-08_風速7.8ms_風向SSW192度_Race Day 5 - 8 August - 2019 470 World Championship, Enoshima, Japan.mp4
[88/204] SKIP exists: 2019-08-07_風速6.7ms_風向S187度_Race Day 4 7 August I 2019 470 World Championships, Enoshima, Japan.mp4
[89/204] SKIP exists: 2019-08-06_風速6.5ms_風向S188度_Race Day 3 6 August I 2019 470 World Championships, Enoshima, Japan.mp4
[90/204] SKIP exists: 2019-08-05_風速3.3ms_風向SSW204度_Race Day 2 - 5 August - 2019 470 World Championships, Enoshima, Japan.mp4
[91/204] SKIP exists: 2019-08-04_風速3.7ms_風向S189度_Race Day 1 - 4 August - 2019 470 World Championship, Enoshima, Japan.mp4
[92/204] SKIP exists: 2019-08-03_風速4.8ms_風向SSW194度_3 August - 2019 470 World Championships, Enoshima, Japan.mp4
[93/204] SKIP exists: 2019-08-02_風速3.9ms_風向S189度_2 August - 2019 470 World Championship, Enoshima, Japan.mp4
[94/204] SKIP exists: 2019-05-10_風速2.2ms_風向SE142度_MedalRaceW.mp4
[95/204] GET GP5Dxxx2NsM -> 2019-05-10_風速2.2ms_風向SE142度_MedalRaceM.mp4
[95/204] FAIL GP5Dxxx2NsM: ERROR: [youtube] GP5Dxxx2NsM: Sign in to confirm you’re not a bot. Use --cookies-from-browser or --cookies for the authentication. See  https://github.com/yt-dlp/yt-dlp/wiki/FAQ#how-do-i-pass-cookies-to-yt-dlp  for how to manually pass cookies. Also see  https://github.com/yt-dlp/yt-dlp/wiki/Extractors#exporting-youtube-cookies  for tips on effectively exporting YouTube cookies
[96/204] SKIP exists: 2019-05-10_風速2.2ms_風向SE142度_Day 5 Highlights 2019 470 European Championship.mp4
[97/204] SKIP exists: 2019-05-09_風速2.4ms_風向ESE105度_Day 4 Highlights 2019 470 European Championship.mp4
[98/204] SKIP exists: 2019-05-08_風速3.0ms_風向SSW198度_Day 3 Highlights 2019 470 European Championship.mp4
[99/204] SKIP exists: 2019-05-06_風速4.2ms_風向SSW205度_Day 1 Highlights 2019 470 European Championship.mp4
[100/204] SKIP exists: 2018-08-25_風速5.4ms_風向SSW200度_2018 470 Junior World Championship - Day 5.mp4
[101/204] SKIP exists: 2018-08-22_風速2.1ms_風向S189度_2018 470 Junior World Championship - Day 2.mp4
[102/204] SKIP exists: 2018-08-21_風速1.3ms_風向ESE123度_2018 470 Junior World Championship - Day 1.mp4
[103/204] SKIP exists: 2018-08-26_風速3.0ms_風向W279度_2018 470 Junior World Championship - Day 6.mp4
[104/204] GET Rlg3XhEFcbQ -> 2018-05-24_風速4.7ms_風向ENE71度_2018 470 European Championship - Day 6.mp4
[104/204] FAIL Rlg3XhEFcbQ: ERROR: [youtube] Rlg3XhEFcbQ: Sign in to confirm you’re not a bot. Use --cookies-from-browser or --cookies for the authentication. See  https://github.com/yt-dlp/yt-dlp/wiki/FAQ#how-do-i-pass-cookies-to-yt-dlp  for how to manually pass cookies. Also see  https://github.com/yt-dlp/yt-dlp/wiki/Extractors#exporting-youtube-cookies  for tips on effectively exporting YouTube cookies
[105/204] GET gmXAzqYhgfU -> 2018-05-23_風速4.4ms_風向ENE76度_2018 470 European Championship - Day 5.mp4
[105/204] FAIL gmXAzqYhgfU: ERROR: [youtube] gmXAzqYhgfU: Sign in to confirm you’re not a bot. Use --cookies-from-browser or --cookies for the authentication. See  https://github.com/yt-dlp/yt-dlp/wiki/FAQ#how-do-i-pass-cookies-to-yt-dlp  for how to manually pass cookies. Also see  https://github.com/yt-dlp/yt-dlp/wiki/Extractors#exporting-youtube-cookies  for tips on effectively exporting YouTube cookies
[106/204] SKIP exists: 2018-05-22_風速5.5ms_風向ENE70度_2018 470 European Championship - Day 4.mp4
[107/204] GET aQRycJFK_FM -> 2018-05-21_風速5.4ms_風向ENE64度_2018 470 European Championship - Day 3.mp4
[107/204] FAIL aQRycJFK_FM: ERROR: [youtube] aQRycJFK_FM: Sign in to confirm you’re not a bot. Use --cookies-from-browser or --cookies for the authentication. See  https://github.com/yt-dlp/yt-dlp/wiki/FAQ#how-do-i-pass-cookies-to-yt-dlp  for how to manually pass cookies. Also see  https://github.com/yt-dlp/yt-dlp/wiki/Extractors#exporting-youtube-cookies  for tips on effectively exporting YouTube cookies
[108/204] SKIP exists: 2018-05-20_風速2.9ms_風向ENE60度_470 Open European Championship 2018 Day 2.mp4
[109/204] GET dHDL7FP8eXg -> 2018-05-20_風速2.9ms_風向ENE60度_2018 470 European Championship - Day 1.mp4
[109/204] FAIL dHDL7FP8eXg: ERROR: [youtube] dHDL7FP8eXg: Sign in to confirm you’re not a bot. Use --cookies-from-browser or --cookies for the authentication. See  https://github.com/yt-dlp/yt-dlp/wiki/FAQ#how-do-i-pass-cookies-to-yt-dlp  for how to manually pass cookies. Also see  https://github.com/yt-dlp/yt-dlp/wiki/Extractors#exporting-youtube-cookies  for tips on effectively exporting YouTube cookies
[110/204] SKIP exists: 2017-09-02_風速8.2ms_風向NNE24度_2017 470 Junior Worlds - Day 6 (Final Day).mp4
[111/204] GET tso2kxIqBPU -> 2017-09-01_風速8.9ms_風向NE49度_2017 470 Junior Worlds - Day 5.mp4
[111/204] FAIL tso2kxIqBPU: ERROR: [youtube] tso2kxIqBPU: Sign in to confirm you’re not a bot. Use --cookies-from-browser or --cookies for the authentication. See  https://github.com/yt-dlp/yt-dlp/wiki/FAQ#how-do-i-pass-cookies-to-yt-dlp  for how to manually pass cookies. Also see  https://github.com/yt-dlp/yt-dlp/wiki/Extractors#exporting-youtube-cookies  for tips on effectively exporting YouTube cookies
[112/204] SKIP exists: 2017-08-31_風速9.8ms_風向NNE23度_2017 470 Junior Worlds - Day 4.mp4
[113/204] SKIP exists: 2017-08-30_風速4.5ms_風向S189度_2017 470 Junior Worlds - Day 3.mp4
[114/204] GET w4JbM_3eh7Q -> 2017-08-29_風速8.7ms_風向SSW193度_2017 470 Junior Worlds - Day 2.mp4
[114/204] FAIL w4JbM_3eh7Q: ERROR: [youtube] w4JbM_3eh7Q: Sign in to confirm you’re not a bot. Use --cookies-from-browser or --cookies for the authentication. See  https://github.com/yt-dlp/yt-dlp/wiki/FAQ#how-do-i-pass-cookies-to-yt-dlp  for how to manually pass cookies. Also see  https://github.com/yt-dlp/yt-dlp/wiki/Extractors#exporting-youtube-cookies  for tips on effectively exporting YouTube cookies
[115/204] SKIP exists: 2017-08-28_風速2.5ms_風向S172度_2017 470 Junior Worlds - Day 1.mp4
[116/204] SKIP exists: 2017-08-27_風速4.2ms_風向ENE67度_2017 470 Junior Worlds - Day 0.mp4
[117/204] GET J3vdbAuUAAU -> 2017-07-15_風速2.6ms_風向SW220度_2017 470 World Championships 2017 - Day 6.mp4
[117/204] FAIL J3vdbAuUAAU: ERROR: [youtube] J3vdbAuUAAU: Sign in to confirm you’re not a bot. Use --cookies-from-browser or --cookies for the authentication. See  https://github.com/yt-dlp/yt-dlp/wiki/FAQ#how-do-i-pass-cookies-to-yt-dlp  for how to manually pass cookies. Also see  https://github.com/yt-dlp/yt-dlp/wiki/Extractors#exporting-youtube-cookies  for tips on effectively exporting YouTube cookies
[118/204] SKIP exists: 2017-07-14_風速2.9ms_風向WSW247度_2017 470 World Championships 2017 - Day 5.mp4
[119/204] SKIP exists: 2017-07-13_風速2.4ms_風向SW232度_2017 470 World Championships 2017 - Day 4.mp4
[120/204] SKIP exists: 2017-07-12_風速1.9ms_風向SW229度_2017 470 World Championships 2017 - Day 3.mp4
[121/204] GET DKKjYF3XyRw -> 2017-07-11_風速3.3ms_風向SSW203度_2017 470 World Championships 2017 - Day 2.mp4
[121/204] FAIL DKKjYF3XyRw: ERROR: [youtube] DKKjYF3XyRw: Sign in to confirm you’re not a bot. Use --cookies-from-browser or --cookies for the authentication. See  https://github.com/yt-dlp/yt-dlp/wiki/FAQ#how-do-i-pass-cookies-to-yt-dlp  for how to manually pass cookies. Also see  https://github.com/yt-dlp/yt-dlp/wiki/Extractors#exporting-youtube-cookies  for tips on effectively exporting YouTube cookies
[122/204] SKIP exists: 2017-07-10_風速3.2ms_風向S191度_2017 470 World Championships - Day 1.mp4
[123/204] SKIP exists: 2017-05-14_風速2.6ms_風向SE137度_2017 470 European Championship - Day 6.mp4
[124/204] SKIP exists: 2017-05-14_風速2.6ms_風向SE137度_2017 470 European Championship - Day 5.mp4
[125/204] SKIP exists: 2017-05-11_風速7.4ms_風向E88度_2017 470 European Championship Day 4.mp4
[126/204] SKIP exists: 2017-05-11_風速7.4ms_風向E88度_2017 470 European Championship - Day 3.mp4
[127/204] SKIP exists: 2017-05-10_風速3.2ms_風向SE124度_2017 470 European Championship - Day 2.mp4
[128/204] GET sjuOw8GlI10 -> 2017-05-09_風速2.1ms_風向SSE165度_2017 470 European Championship - Day 1.mp4
[128/204] FAIL sjuOw8GlI10: ERROR: [youtube] sjuOw8GlI10: Sign in to confirm you’re not a bot. Use --cookies-from-browser or --cookies for the authentication. See  https://github.com/yt-dlp/yt-dlp/wiki/FAQ#how-do-i-pass-cookies-to-yt-dlp  for how to manually pass cookies. Also see  https://github.com/yt-dlp/yt-dlp/wiki/Extractors#exporting-youtube-cookies  for tips on effectively exporting YouTube cookies
[129/204] SKIP exists: 2016-04-13_風速6.6ms_風向W277度_2016 470 European Championship - Day 6.mp4
[130/204] SKIP exists: 2016-04-11_風速3.9ms_風向WSW239度_2016 470 European Championship - Day 5.mp4
[131/204] GET zC3JWg6dx30 -> 2016-04-10_風速5.7ms_風向S179度_2016 470 European Championship - Day 4.mp4
[131/204] FAIL zC3JWg6dx30: ERROR: [youtube] zC3JWg6dx30: Sign in to confirm you’re not a bot. Use --cookies-from-browser or --cookies for the authentication. See  https://github.com/yt-dlp/yt-dlp/wiki/FAQ#how-do-i-pass-cookies-to-yt-dlp  for how to manually pass cookies. Also see  https://github.com/yt-dlp/yt-dlp/wiki/Extractors#exporting-youtube-cookies  for tips on effectively exporting YouTube cookies
[132/204] SKIP exists: 2016-04-09_風速5.6ms_風向WNW290度_2016 470 European Championship - Day 3.mp4
[133/204] SKIP exists: 2016-04-09_風速5.6ms_風向WNW290度_2016 470 European Championship - Day 2.mp4
[134/204] SKIP exists: 2016-04-08_風速4.5ms_風向N10度_2016 470 European Championship - Opening Day.mp4
[135/204] SKIP exists: 2016-02-25_風速3.1ms_風向SE125度_470 World ARGENTINA2016_Day3.mp4
[136/204] SKIP exists: 2015-10-18_風速2.2ms_風向NNW333度_2015 470 World Championships Haifa, Israel - Day 6.mp4
[137/204] GET l1pTG4mlNY8 -> 2015-10-17_風速3.0ms_風向NNW330度_2015 470 World Championships Haifa, Israel - Day 5.mp4
[137/204] FAIL l1pTG4mlNY8: ERROR: [youtube] l1pTG4mlNY8: Sign in to confirm you’re not a bot. Use --cookies-from-browser or --cookies for the authentication. See  https://github.com/yt-dlp/yt-dlp/wiki/FAQ#how-do-i-pass-cookies-to-yt-dlp  for how to manually pass cookies. Also see  https://github.com/yt-dlp/yt-dlp/wiki/Extractors#exporting-youtube-cookies  for tips on effectively exporting YouTube cookies
[138/204] SKIP exists: 2015-10-16_風速3.8ms_風向NNW334度_2015 470 World Championships Haifa, Israel - Day 4.mp4
[139/204] GET uqvDje-GCuM -> 2015-10-15_風速4.1ms_風向NNW331度_2015 470 World Championships Haifa, Israel - Day 3.mp4
[139/204] FAIL uqvDje-GCuM: ERROR: [youtube] uqvDje-GCuM: Sign in to confirm you’re not a bot. Use --cookies-from-browser or --cookies for the authentication. See  https://github.com/yt-dlp/yt-dlp/wiki/FAQ#how-do-i-pass-cookies-to-yt-dlp  for how to manually pass cookies. Also see  https://github.com/yt-dlp/yt-dlp/wiki/Extractors#exporting-youtube-cookies  for tips on effectively exporting YouTube cookies
[140/204] SKIP exists: 2015-10-14_風速3.7ms_風向NW319度_2015 470 World Championships Haifa, Israel - Day 2.mp4
[141/204] GET bUYuIuCoEqg -> 2015-10-12_風速4.6ms_風向N353度_2015 470 World Championships Haifa, Israel - Day 1.mp4
[141/204] FAIL bUYuIuCoEqg: ERROR: [youtube] bUYuIuCoEqg: Sign in to confirm you’re not a bot. Use --cookies-from-browser or --cookies for the authentication. See  https://github.com/yt-dlp/yt-dlp/wiki/FAQ#how-do-i-pass-cookies-to-yt-dlp  for how to manually pass cookies. Also see  https://github.com/yt-dlp/yt-dlp/wiki/Extractors#exporting-youtube-cookies  for tips on effectively exporting YouTube cookies
[142/204] GET bD1ef21qZTo -> 2015-10-10_風速2.3ms_風向NNW329度_2015 470 Worlds - Day 1, 10 October 2015.mp4
[142/204] FAIL bD1ef21qZTo: ERROR: [youtube] bD1ef21qZTo: Sign in to confirm you’re not a bot. Use --cookies-from-browser or --cookies for the authentication. See  https://github.com/yt-dlp/yt-dlp/wiki/FAQ#how-do-i-pass-cookies-to-yt-dlp  for how to manually pass cookies. Also see  https://github.com/yt-dlp/yt-dlp/wiki/Extractors#exporting-youtube-cookies  for tips on effectively exporting YouTube cookies
[143/204] GET 2WqKvYopNiU -> 2015-08-16_風速3.7ms_風向SE132度_2015 420 & 470 Junior European Championships - Day 6.mp4
[143/204] FAIL 2WqKvYopNiU: ERROR: [youtube] 2WqKvYopNiU: Sign in to confirm you’re not a bot. Use --cookies-from-browser or --cookies for the authentication. See  https://github.com/yt-dlp/yt-dlp/wiki/FAQ#how-do-i-pass-cookies-to-yt-dlp  for how to manually pass cookies. Also see  https://github.com/yt-dlp/yt-dlp/wiki/Extractors#exporting-youtube-cookies  for tips on effectively exporting YouTube cookies
[144/204] GET BYcSNS-5380 -> 2015-08-14_風速2.0ms_風向ENE64度_2015 420 & 470 Junior European Championships - Day 5.mp4
[144/204] FAIL BYcSNS-5380: ERROR: [youtube] BYcSNS-5380: Sign in to confirm you’re not a bot. Use --cookies-from-browser or --cookies for the authentication. See  https://github.com/yt-dlp/yt-dlp/wiki/FAQ#how-do-i-pass-cookies-to-yt-dlp  for how to manually pass cookies. Also see  https://github.com/yt-dlp/yt-dlp/wiki/Extractors#exporting-youtube-cookies  for tips on effectively exporting YouTube cookies
[145/204] GET ItbEygETGXw -> 2015-08-13_風速2.5ms_風向NE43度_2015 420 & 470 Junior European Championships - Day 4.mp4
[145/204] FAIL ItbEygETGXw: ERROR: [youtube] ItbEygETGXw: Sign in to confirm you’re not a bot. Use --cookies-from-browser or --cookies for the authentication. See  https://github.com/yt-dlp/yt-dlp/wiki/FAQ#how-do-i-pass-cookies-to-yt-dlp  for how to manually pass cookies. Also see  https://github.com/yt-dlp/yt-dlp/wiki/Extractors#exporting-youtube-cookies  for tips on effectively exporting YouTube cookies
[146/204] GET SaWwifUf0vA -> 2015-08-13_風速2.5ms_風向NE43度_2015 420 & 470 Junior European Championships - Day 3.mp4
[146/204] FAIL SaWwifUf0vA: ERROR: [youtube] SaWwifUf0vA: Sign in to confirm you’re not a bot. Use --cookies-from-browser or --cookies for the authentication. See  https://github.com/yt-dlp/yt-dlp/wiki/FAQ#how-do-i-pass-cookies-to-yt-dlp  for how to manually pass cookies. Also see  https://github.com/yt-dlp/yt-dlp/wiki/Extractors#exporting-youtube-cookies  for tips on effectively exporting YouTube cookies
[147/204] GET c_C4ZXWFlp0 -> 2015-08-12_風速1.6ms_風向NNE33度_2015 420 & 470 Junior European Championships - Day 2.mp4
[147/204] FAIL c_C4ZXWFlp0: ERROR: [youtube] c_C4ZXWFlp0: Sign in to confirm you’re not a bot. Use --cookies-from-browser or --cookies for the authentication. See  https://github.com/yt-dlp/yt-dlp/wiki/FAQ#how-do-i-pass-cookies-to-yt-dlp  for how to manually pass cookies. Also see  https://github.com/yt-dlp/yt-dlp/wiki/Extractors#exporting-youtube-cookies  for tips on effectively exporting YouTube cookies
[148/204] GET QVHFrUdyWyk -> 2015-08-11_風速2.8ms_風向ENE57度_2015 420 & 470 Junior European Championships - Day 1.mp4
[148/204] FAIL QVHFrUdyWyk: ERROR: [youtube] QVHFrUdyWyk: Sign in to confirm you’re not a bot. Use --cookies-from-browser or --cookies for the authentication. See  https://github.com/yt-dlp/yt-dlp/wiki/FAQ#how-do-i-pass-cookies-to-yt-dlp  for how to manually pass cookies. Also see  https://github.com/yt-dlp/yt-dlp/wiki/Extractors#exporting-youtube-cookies  for tips on effectively exporting YouTube cookies
[149/204] GET X00Ul7Dg-OU -> 2015-08-01_風速4.0ms_風向S187度_2015 470 Junior World Championships - Day 6.mp4
[149/204] FAIL X00Ul7Dg-OU: ERROR: [youtube] X00Ul7Dg-OU: Sign in to confirm you’re not a bot. Use --cookies-from-browser or --cookies for the authentication. See  https://github.com/yt-dlp/yt-dlp/wiki/FAQ#how-do-i-pass-cookies-to-yt-dlp  for how to manually pass cookies. Also see  https://github.com/yt-dlp/yt-dlp/wiki/Extractors#exporting-youtube-cookies  for tips on effectively exporting YouTube cookies
[150/204] GET ive6pnHMdg0 -> 2015-07-31_風速1.5ms_風向NNW337度_2015 470 Junior World Championships - Day 5.mp4
[150/204] FAIL ive6pnHMdg0: ERROR: [youtube] ive6pnHMdg0: Sign in to confirm you’re not a bot. Use --cookies-from-browser or --cookies for the authentication. See  https://github.com/yt-dlp/yt-dlp/wiki/FAQ#how-do-i-pass-cookies-to-yt-dlp  for how to manually pass cookies. Also see  https://github.com/yt-dlp/yt-dlp/wiki/Extractors#exporting-youtube-cookies  for tips on effectively exporting YouTube cookies
[151/204] GET MgzXvkzW80s -> 2015-07-30_風速3.3ms_風向S190度_2015 470 Junior World Championships - Day 4.mp4
[151/204] FAIL MgzXvkzW80s: ERROR: [youtube] MgzXvkzW80s: Sign in to confirm you’re not a bot. Use --cookies-from-browser or --cookies for the authentication. See  https://github.com/yt-dlp/yt-dlp/wiki/FAQ#how-do-i-pass-cookies-to-yt-dlp  for how to manually pass cookies. Also see  https://github.com/yt-dlp/yt-dlp/wiki/Extractors#exporting-youtube-cookies  for tips on effectively exporting YouTube cookies
[152/204] GET oVaigoaFEeA -> 2015-07-28_風速2.3ms_風向SW219度_2015 470 Junior World Championships - Day 3.mp4
[152/204] FAIL oVaigoaFEeA: ERROR: [youtube] oVaigoaFEeA: Sign in to confirm you’re not a bot. Use --cookies-from-browser or --cookies for the authentication. See  https://github.com/yt-dlp/yt-dlp/wiki/FAQ#how-do-i-pass-cookies-to-yt-dlp  for how to manually pass cookies. Also see  https://github.com/yt-dlp/yt-dlp/wiki/Extractors#exporting-youtube-cookies  for tips on effectively exporting YouTube cookies
[153/204] GET tU8isOOclLw -> 2015-07-28_風速2.3ms_風向SW219度_2015 470 Junior World Championships - Day 2.mp4
[153/204] FAIL tU8isOOclLw: ERROR: [youtube] tU8isOOclLw: Sign in to confirm you’re not a bot. Use --cookies-from-browser or --cookies for the authentication. See  https://github.com/yt-dlp/yt-dlp/wiki/FAQ#how-do-i-pass-cookies-to-yt-dlp  for how to manually pass cookies. Also see  https://github.com/yt-dlp/yt-dlp/wiki/Extractors#exporting-youtube-cookies  for tips on effectively exporting YouTube cookies
[154/204] GET BDs2ZbOFI4w -> 2015-07-27_風速2.4ms_風向SW215度_2015 470 Junior World Championships - Day 1.mp4
[154/204] FAIL BDs2ZbOFI4w: ERROR: [youtube] BDs2ZbOFI4w: Sign in to confirm you’re not a bot. Use --cookies-from-browser or --cookies for the authentication. See  https://github.com/yt-dlp/yt-dlp/wiki/FAQ#how-do-i-pass-cookies-to-yt-dlp  for how to manually pass cookies. Also see  https://github.com/yt-dlp/yt-dlp/wiki/Extractors#exporting-youtube-cookies  for tips on effectively exporting YouTube cookies
[155/204] GET mAmGUp7zQAY -> 2015-07-02_風速6.6ms_風向SE130度_Race Day 4 - 470 Open European Championships.mp4
[155/204] FAIL mAmGUp7zQAY: ERROR: [youtube] mAmGUp7zQAY: Sign in to confirm you’re not a bot. Use --cookies-from-browser or --cookies for the authentication. See  https://github.com/yt-dlp/yt-dlp/wiki/FAQ#how-do-i-pass-cookies-to-yt-dlp  for how to manually pass cookies. Also see  https://github.com/yt-dlp/yt-dlp/wiki/Extractors#exporting-youtube-cookies  for tips on effectively exporting YouTube cookies
[156/204] GET yfYQgNCwS4k -> 2015-07-01_風速2.7ms_風向SE135度_Race Day 3 - 470 Open European Championships - part 2.mp4
[156/204] FAIL yfYQgNCwS4k: ERROR: [youtube] yfYQgNCwS4k: Sign in to confirm you’re not a bot. Use --cookies-from-browser or --cookies for the authentication. See  https://github.com/yt-dlp/yt-dlp/wiki/FAQ#how-do-i-pass-cookies-to-yt-dlp  for how to manually pass cookies. Also see  https://github.com/yt-dlp/yt-dlp/wiki/Extractors#exporting-youtube-cookies  for tips on effectively exporting YouTube cookies
[157/204] GET u1hr1upNvTE -> 2015-06-29_風速4.5ms_風向WSW254度_29 Jun 2015.mp4
[157/204] FAIL u1hr1upNvTE: ERROR: [youtube] u1hr1upNvTE: Sign in to confirm you’re not a bot. Use --cookies-from-browser or --cookies for the authentication. See  https://github.com/yt-dlp/yt-dlp/wiki/FAQ#how-do-i-pass-cookies-to-yt-dlp  for how to manually pass cookies. Also see  https://github.com/yt-dlp/yt-dlp/wiki/Extractors#exporting-youtube-cookies  for tips on effectively exporting YouTube cookies
[158/204] GET huqV7TWUpoQ -> 2015-06-27_風速2.5ms_風向SE139度_470 Europeans, Aarhus, Denmark; 27th June 2015..mp4
[158/204] FAIL huqV7TWUpoQ: ERROR: [youtube] huqV7TWUpoQ: Sign in to confirm you’re not a bot. Use --cookies-from-browser or --cookies for the authentication. See  https://github.com/yt-dlp/yt-dlp/wiki/FAQ#how-do-i-pass-cookies-to-yt-dlp  for how to manually pass cookies. Also see  https://github.com/yt-dlp/yt-dlp/wiki/Extractors#exporting-youtube-cookies  for tips on effectively exporting YouTube cookies
[159/204] GET mchbGe3hOXI -> 2014-07-16_風速2.2ms_風向N352度_2014 470 European Championships - Medal Race.mp4
[159/204] FAIL mchbGe3hOXI: ERROR: [youtube] mchbGe3hOXI: Sign in to confirm you’re not a bot. Use --cookies-from-browser or --cookies for the authentication. See  https://github.com/yt-dlp/yt-dlp/wiki/FAQ#how-do-i-pass-cookies-to-yt-dlp  for how to manually pass cookies. Also see  https://github.com/yt-dlp/yt-dlp/wiki/Extractors#exporting-youtube-cookies  for tips on effectively exporting YouTube cookies
[160/204] GET L1_aintU2hE -> 2014-07-16_風速2.2ms_風向N352度_2014 470 European Championships, Athens Greece - Day 5.mp4
[160/204] FAIL L1_aintU2hE: ERROR: [youtube] L1_aintU2hE: Sign in to confirm you’re not a bot. Use --cookies-from-browser or --cookies for the authentication. See  https://github.com/yt-dlp/yt-dlp/wiki/FAQ#how-do-i-pass-cookies-to-yt-dlp  for how to manually pass cookies. Also see  https://github.com/yt-dlp/yt-dlp/wiki/Extractors#exporting-youtube-cookies  for tips on effectively exporting YouTube cookies
[161/204] GET W36QDGl-Gsw -> 2014-07-14_風速1.4ms_風向W277度_2014 470 European Championships, Athens Greece - Day 4.mp4
[161/204] FAIL W36QDGl-Gsw: ERROR: [youtube] W36QDGl-Gsw: Sign in to confirm you’re not a bot. Use --cookies-from-browser or --cookies for the authentication. See  https://github.com/yt-dlp/yt-dlp/wiki/FAQ#how-do-i-pass-cookies-to-yt-dlp  for how to manually pass cookies. Also see  https://github.com/yt-dlp/yt-dlp/wiki/Extractors#exporting-youtube-cookies  for tips on effectively exporting YouTube cookies
[162/204] GET 88CxJQuzM30 -> 2014-07-13_風速2.6ms_風向SSW203度_2014 470 European Championships, Athens Greece - Day 3.mp4
[162/204] FAIL 88CxJQuzM30: ERROR: [youtube] 88CxJQuzM30: Sign in to confirm you’re not a bot. Use --cookies-from-browser or --cookies for the authentication. See  https://github.com/yt-dlp/yt-dlp/wiki/FAQ#how-do-i-pass-cookies-to-yt-dlp  for how to manually pass cookies. Also see  https://github.com/yt-dlp/yt-dlp/wiki/Extractors#exporting-youtube-cookies  for tips on effectively exporting YouTube cookies
[163/204] GET _b0QFxN8E4g -> 2014-07-12_風速4.2ms_風向W265度_2014 470 European Championships, Athens Greece - Day 2.mp4
[163/204] FAIL _b0QFxN8E4g: ERROR: [youtube] _b0QFxN8E4g: Sign in to confirm you’re not a bot. Use --cookies-from-browser or --cookies for the authentication. See  https://github.com/yt-dlp/yt-dlp/wiki/FAQ#how-do-i-pass-cookies-to-yt-dlp  for how to manually pass cookies. Also see  https://github.com/yt-dlp/yt-dlp/wiki/Extractors#exporting-youtube-cookies  for tips on effectively exporting YouTube cookies
[164/204] GET py9e_E-vd98 -> 2014-07-11_風速3.9ms_風向WSW243度_2014 470 European Championships, Athens Greece - Day 1.mp4
[164/204] FAIL py9e_E-vd98: ERROR: [youtube] py9e_E-vd98: Sign in to confirm you’re not a bot. Use --cookies-from-browser or --cookies for the authentication. See  https://github.com/yt-dlp/yt-dlp/wiki/FAQ#how-do-i-pass-cookies-to-yt-dlp  for how to manually pass cookies. Also see  https://github.com/yt-dlp/yt-dlp/wiki/Extractors#exporting-youtube-cookies  for tips on effectively exporting YouTube cookies
[165/204] GET h4LVG-FbntE -> 2014-07-09_風速3.6ms_風向WSW243度_2014 470 European Championships, Athens Greece - Day 0.mp4
[165/204] FAIL h4LVG-FbntE: ERROR: [youtube] h4LVG-FbntE: Sign in to confirm you’re not a bot. Use --cookies-from-browser or --cookies for the authentication. See  https://github.com/yt-dlp/yt-dlp/wiki/FAQ#how-do-i-pass-cookies-to-yt-dlp  for how to manually pass cookies. Also see  https://github.com/yt-dlp/yt-dlp/wiki/Extractors#exporting-youtube-cookies  for tips on effectively exporting YouTube cookies
[166/204] GET 1-mH9XEOL8c -> 2014-07-02_風速1.3ms_風向E79度_2014 470 Junior World Championship - Day 5.mp4
[166/204] FAIL 1-mH9XEOL8c: ERROR: [youtube] 1-mH9XEOL8c: Sign in to confirm you’re not a bot. Use --cookies-from-browser or --cookies for the authentication. See  https://github.com/yt-dlp/yt-dlp/wiki/FAQ#how-do-i-pass-cookies-to-yt-dlp  for how to manually pass cookies. Also see  https://github.com/yt-dlp/yt-dlp/wiki/Extractors#exporting-youtube-cookies  for tips on effectively exporting YouTube cookies
[167/204] GET lFlQ2FIk2Mo -> 2014-07-02_風速1.3ms_風向E79度_2014 470 Junior World Championship - Day 3 and 4.mp4
[167/204] FAIL lFlQ2FIk2Mo: ERROR: [youtube] lFlQ2FIk2Mo: Sign in to confirm you’re not a bot. Use --cookies-from-browser or --cookies for the authentication. See  https://github.com/yt-dlp/yt-dlp/wiki/FAQ#how-do-i-pass-cookies-to-yt-dlp  for how to manually pass cookies. Also see  https://github.com/yt-dlp/yt-dlp/wiki/Extractors#exporting-youtube-cookies  for tips on effectively exporting YouTube cookies
[168/204] GET bImSnNY8rLY -> 2014-06-30_風速3.5ms_風向NNW346度_2014 470 Junior World Championship - Day 1 and 2.mp4
[168/204] FAIL bImSnNY8rLY: ERROR: [youtube] bImSnNY8rLY: Sign in to confirm you’re not a bot. Use --cookies-from-browser or --cookies for the authentication. See  https://github.com/yt-dlp/yt-dlp/wiki/FAQ#how-do-i-pass-cookies-to-yt-dlp  for how to manually pass cookies. Also see  https://github.com/yt-dlp/yt-dlp/wiki/Extractors#exporting-youtube-cookies  for tips on effectively exporting YouTube cookies
[169/204] GET w9_O5vAPFnM -> 2013-08-22_風速3.6ms_風向SSW204度_2013 420 and 470 Junior European Championships - Day 7.mp4
[169/204] FAIL w9_O5vAPFnM: ERROR: [youtube] w9_O5vAPFnM: Sign in to confirm you’re not a bot. Use --cookies-from-browser or --cookies for the authentication. See  https://github.com/yt-dlp/yt-dlp/wiki/FAQ#how-do-i-pass-cookies-to-yt-dlp  for how to manually pass cookies. Also see  https://github.com/yt-dlp/yt-dlp/wiki/Extractors#exporting-youtube-cookies  for tips on effectively exporting YouTube cookies
[170/204] GET GxsjAxhKUUc -> 2013-08-21_風速8.0ms_風向SW216度_2013 420 and 470 Junior European Championships - Day 6.mp4
[170/204] FAIL GxsjAxhKUUc: ERROR: [youtube] GxsjAxhKUUc: Sign in to confirm you’re not a bot. Use --cookies-from-browser or --cookies for the authentication. See  https://github.com/yt-dlp/yt-dlp/wiki/FAQ#how-do-i-pass-cookies-to-yt-dlp  for how to manually pass cookies. Also see  https://github.com/yt-dlp/yt-dlp/wiki/Extractors#exporting-youtube-cookies  for tips on effectively exporting YouTube cookies
[171/204] GET tUSzo-hsyRU -> 2013-08-20_風速5.9ms_風向SW217度_2013 420 and 470 Junior European Championships - Day 5.mp4
[171/204] FAIL tUSzo-hsyRU: ERROR: [youtube] tUSzo-hsyRU: Sign in to confirm you’re not a bot. Use --cookies-from-browser or --cookies for the authentication. See  https://github.com/yt-dlp/yt-dlp/wiki/FAQ#how-do-i-pass-cookies-to-yt-dlp  for how to manually pass cookies. Also see  https://github.com/yt-dlp/yt-dlp/wiki/Extractors#exporting-youtube-cookies  for tips on effectively exporting YouTube cookies
[172/204] GET 4m2aj_D1j8I -> 2013-08-10_風速2.6ms_風向NNW333度_2013 470 World Championships, La Rochelle FRA - Day 6.mp4
[172/204] FAIL 4m2aj_D1j8I: ERROR: [youtube] 4m2aj_D1j8I: Sign in to confirm you’re not a bot. Use --cookies-from-browser or --cookies for the authentication. See  https://github.com/yt-dlp/yt-dlp/wiki/FAQ#how-do-i-pass-cookies-to-yt-dlp  for how to manually pass cookies. Also see  https://github.com/yt-dlp/yt-dlp/wiki/Extractors#exporting-youtube-cookies  for tips on effectively exporting YouTube cookies
[173/204] GET _ALLwC2sIZs -> 2013-08-09_風速6.4ms_風向WSW249度_2013 470 World Championships, La Rochelle FRA - Day 5.mp4
[173/204] FAIL _ALLwC2sIZs: ERROR: [youtube] _ALLwC2sIZs: Sign in to confirm you’re not a bot. Use --cookies-from-browser or --cookies for the authentication. See  https://github.com/yt-dlp/yt-dlp/wiki/FAQ#how-do-i-pass-cookies-to-yt-dlp  for how to manually pass cookies. Also see  https://github.com/yt-dlp/yt-dlp/wiki/Extractors#exporting-youtube-cookies  for tips on effectively exporting YouTube cookies
[174/204] GET b-jb0tWm5Iw -> 2013-08-08_風速2.4ms_風向NW316度_2013 470 World Championships, La Rochelle FRA - Day 4.mp4
[174/204] FAIL b-jb0tWm5Iw: ERROR: [youtube] b-jb0tWm5Iw: Sign in to confirm you’re not a bot. Use --cookies-from-browser or --cookies for the authentication. See  https://github.com/yt-dlp/yt-dlp/wiki/FAQ#how-do-i-pass-cookies-to-yt-dlp  for how to manually pass cookies. Also see  https://github.com/yt-dlp/yt-dlp/wiki/Extractors#exporting-youtube-cookies  for tips on effectively exporting YouTube cookies
[175/204] GET S7OnFaGE8mI -> 2013-08-07_風速3.8ms_風向W271度_2013 470 World Championships, La Rochelle FRA - Day 3.mp4
[175/204] FAIL S7OnFaGE8mI: ERROR: [youtube] S7OnFaGE8mI: Sign in to confirm you’re not a bot. Use --cookies-from-browser or --cookies for the authentication. See  https://github.com/yt-dlp/yt-dlp/wiki/FAQ#how-do-i-pass-cookies-to-yt-dlp  for how to manually pass cookies. Also see  https://github.com/yt-dlp/yt-dlp/wiki/Extractors#exporting-youtube-cookies  for tips on effectively exporting YouTube cookies
[176/204] GET sRo70H6HAIE -> 2013-08-06_風速1.3ms_風向NNE21度_2013 470 World Championships, La Rochelle FRA - Day 2.mp4
[176/204] FAIL sRo70H6HAIE: ERROR: [youtube] sRo70H6HAIE: Sign in to confirm you’re not a bot. Use --cookies-from-browser or --cookies for the authentication. See  https://github.com/yt-dlp/yt-dlp/wiki/FAQ#how-do-i-pass-cookies-to-yt-dlp  for how to manually pass cookies. Also see  https://github.com/yt-dlp/yt-dlp/wiki/Extractors#exporting-youtube-cookies  for tips on effectively exporting YouTube cookies
[177/204] GET Yxje6LBMHvk -> 2013-08-06_風速1.3ms_風向NNE21度_2013 470 World Championships, La Rochelle FRA - Day 1.mp4
[177/204] FAIL Yxje6LBMHvk: ERROR: [youtube] Yxje6LBMHvk: Sign in to confirm you’re not a bot. Use --cookies-from-browser or --cookies for the authentication. See  https://github.com/yt-dlp/yt-dlp/wiki/FAQ#how-do-i-pass-cookies-to-yt-dlp  for how to manually pass cookies. Also see  https://github.com/yt-dlp/yt-dlp/wiki/Extractors#exporting-youtube-cookies  for tips on effectively exporting YouTube cookies
[178/204] GET c9xe9doRmMo -> 2013-06-11_風速2.6ms_風向W277度_EURO 470 MEDAL RACE MEN LIVE.mp4
[178/204] FAIL c9xe9doRmMo: ERROR: [youtube] c9xe9doRmMo: Sign in to confirm you’re not a bot. Use --cookies-from-browser or --cookies for the authentication. See  https://github.com/yt-dlp/yt-dlp/wiki/FAQ#how-do-i-pass-cookies-to-yt-dlp  for how to manually pass cookies. Also see  https://github.com/yt-dlp/yt-dlp/wiki/Extractors#exporting-youtube-cookies  for tips on effectively exporting YouTube cookies
[179/204] GET N9N-4tBjeoA -> 2013-06-11_風速2.6ms_風向W277度_EURO 470 MEDAL RACE WOMEN.mp4
[179/204] FAIL N9N-4tBjeoA: ERROR: [youtube] N9N-4tBjeoA: Sign in to confirm you’re not a bot. Use --cookies-from-browser or --cookies for the authentication. See  https://github.com/yt-dlp/yt-dlp/wiki/FAQ#how-do-i-pass-cookies-to-yt-dlp  for how to manually pass cookies. Also see  https://github.com/yt-dlp/yt-dlp/wiki/Extractors#exporting-youtube-cookies  for tips on effectively exporting YouTube cookies
[180/204] GET joJLddgWi3o -> 2013-06-16_風速1.7ms_風向SW223度_470 EUROPEAN CHAMPIONSHIPS HIGHLIGHTS DAY 6 MEDAL RACE SAILY.mp4
[180/204] FAIL joJLddgWi3o: ERROR: [youtube] joJLddgWi3o: Sign in to confirm you’re not a bot. Use --cookies-from-browser or --cookies for the authentication. See  https://github.com/yt-dlp/yt-dlp/wiki/FAQ#how-do-i-pass-cookies-to-yt-dlp  for how to manually pass cookies. Also see  https://github.com/yt-dlp/yt-dlp/wiki/Extractors#exporting-youtube-cookies  for tips on effectively exporting YouTube cookies
[181/204] GET ERkQxzKRsWU -> 2013-06-11_風速2.6ms_風向W277度_EURO 470 FORMIA HIGHLIGHTS DAY 1 SAILY.mp4
[181/204] FAIL ERkQxzKRsWU: ERROR: [youtube] ERkQxzKRsWU: Sign in to confirm you’re not a bot. Use --cookies-from-browser or --cookies for the authentication. See  https://github.com/yt-dlp/yt-dlp/wiki/FAQ#how-do-i-pass-cookies-to-yt-dlp  for how to manually pass cookies. Also see  https://github.com/yt-dlp/yt-dlp/wiki/Extractors#exporting-youtube-cookies  for tips on effectively exporting YouTube cookies
[182/204] GET PHTboFLZc5o -> 2012-06-29_風速7.6ms_風向SSW197度_2012 470 European Championship - Full Highlights.mp4
[182/204] FAIL PHTboFLZc5o: ERROR: [youtube] PHTboFLZc5o: Sign in to confirm you’re not a bot. Use --cookies-from-browser or --cookies for the authentication. See  https://github.com/yt-dlp/yt-dlp/wiki/FAQ#how-do-i-pass-cookies-to-yt-dlp  for how to manually pass cookies. Also see  https://github.com/yt-dlp/yt-dlp/wiki/Extractors#exporting-youtube-cookies  for tips on effectively exporting YouTube cookies
[183/204] GET wAYgV_tD8-Q -> 2012-07-04_風速2.5ms_風向S184度_2012 470 European Championship - Day 7.mp4
[183/204] FAIL wAYgV_tD8-Q: ERROR: [youtube] wAYgV_tD8-Q: Sign in to confirm you’re not a bot. Use --cookies-from-browser or --cookies for the authentication. See  https://github.com/yt-dlp/yt-dlp/wiki/FAQ#how-do-i-pass-cookies-to-yt-dlp  for how to manually pass cookies. Also see  https://github.com/yt-dlp/yt-dlp/wiki/Extractors#exporting-youtube-cookies  for tips on effectively exporting YouTube cookies
[184/204] GET ZC-zKqhEIF8 -> 2012-07-03_風速4.4ms_風向SSE158度_2012 470 European Championship - Day 6.mp4
[184/204] FAIL ZC-zKqhEIF8: ERROR: [youtube] ZC-zKqhEIF8: Sign in to confirm you’re not a bot. Use --cookies-from-browser or --cookies for the authentication. See  https://github.com/yt-dlp/yt-dlp/wiki/FAQ#how-do-i-pass-cookies-to-yt-dlp  for how to manually pass cookies. Also see  https://github.com/yt-dlp/yt-dlp/wiki/Extractors#exporting-youtube-cookies  for tips on effectively exporting YouTube cookies
[185/204] GET OuHjsYMaVpg -> 2012-07-02_風速2.8ms_風向SSE155度_2012 470 European Championship - Day 5.mp4
[185/204] FAIL OuHjsYMaVpg: ERROR: [youtube] OuHjsYMaVpg: Sign in to confirm you’re not a bot. Use --cookies-from-browser or --cookies for the authentication. See  https://github.com/yt-dlp/yt-dlp/wiki/FAQ#how-do-i-pass-cookies-to-yt-dlp  for how to manually pass cookies. Also see  https://github.com/yt-dlp/yt-dlp/wiki/Extractors#exporting-youtube-cookies  for tips on effectively exporting YouTube cookies
[186/204] GET j1ldHj-shOE -> 2012-07-01_風速5.5ms_風向W279度_2012 470 European Championship - Day 4.mp4
[186/204] FAIL j1ldHj-shOE: ERROR: [youtube] j1ldHj-shOE: Sign in to confirm you’re not a bot. Use --cookies-from-browser or --cookies for the authentication. See  https://github.com/yt-dlp/yt-dlp/wiki/FAQ#how-do-i-pass-cookies-to-yt-dlp  for how to manually pass cookies. Also see  https://github.com/yt-dlp/yt-dlp/wiki/Extractors#exporting-youtube-cookies  for tips on effectively exporting YouTube cookies
[187/204] GET 6frXeiRP4dE -> 2012-06-30_風速7.7ms_風向SW220度_2012 470 European Championship - Day 3.mp4
[187/204] FAIL 6frXeiRP4dE: ERROR: [youtube] 6frXeiRP4dE: Sign in to confirm you’re not a bot. Use --cookies-from-browser or --cookies for the authentication. See  https://github.com/yt-dlp/yt-dlp/wiki/FAQ#how-do-i-pass-cookies-to-yt-dlp  for how to manually pass cookies. Also see  https://github.com/yt-dlp/yt-dlp/wiki/Extractors#exporting-youtube-cookies  for tips on effectively exporting YouTube cookies
[188/204] GET WmiRo_5ZORo -> 2012-06-29_風速7.6ms_風向SSW197度_2012 470 European Championship - Day 2.mp4
[188/204] FAIL WmiRo_5ZORo: ERROR: [youtube] WmiRo_5ZORo: Sign in to confirm you’re not a bot. Use --cookies-from-browser or --cookies for the authentication. See  https://github.com/yt-dlp/yt-dlp/wiki/FAQ#how-do-i-pass-cookies-to-yt-dlp  for how to manually pass cookies. Also see  https://github.com/yt-dlp/yt-dlp/wiki/Extractors#exporting-youtube-cookies  for tips on effectively exporting YouTube cookies
[189/204] GET jHJKRcvzvOA -> 2012-06-28_風速4.5ms_風向E100度_2012 470 European Championship - Day 1.mp4
[189/204] FAIL jHJKRcvzvOA: ERROR: [youtube] jHJKRcvzvOA: Sign in to confirm you’re not a bot. Use --cookies-from-browser or --cookies for the authentication. See  https://github.com/yt-dlp/yt-dlp/wiki/FAQ#how-do-i-pass-cookies-to-yt-dlp  for how to manually pass cookies. Also see  https://github.com/yt-dlp/yt-dlp/wiki/Extractors#exporting-youtube-cookies  for tips on effectively exporting YouTube cookies
[190/204] GET YvIKHFI3O8g -> 2012-05-14_風速4.8ms_風向SSW208度_2012 470 World Championship - Full Highlights.mp4
[190/204] FAIL YvIKHFI3O8g: ERROR: [youtube] YvIKHFI3O8g: Sign in to confirm you’re not a bot. Use --cookies-from-browser or --cookies for the authentication. See  https://github.com/yt-dlp/yt-dlp/wiki/FAQ#how-do-i-pass-cookies-to-yt-dlp  for how to manually pass cookies. Also see  https://github.com/yt-dlp/yt-dlp/wiki/Extractors#exporting-youtube-cookies  for tips on effectively exporting YouTube cookies
[191/204] GET dwxg4Kr4tQw -> 2012-05-19_風速2.6ms_風向ESE104度_2012 470 World Championship - Day 7.mp4
[191/204] FAIL dwxg4Kr4tQw: ERROR: [youtube] dwxg4Kr4tQw: Sign in to confirm you’re not a bot. Use --cookies-from-browser or --cookies for the authentication. See  https://github.com/yt-dlp/yt-dlp/wiki/FAQ#how-do-i-pass-cookies-to-yt-dlp  for how to manually pass cookies. Also see  https://github.com/yt-dlp/yt-dlp/wiki/Extractors#exporting-youtube-cookies  for tips on effectively exporting YouTube cookies
[192/204] GET EUnYyqDOpCM -> 2012-05-18_風速3.8ms_風向E96度_2012 470 World Championship - Day 6.mp4
[192/204] FAIL EUnYyqDOpCM: ERROR: [youtube] EUnYyqDOpCM: Sign in to confirm you’re not a bot. Use --cookies-from-browser or --cookies for the authentication. See  https://github.com/yt-dlp/yt-dlp/wiki/FAQ#how-do-i-pass-cookies-to-yt-dlp  for how to manually pass cookies. Also see  https://github.com/yt-dlp/yt-dlp/wiki/Extractors#exporting-youtube-cookies  for tips on effectively exporting YouTube cookies
[193/204] GET L8RGB-0awVM -> 2012-05-17_風速5.0ms_風向SW218度_2012 470 World Championship - Day 5.mp4
[193/204] FAIL L8RGB-0awVM: ERROR: [youtube] L8RGB-0awVM: Sign in to confirm you’re not a bot. Use --cookies-from-browser or --cookies for the authentication. See  https://github.com/yt-dlp/yt-dlp/wiki/FAQ#how-do-i-pass-cookies-to-yt-dlp  for how to manually pass cookies. Also see  https://github.com/yt-dlp/yt-dlp/wiki/Extractors#exporting-youtube-cookies  for tips on effectively exporting YouTube cookies
[194/204] GET imLOjRHe62E -> 2012-05-16_風速1.7ms_風向SW231度_2012 470 World Championship - Day 4.mp4
[194/204] FAIL imLOjRHe62E: ERROR: [youtube] imLOjRHe62E: Sign in to confirm you’re not a bot. Use --cookies-from-browser or --cookies for the authentication. See  https://github.com/yt-dlp/yt-dlp/wiki/FAQ#how-do-i-pass-cookies-to-yt-dlp  for how to manually pass cookies. Also see  https://github.com/yt-dlp/yt-dlp/wiki/Extractors#exporting-youtube-cookies  for tips on effectively exporting YouTube cookies
[195/204] GET 2e3_sFRt-6Q -> 2012-05-15_風速3.8ms_風向SSE154度_2012 470 World Championship - Day 3.mp4
[195/204] FAIL 2e3_sFRt-6Q: ERROR: [youtube] 2e3_sFRt-6Q: Sign in to confirm you’re not a bot. Use --cookies-from-browser or --cookies for the authentication. See  https://github.com/yt-dlp/yt-dlp/wiki/FAQ#how-do-i-pass-cookies-to-yt-dlp  for how to manually pass cookies. Also see  https://github.com/yt-dlp/yt-dlp/wiki/Extractors#exporting-youtube-cookies  for tips on effectively exporting YouTube cookies
[196/204] GET -5YzI-4m0gc -> 2012-05-14_風速4.8ms_風向SSW208度_2012 470 World Championship - Day 2.mp4
[196/204] FAIL -5YzI-4m0gc: ERROR: [youtube] -5YzI-4m0gc: Sign in to confirm you’re not a bot. Use --cookies-from-browser or --cookies for the authentication. See  https://github.com/yt-dlp/yt-dlp/wiki/FAQ#how-do-i-pass-cookies-to-yt-dlp  for how to manually pass cookies. Also see  https://github.com/yt-dlp/yt-dlp/wiki/Extractors#exporting-youtube-cookies  for tips on effectively exporting YouTube cookies
[197/204] GET SwKFMCVHrNw -> 2012-05-13_風速3.1ms_風向S175度_2012 470 World Championship - Day 1.mp4
[197/204] FAIL SwKFMCVHrNw: ERROR: [youtube] SwKFMCVHrNw: Sign in to confirm you’re not a bot. Use --cookies-from-browser or --cookies for the authentication. See  https://github.com/yt-dlp/yt-dlp/wiki/FAQ#how-do-i-pass-cookies-to-yt-dlp  for how to manually pass cookies. Also see  https://github.com/yt-dlp/yt-dlp/wiki/Extractors#exporting-youtube-cookies  for tips on effectively exporting YouTube cookies
[198/204] GET RfrP3ufSo7M -> 2011-12-08_風速5.4ms_風向S185度_470 Men Gold Fleet - Race 6 - 8 December 2011.mp4
[198/204] FAIL RfrP3ufSo7M: ERROR: [youtube] RfrP3ufSo7M: Sign in to confirm you’re not a bot. Use --cookies-from-browser or --cookies for the authentication. See  https://github.com/yt-dlp/yt-dlp/wiki/FAQ#how-do-i-pass-cookies-to-yt-dlp  for how to manually pass cookies. Also see  https://github.com/yt-dlp/yt-dlp/wiki/Extractors#exporting-youtube-cookies  for tips on effectively exporting YouTube cookies
[199/204] GET NmTZChH2rAc -> 2011-12-05_風速3.1ms_風向SSW205度_470 Men - Race Day 1 - 5 December 2011.mp4
[199/204] FAIL NmTZChH2rAc: ERROR: [youtube] NmTZChH2rAc: Sign in to confirm you’re not a bot. Use --cookies-from-browser or --cookies for the authentication. See  https://github.com/yt-dlp/yt-dlp/wiki/FAQ#how-do-i-pass-cookies-to-yt-dlp  for how to manually pass cookies. Also see  https://github.com/yt-dlp/yt-dlp/wiki/Extractors#exporting-youtube-cookies  for tips on effectively exporting YouTube cookies
[200/204] GET 5BaNzomVov8 -> 2011-07-28_風速4.9ms_風向NNE34度_Medal races Deltas Lloyd 470 Junior Worlds 2011.mp4
[200/204] FAIL 5BaNzomVov8: ERROR: [youtube] 5BaNzomVov8: Sign in to confirm you’re not a bot. Use --cookies-from-browser or --cookies for the authentication. See  https://github.com/yt-dlp/yt-dlp/wiki/FAQ#how-do-i-pass-cookies-to-yt-dlp  for how to manually pass cookies. Also see  https://github.com/yt-dlp/yt-dlp/wiki/Extractors#exporting-youtube-cookies  for tips on effectively exporting YouTube cookies
[201/204] GET 9QLt08TtCfM -> 2011-07-27_風速2.3ms_風向ENE78度_Day 7 Delta Lloyd 470 Junior Worlds.mp4
[201/204] FAIL 9QLt08TtCfM: ERROR: [youtube] 9QLt08TtCfM: Sign in to confirm you’re not a bot. Use --cookies-from-browser or --cookies for the authentication. See  https://github.com/yt-dlp/yt-dlp/wiki/FAQ#how-do-i-pass-cookies-to-yt-dlp  for how to manually pass cookies. Also see  https://github.com/yt-dlp/yt-dlp/wiki/Extractors#exporting-youtube-cookies  for tips on effectively exporting YouTube cookies
[202/204] GET AR94WdFoyWc -> 2009-08-29_風速7.1ms_風向SW235度_20090829.mp4
[202/204] FAIL AR94WdFoyWc: ERROR: [youtube] AR94WdFoyWc: Sign in to confirm you’re not a bot. Use --cookies-from-browser or --cookies for the authentication. See  https://github.com/yt-dlp/yt-dlp/wiki/FAQ#how-do-i-pass-cookies-to-yt-dlp  for how to manually pass cookies. Also see  https://github.com/yt-dlp/yt-dlp/wiki/Extractors#exporting-youtube-cookies  for tips on effectively exporting YouTube cookies
[203/204] GET GtYT_zO6cgY -> 2009-08-21_風速3.6ms_風向W264度_2009 470 World Championships - Finals Day 2.mp4
[203/204] FAIL GtYT_zO6cgY: ERROR: [youtube] GtYT_zO6cgY: Sign in to confirm you’re not a bot. Use --cookies-from-browser or --cookies for the authentication. See  https://github.com/yt-dlp/yt-dlp/wiki/FAQ#how-do-i-pass-cookies-to-yt-dlp  for how to manually pass cookies. Also see  https://github.com/yt-dlp/yt-dlp/wiki/Extractors#exporting-youtube-cookies  for tips on effectively exporting YouTube cookies
[204/204] GET c1_seScgl34 -> 2007-08-01_風速1.9ms_風向WSW245度_2007 European Championships - Race 2.mp4
[204/204] FAIL c1_seScgl34: ERROR: [youtube] c1_seScgl34: Sign in to confirm you’re not a bot. Use --cookies-from-browser or --cookies for the authentication. See  https://github.com/yt-dlp/yt-dlp/wiki/FAQ#how-do-i-pass-cookies-to-yt-dlp  for how to manually pass cookies. Also see  https://github.com/yt-dlp/yt-dlp/wiki/Extractors#exporting-youtube-cookies  for tips on effectively exporting YouTube cookies

DONE: 0 downloaded, 117 skipped, 87 failed, of 204
FAILED IDS: e-hUkJ67G-o,6-iQObbbii4,qtthgQtPL4E,Pm_KL4p_O6c,JHngrJV3RuA,tEuPtTvLaQQ,-6eUFO6lS3o,piPIjUaYXQk,u00Gp0a7vX4,CiHLDklSLd0,GP5Dxxx2NsM,Rlg3XhEFcbQ,gmXAzqYhgfU,aQRycJFK_FM,dHDL7FP8eXg,tso2kxIqBPU,w4JbM_3eh7Q,J3vdbAuUAAU,DKKjYF3XyRw,sjuOw8GlI10,zC3JWg6dx30,l1pTG4mlNY8,uqvDje-GCuM,bUYuIuCoEqg,bD1ef21qZTo,2WqKvYopNiU,BYcSNS-5380,ItbEygETGXw,SaWwifUf0vA,c_C4ZXWFlp0,QVHFrUdyWyk,X00Ul7Dg-OU,ive6pnHMdg0,MgzXvkzW80s,oVaigoaFEeA,tU8isOOclLw,BDs2ZbOFI4w,mAmGUp7zQAY,yfYQgNCwS4k,u1hr1upNvTE,huqV7TWUpoQ,mchbGe3hOXI,L1_aintU2hE,W36QDGl-Gsw,88CxJQuzM30,_b0QFxN8E4g,py9e_E-vd98,h4LVG-FbntE,1-mH9XEOL8c,lFlQ2FIk2Mo,bImSnNY8rLY,w9_O5vAPFnM,GxsjAxhKUUc,tUSzo-hsyRU,4m2aj_D1j8I,_ALLwC2sIZs,b-jb0tWm5Iw,S7OnFaGE8mI,sRo70H6HAIE,Yxje6LBMHvk,c9xe9doRmMo,N9N-4tBjeoA,joJLddgWi3o,ERkQxzKRsWU,PHTboFLZc5o,wAYgV_tD8-Q,ZC-zKqhEIF8,OuHjsYMaVpg,j1ldHj-shOE,6frXeiRP4dE,WmiRo_5ZORo,jHJKRcvzvOA,YvIKHFI3O8g,dwxg4Kr4tQw,EUnYyqDOpCM,L8RGB-0awVM,imLOjRHe62E,2e3_sFRt-6Q,-5YzI-4m0gc,SwKFMCVHrNw,RfrP3ufSo7M,NmTZChH2rAc,5BaNzomVov8,9QLt08TtCfM,AR94WdFoyWc,GtYT_zO6cgY,c1_seScgl34
[1/204] SKIP exists: 2026-08-16_風速3.2ms_風向NE47度_Day 5 2026 470 World Championship, Enoshima JPN.mp4
[2/204] SKIP exists: 2026-08-16_風速3.2ms_風向NE47度_Gold Fleet Race 5 470 World Championship.mp4
[3/204] SKIP exists: 2026-08-16_風速3.2ms_風向NE47度_Gold Fleet Race 4 470 World Championship.mp4
[4/204] SKIP exists: 2026-08-15_風速2.8ms_風向E99度_Day 4 2026 470 World Championship, Enoshima JPN.mp4
[5/204] SKIP exists: 2026-08-15_風速2.8ms_風向E99度_Gold Fleet Race 2 470 World Championship – Afternoon Racing.mp4
[6/204] SKIP exists: 2026-08-15_風速2.8ms_風向E99度_Gold Fleet Race 1 470 World Championship – Full Video Coverage.mp4
[7/204] GET e-hUkJ67G-o -> 2026-08-14_風速1.4ms_風向N5度_Day 3 2026 470 World Championship, Enoshima JPN.mp4
[7/204] FAIL e-hUkJ67G-o: ERROR: [youtube] e-hUkJ67G-o: Sign in to confirm you’re not a bot. Use --cookies-from-browser or --cookies for the authentication. See  https://github.com/yt-dlp/yt-dlp/wiki/FAQ#how-do-i-pass-cookies-to-yt-dlp  for how to manually pass cookies. Also see  https://github.com/yt-dlp/yt-dlp/wiki/Extractors#exporting-youtube-cookies  for tips on effectively exporting YouTube cookies
[8/204] SKIP exists: 2026-08-13_風速4.0ms_風向NE45度_Day 2 2026 470 World Championship, Enoshima JPN.mp4
[9/204] SKIP exists: 2026-08-12_風速2.5ms_風向SE143度_Day 1 2026 470 World Championship, Enoshima JPN.mp4
[10/204] SKIP exists: 2026-08-11_風速4.4ms_風向SW230度_Day 0 2026 470 World Championship, Enoshima JPN.mp4
[11/204] SKIP exists: 2026-07-26_風速4.0ms_風向SW217度_Day 5 2026 420 & 470 Junior European Championship, Nida LTU.mp4
[12/204] SKIP exists: 2026-07-25_風速5.5ms_風向WSW241度_Day 4 2026 420 & 470 Junior European Championship, Nida LTU.mp4
[13/204] SKIP exists: 2026-07-24_風速5.2ms_風向NNW336度_Day 3 2026 420 & 470 Junior European Championship, Nida LTU.mp4
[14/204] SKIP exists: 2026-07-23_風速2.9ms_風向WSW238度_Day 2 2026 420 & 470 Junior European Championship, Nida LTU.mp4
[15/204] GET 6-iQObbbii4 -> 2026-07-22_風速5.9ms_風向W278度_Day 1 2026 420 & 470 Junior European Championship, Nida LTU.mp4
[15/204] FAIL 6-iQObbbii4: ERROR: [youtube] 6-iQObbbii4: Sign in to confirm you’re not a bot. Use --cookies-from-browser or --cookies for the authentication. See  https://github.com/yt-dlp/yt-dlp/wiki/FAQ#how-do-i-pass-cookies-to-yt-dlp  for how to manually pass cookies. Also see  https://github.com/yt-dlp/yt-dlp/wiki/Extractors#exporting-youtube-cookies  for tips on effectively exporting YouTube cookies
[16/204] SKIP exists: 2024-07-28_風速2.8ms_風向SW234度_Day 6 2024 420 470 Junior European Championship.mp4
[17/204] SKIP exists: 2024-07-28_風速2.8ms_風向SW234度_Day 6 2024 470 Junior European Championship, Thessaloniki GRE.mp4
[18/204] SKIP exists: 2024-07-27_風速2.1ms_風向NW314度_Day 5 2024 420 470 Junior European Championship.mp4
[19/204] SKIP exists: 2024-07-27_風速2.1ms_風向NW314度_Day 5 2024 470 Junior European Championship, Thessaloniki GRE.mp4
[20/204] SKIP exists: 2024-07-26_風速4.7ms_風向NNW335度_Day 4 2024 420 470 Junior European Championship.mp4
[21/204] SKIP exists: 2024-07-26_風速4.7ms_風向NNW335度_Day 4 2024 470 Junior European Championship, Thessaloniki GRE.mp4
[22/204] SKIP exists: 2024-07-25_風速2.3ms_風向NE43度_Day 3 2024 420 470 Junior European Championship.mp4
[23/204] GET qtthgQtPL4E -> 2024-07-25_風速2.3ms_風向NE43度_Day 3 2024 470 Junior European Championship, Thessaloniki GRE.mp4
[23/204] FAIL qtthgQtPL4E: ERROR: [youtube] qtthgQtPL4E: Sign in to confirm you’re not a bot. Use --cookies-from-browser or --cookies for the authentication. See  https://github.com/yt-dlp/yt-dlp/wiki/FAQ#how-do-i-pass-cookies-to-yt-dlp  for how to manually pass cookies. Also see  https://github.com/yt-dlp/yt-dlp/wiki/Extractors#exporting-youtube-cookies  for tips on effectively exporting YouTube cookies
[24/204] SKIP exists: 2024-07-25_風速2.3ms_風向NE43度_Day 2 2024 420 470 Junior European Championship.mp4
[25/204] SKIP exists: 2024-07-23_風速1.4ms_風向S169度_Day 1 2024 420 470 Junior European Championship.mp4
[26/204] SKIP exists: 2024-05-12_風速2.1ms_風向SE126度_2024 470 European Championship Day 6 Highlights.mp4
[27/204] GET Pm_KL4p_O6c -> 2024-05-11_風速1.9ms_風向SE133度_2024 470 European Championship Day 5 Highlights.mp4
[27/204] FAIL Pm_KL4p_O6c: ERROR: [youtube] Pm_KL4p_O6c: Sign in to confirm you’re not a bot. Use --cookies-from-browser or --cookies for the authentication. See  https://github.com/yt-dlp/yt-dlp/wiki/FAQ#how-do-i-pass-cookies-to-yt-dlp  for how to manually pass cookies. Also see  https://github.com/yt-dlp/yt-dlp/wiki/Extractors#exporting-youtube-cookies  for tips on effectively exporting YouTube cookies
[28/204] SKIP exists: 2024-05-10_風速1.8ms_風向SSE161度_2024 470 European Championship Day 4 Highlights.mp4
[29/204] SKIP exists: 2024-05-09_風速1.9ms_風向S174度_2024 470 European Championship Day 3 Highlights.mp4
[30/204] SKIP exists: 2024-05-08_風速2.3ms_風向S183度_2024 470 European Championship Day 2 Highlights.mp4
[31/204] SKIP exists: 2024-05-07_風速1.2ms_風向NE48度_2024 470 European Championship Day 1 Highlights.mp4
[32/204] GET JHngrJV3RuA -> 2024-03-03_風速8.5ms_風向WNW291度_2024 470 Worlds Championship Day 6 Highlights.mp4
[32/204] FAIL JHngrJV3RuA: ERROR: [youtube] JHngrJV3RuA: Sign in to confirm you’re not a bot. Use --cookies-from-browser or --cookies for the authentication. See  https://github.com/yt-dlp/yt-dlp/wiki/FAQ#how-do-i-pass-cookies-to-yt-dlp  for how to manually pass cookies. Also see  https://github.com/yt-dlp/yt-dlp/wiki/Extractors#exporting-youtube-cookies  for tips on effectively exporting YouTube cookies
[33/204] SKIP exists: 2024-03-02_風速8.2ms_風向SW228度_2024 470 Worlds Championship Day 5 Highlights.mp4
[34/204] SKIP exists: 2024-03-01_風速6.4ms_風向WNW302度_2024 470 Worlds Championship Day 4 Highlights.mp4
[35/204] SKIP exists: 2024-02-29_風速2.2ms_風向NNW337度_2024 470 Worlds Championship Day 3 Highlights.mp4
[36/204] SKIP exists: 2024-02-28_風速4.2ms_風向NNW348度_2024 470 Worlds Championship Day 2 Highlights.mp4
[37/204] SKIP exists: 2024-02-27_風速4.2ms_風向NNW330度_2024 470 World Championship Day 1 Highlights.mp4
[38/204] SKIP exists: 2023-08-15_風速4.6ms_風向W262度_Highlights from 470 Class on Day 4 of the Allianz Sailing World Championships at The Hague.mp4
[39/204] SKIP exists: 2023-08-14_風速4.9ms_風向S186度_Highlights from 470 Class on Day 3 of the Allianz Sailing World Championships at The Hague.mp4
[40/204] GET tEuPtTvLaQQ -> 2023-08-12_風速6.2ms_風向WSW244度_Highlights from 470 Class on Day 2 of the Allianz Sailing World Championships at The Hague.mp4
[40/204] FAIL tEuPtTvLaQQ: ERROR: [youtube] tEuPtTvLaQQ: Sign in to confirm you’re not a bot. Use --cookies-from-browser or --cookies for the authentication. See  https://github.com/yt-dlp/yt-dlp/wiki/FAQ#how-do-i-pass-cookies-to-yt-dlp  for how to manually pass cookies. Also see  https://github.com/yt-dlp/yt-dlp/wiki/Extractors#exporting-youtube-cookies  for tips on effectively exporting YouTube cookies
[41/204] SKIP exists: 2023-08-11_風速5.3ms_風向WSW237度_Highlights from 470 Class on Day 1 of the Allianz Sailing World Championships at The Hague.mp4
[42/204] SKIP exists: 2022-10-29_風速4.0ms_風向N360度_2022 470 World Championship Day 6.mp4
[43/204] SKIP exists: 2022-10-29_風速4.0ms_風向N360度_2022 470 World Championship Day 5.mp4
[44/204] SKIP exists: 2022-10-27_風速3.3ms_風向NW310度_2022 470 World Championship Day 4.mp4
[45/204] SKIP exists: 2022-10-26_風速2.0ms_風向ESE102度_2022 470 World Championship Day 3.mp4
[46/204] GET -6eUFO6lS3o -> 2022-10-26_風速2.0ms_風向ESE102度_2022 470 World Championship Day 2.mp4
[46/204] FAIL -6eUFO6lS3o: ERROR: [youtube] -6eUFO6lS3o: Sign in to confirm you’re not a bot. Use --cookies-from-browser or --cookies for the authentication. See  https://github.com/yt-dlp/yt-dlp/wiki/FAQ#how-do-i-pass-cookies-to-yt-dlp  for how to manually pass cookies. Also see  https://github.com/yt-dlp/yt-dlp/wiki/Extractors#exporting-youtube-cookies  for tips on effectively exporting YouTube cookies
[47/204] SKIP exists: 2022-10-26_風速2.0ms_風向ESE102度_2022 470 World Championship Day 1.mp4
[48/204] SKIP exists: 2022-09-15_風速1.8ms_風向WNW300度_Highlights 2022 470 European Championship, Çeşme TUR.mp4
[49/204] SKIP exists: 2022-09-15_風速1.8ms_風向WNW300度_2022 470 European Championship Day 2.mp4
[50/204] SKIP exists: 2022-09-15_風速1.8ms_風向WNW300度_2022 470 European Championship Day 1.mp4
[51/204] SKIP exists: 2022-08-18_風速3.0ms_風向SW231度_2022 470 Junior Worlds Medal race.mp4
[52/204] SKIP exists: 2022-08-18_風速3.0ms_風向SW231度_2022 470 Junior Worlds Race 8 and more.mp4
[53/204] SKIP exists: 2022-08-18_風速3.0ms_風向SW231度_2022 470 Junior Worlds Race 6 drone footage.mp4
[54/204] SKIP exists: 2022-08-18_風速3.0ms_風向SW231度_2022 470 Junior Worlds Raw drone footage.mp4
[55/204] GET piPIjUaYXQk -> 2022-08-03_風速1.5ms_風向ENE57度_Race 11 2022 470 Masters Cup Tihany, HUN.mp4
[55/204] FAIL piPIjUaYXQk: ERROR: [youtube] piPIjUaYXQk: Sign in to confirm you’re not a bot. Use --cookies-from-browser or --cookies for the authentication. See  https://github.com/yt-dlp/yt-dlp/wiki/FAQ#how-do-i-pass-cookies-to-yt-dlp  for how to manually pass cookies. Also see  https://github.com/yt-dlp/yt-dlp/wiki/Extractors#exporting-youtube-cookies  for tips on effectively exporting YouTube cookies
[56/204] SKIP exists: 2022-08-03_風速1.5ms_風向ENE57度_Race 10 2022 470 Masters Cup Tihany, HUN.mp4
[57/204] SKIP exists: 2022-08-03_風速1.5ms_風向ENE57度_Race 9 2022 470 Masters Cup Tihany, HUN.mp4
[58/204] SKIP exists: 2022-08-03_風速1.5ms_風向ENE57度_Race 8 2022 470 Masters Cup Tihany, HUN.mp4
[59/204] GET u00Gp0a7vX4 -> 2022-08-03_風速1.5ms_風向ENE57度_Race 7 2022 470 Masters Cup Tihany, HUN.mp4
[59/204] FAIL u00Gp0a7vX4: ERROR: [youtube] u00Gp0a7vX4: Sign in to confirm you’re not a bot. Use --cookies-from-browser or --cookies for the authentication. See  https://github.com/yt-dlp/yt-dlp/wiki/FAQ#how-do-i-pass-cookies-to-yt-dlp  for how to manually pass cookies. Also see  https://github.com/yt-dlp/yt-dlp/wiki/Extractors#exporting-youtube-cookies  for tips on effectively exporting YouTube cookies
[60/204] SKIP exists: 2022-08-03_風速1.5ms_風向ENE57度_Race 3 2022 470 Masters Cup Tihany, HUN.mp4
[61/204] SKIP exists: 2022-08-03_風速1.5ms_風向ENE57度_Race 2 2022 470 Masters Cup Tihany, HUN.mp4
[62/204] SKIP exists: 2022-08-03_風速1.5ms_風向ENE57度_Race 1 2022 470 Masters Cup Tihany, HUN.mp4
[63/204] SKIP exists: 2022-07-25_風速3.7ms_風向NW321度_Race day 5 highlights - 2022 420 & 470 Junior Europeans.mp4
[64/204] SKIP exists: 2022-07-25_風速3.7ms_風向NW321度_Race day 4 highlights - 2022 420 & 470 Junior Europeans.mp4
[65/204] SKIP exists: 2022-07-23_風速3.2ms_風向SSW210度_Race day 3 highlights - 2022 420 & 470 Junior Europeans.mp4
[66/204] SKIP exists: 2022-07-22_風速3.8ms_風向SW221度_Race day 2 highlights - 2022 420 & 470 Junior Europeans.mp4
[67/204] SKIP exists: 2022-07-21_風速3.5ms_風向SSW210度_Race day 1 highlights - 2022 420 & 470 Junior Europeans.mp4
[68/204] GET CiHLDklSLd0 -> 2021-05-07_風速3.4ms_風向SW215度_7 May - 2021 470 European Championship, Vilamoura, POR.mp4
[68/204] FAIL CiHLDklSLd0: ERROR: [youtube] CiHLDklSLd0: Sign in to confirm you’re not a bot. Use --cookies-from-browser or --cookies for the authentication. See  https://github.com/yt-dlp/yt-dlp/wiki/FAQ#how-do-i-pass-cookies-to-yt-dlp  for how to manually pass cookies. Also see  https://github.com/yt-dlp/yt-dlp/wiki/Extractors#exporting-youtube-cookies  for tips on effectively exporting YouTube cookies
[69/204] SKIP exists: 2021-05-06_風速2.9ms_風向W263度_6 May - 2021 470 European Championship, Vilamoura, POR.mp4
[70/204] SKIP exists: 2021-05-05_風速3.9ms_風向SW217度_5 May - 2021 470 European Championship, Vilamoura, POR.mp4
[71/204] SKIP exists: 2021-05-04_風速4.0ms_風向SW229度_4 May - 2021 470 European Championship, Vilamoura, POR.mp4
[72/204] SKIP exists: 2021-05-03_風速3.1ms_風向SSE162度_3 May - 2021 470 European Championship, Vilamoura, POR.mp4
[73/204] SKIP exists: 2021-05-02_風速2.8ms_風向NW316度_2 May - 2021 470 European Championship, Vilamoura, POR.mp4
[74/204] SKIP exists: 2021-05-01_風速4.6ms_風向WSW258度_1 May - 2021 470 European Championship, Vilamoura, POR.mp4
[75/204] SKIP exists: 2021-04-30_風速3.9ms_風向WNW303度_30 April - 2021 470 European Championship, Vilamoura, POR.mp4
[76/204] SKIP exists: 2021-03-13_風速4.1ms_風向N352度_13 March - 2021 470 World Championship, Vilamoura, Portugal.mp4
[77/204] SKIP exists: 2021-03-12_風速5.0ms_風向NNW332度_12 March - 2021 470 World Championship, Vilamoura, Portugal.mp4
[78/204] SKIP exists: 2021-03-11_風速2.1ms_風向SW229度_11 March - 2021 470 World Championship, Vilamoura, Portugal.mp4
[79/204] SKIP exists: 2021-03-10_風速2.8ms_風向SW216度_10 March - 2021 470 World Championship, Vilamoura, Portugal.mp4
[80/204] SKIP exists: 2021-03-09_風速4.0ms_風向N354度_9 March - 2021 470 World Championship, Vilamoura, Portugal.mp4
[81/204] SKIP exists: 2021-03-08_風速4.9ms_風向NW317度_8 March - 2021 470 World Championship, Vilamoura, Portugal.mp4
[82/204] SKIP exists: 2021-03-07_風速3.2ms_風向W272度_7 March - 2021 470 World Championship, Vilamoura, Portugal.mp4
[83/204] SKIP exists: 2021-03-06_風速4.2ms_風向ESE107度_6 March - 2021 470 World Championship, Vilamoura, Portugal.mp4
[84/204] SKIP exists: 2021-03-05_風速3.4ms_風向SE138度_5 March - 2021 470 World Championship, Vilamoura, Portugal.mp4
[85/204] SKIP exists: 2003-04-26_風速2.5ms_風向SSW212度_2003 Sprint Cup.mp4
[86/204] SKIP exists: 2019-08-09_風速5.9ms_風向S186度_Race Day 6 - 9 August - 2019 470 World Championship, Enoshima, Japan.mp4
[87/204] SKIP exists: 2019-08-08_風速7.8ms_風向SSW192度_Race Day 5 - 8 August - 2019 470 World Championship, Enoshima, Japan.mp4
[88/204] SKIP exists: 2019-08-07_風速6.7ms_風向S187度_Race Day 4 7 August I 2019 470 World Championships, Enoshima, Japan.mp4
[89/204] SKIP exists: 2019-08-06_風速6.5ms_風向S188度_Race Day 3 6 August I 2019 470 World Championships, Enoshima, Japan.mp4
[90/204] SKIP exists: 2019-08-05_風速3.3ms_風向SSW204度_Race Day 2 - 5 August - 2019 470 World Championships, Enoshima, Japan.mp4
[91/204] SKIP exists: 2019-08-04_風速3.7ms_風向S189度_Race Day 1 - 4 August - 2019 470 World Championship, Enoshima, Japan.mp4
[92/204] SKIP exists: 2019-08-03_風速4.8ms_風向SSW194度_3 August - 2019 470 World Championships, Enoshima, Japan.mp4
[93/204] SKIP exists: 2019-08-02_風速3.9ms_風向S189度_2 August - 2019 470 World Championship, Enoshima, Japan.mp4
[94/204] SKIP exists: 2019-05-10_風速2.2ms_風向SE142度_MedalRaceW.mp4
[95/204] GET GP5Dxxx2NsM -> 2019-05-10_風速2.2ms_風向SE142度_MedalRaceM.mp4
[95/204] FAIL GP5Dxxx2NsM: ERROR: [youtube] GP5Dxxx2NsM: Sign in to confirm you’re not a bot. Use --cookies-from-browser or --cookies for the authentication. See  https://github.com/yt-dlp/yt-dlp/wiki/FAQ#how-do-i-pass-cookies-to-yt-dlp  for how to manually pass cookies. Also see  https://github.com/yt-dlp/yt-dlp/wiki/Extractors#exporting-youtube-cookies  for tips on effectively exporting YouTube cookies
[96/204] SKIP exists: 2019-05-10_風速2.2ms_風向SE142度_Day 5 Highlights 2019 470 European Championship.mp4
[97/204] SKIP exists: 2019-05-09_風速2.4ms_風向ESE105度_Day 4 Highlights 2019 470 European Championship.mp4
[98/204] SKIP exists: 2019-05-08_風速3.0ms_風向SSW198度_Day 3 Highlights 2019 470 European Championship.mp4
[99/204] SKIP exists: 2019-05-06_風速4.2ms_風向SSW205度_Day 1 Highlights 2019 470 European Championship.mp4
[100/204] SKIP exists: 2018-08-25_風速5.4ms_風向SSW200度_2018 470 Junior World Championship - Day 5.mp4
[101/204] SKIP exists: 2018-08-22_風速2.1ms_風向S189度_2018 470 Junior World Championship - Day 2.mp4
[102/204] SKIP exists: 2018-08-21_風速1.3ms_風向ESE123度_2018 470 Junior World Championship - Day 1.mp4
[103/204] SKIP exists: 2018-08-26_風速3.0ms_風向W279度_2018 470 Junior World Championship - Day 6.mp4
[104/204] GET Rlg3XhEFcbQ -> 2018-05-24_風速4.7ms_風向ENE71度_2018 470 European Championship - Day 6.mp4
[104/204] FAIL Rlg3XhEFcbQ: ERROR: [youtube] Rlg3XhEFcbQ: Sign in to confirm you’re not a bot. Use --cookies-from-browser or --cookies for the authentication. See  https://github.com/yt-dlp/yt-dlp/wiki/FAQ#how-do-i-pass-cookies-to-yt-dlp  for how to manually pass cookies. Also see  https://github.com/yt-dlp/yt-dlp/wiki/Extractors#exporting-youtube-cookies  for tips on effectively exporting YouTube cookies
[105/204] GET gmXAzqYhgfU -> 2018-05-23_風速4.4ms_風向ENE76度_2018 470 European Championship - Day 5.mp4
[105/204] FAIL gmXAzqYhgfU: ERROR: [youtube] gmXAzqYhgfU: Sign in to confirm you’re not a bot. Use --cookies-from-browser or --cookies for the authentication. See  https://github.com/yt-dlp/yt-dlp/wiki/FAQ#how-do-i-pass-cookies-to-yt-dlp  for how to manually pass cookies. Also see  https://github.com/yt-dlp/yt-dlp/wiki/Extractors#exporting-youtube-cookies  for tips on effectively exporting YouTube cookies
[106/204] SKIP exists: 2018-05-22_風速5.5ms_風向ENE70度_2018 470 European Championship - Day 4.mp4
[107/204] GET aQRycJFK_FM -> 2018-05-21_風速5.4ms_風向ENE64度_2018 470 European Championship - Day 3.mp4
[107/204] FAIL aQRycJFK_FM: ERROR: [youtube] aQRycJFK_FM: Sign in to confirm you’re not a bot. Use --cookies-from-browser or --cookies for the authentication. See  https://github.com/yt-dlp/yt-dlp/wiki/FAQ#how-do-i-pass-cookies-to-yt-dlp  for how to manually pass cookies. Also see  https://github.com/yt-dlp/yt-dlp/wiki/Extractors#exporting-youtube-cookies  for tips on effectively exporting YouTube cookies
[108/204] SKIP exists: 2018-05-20_風速2.9ms_風向ENE60度_470 Open European Championship 2018 Day 2.mp4
[109/204] GET dHDL7FP8eXg -> 2018-05-20_風速2.9ms_風向ENE60度_2018 470 European Championship - Day 1.mp4
[109/204] FAIL dHDL7FP8eXg: ERROR: [youtube] dHDL7FP8eXg: Sign in to confirm you’re not a bot. Use --cookies-from-browser or --cookies for the authentication. See  https://github.com/yt-dlp/yt-dlp/wiki/FAQ#how-do-i-pass-cookies-to-yt-dlp  for how to manually pass cookies. Also see  https://github.com/yt-dlp/yt-dlp/wiki/Extractors#exporting-youtube-cookies  for tips on effectively exporting YouTube cookies
[110/204] SKIP exists: 2017-09-02_風速8.2ms_風向NNE24度_2017 470 Junior Worlds - Day 6 (Final Day).mp4
[111/204] GET tso2kxIqBPU -> 2017-09-01_風速8.9ms_風向NE49度_2017 470 Junior Worlds - Day 5.mp4
[111/204] FAIL tso2kxIqBPU: ERROR: [youtube] tso2kxIqBPU: Sign in to confirm you’re not a bot. Use --cookies-from-browser or --cookies for the authentication. See  https://github.com/yt-dlp/yt-dlp/wiki/FAQ#how-do-i-pass-cookies-to-yt-dlp  for how to manually pass cookies. Also see  https://github.com/yt-dlp/yt-dlp/wiki/Extractors#exporting-youtube-cookies  for tips on effectively exporting YouTube cookies
[112/204] SKIP exists: 2017-08-31_風速9.8ms_風向NNE23度_2017 470 Junior Worlds - Day 4.mp4
[113/204] SKIP exists: 2017-08-30_風速4.5ms_風向S189度_2017 470 Junior Worlds - Day 3.mp4
[114/204] GET w4JbM_3eh7Q -> 2017-08-29_風速8.7ms_風向SSW193度_2017 470 Junior Worlds - Day 2.mp4
[114/204] FAIL w4JbM_3eh7Q: ERROR: [youtube] w4JbM_3eh7Q: Sign in to confirm you’re not a bot. Use --cookies-from-browser or --cookies for the authentication. See  https://github.com/yt-dlp/yt-dlp/wiki/FAQ#how-do-i-pass-cookies-to-yt-dlp  for how to manually pass cookies. Also see  https://github.com/yt-dlp/yt-dlp/wiki/Extractors#exporting-youtube-cookies  for tips on effectively exporting YouTube cookies
[115/204] SKIP exists: 2017-08-28_風速2.5ms_風向S172度_2017 470 Junior Worlds - Day 1.mp4
[116/204] SKIP exists: 2017-08-27_風速4.2ms_風向ENE67度_2017 470 Junior Worlds - Day 0.mp4
[117/204] GET J3vdbAuUAAU -> 2017-07-15_風速2.6ms_風向SW220度_2017 470 World Championships 2017 - Day 6.mp4
[117/204] FAIL J3vdbAuUAAU: ERROR: [youtube] J3vdbAuUAAU: Sign in to confirm you’re not a bot. Use --cookies-from-browser or --cookies for the authentication. See  https://github.com/yt-dlp/yt-dlp/wiki/FAQ#how-do-i-pass-cookies-to-yt-dlp  for how to manually pass cookies. Also see  https://github.com/yt-dlp/yt-dlp/wiki/Extractors#exporting-youtube-cookies  for tips on effectively exporting YouTube cookies
[118/204] SKIP exists: 2017-07-14_風速2.9ms_風向WSW247度_2017 470 World Championships 2017 - Day 5.mp4
[119/204] SKIP exists: 2017-07-13_風速2.4ms_風向SW232度_2017 470 World Championships 2017 - Day 4.mp4
[120/204] SKIP exists: 2017-07-12_風速1.9ms_風向SW229度_2017 470 World Championships 2017 - Day 3.mp4
[121/204] GET DKKjYF3XyRw -> 2017-07-11_風速3.3ms_風向SSW203度_2017 470 World Championships 2017 - Day 2.mp4
[121/204] FAIL DKKjYF3XyRw: ERROR: [youtube] DKKjYF3XyRw: Sign in to confirm you’re not a bot. Use --cookies-from-browser or --cookies for the authentication. See  https://github.com/yt-dlp/yt-dlp/wiki/FAQ#how-do-i-pass-cookies-to-yt-dlp  for how to manually pass cookies. Also see  https://github.com/yt-dlp/yt-dlp/wiki/Extractors#exporting-youtube-cookies  for tips on effectively exporting YouTube cookies
[122/204] SKIP exists: 2017-07-10_風速3.2ms_風向S191度_2017 470 World Championships - Day 1.mp4
[123/204] SKIP exists: 2017-05-14_風速2.6ms_風向SE137度_2017 470 European Championship - Day 6.mp4
[124/204] SKIP exists: 2017-05-14_風速2.6ms_風向SE137度_2017 470 European Championship - Day 5.mp4
[125/204] SKIP exists: 2017-05-11_風速7.4ms_風向E88度_2017 470 European Championship Day 4.mp4
[126/204] SKIP exists: 2017-05-11_風速7.4ms_風向E88度_2017 470 European Championship - Day 3.mp4
[127/204] SKIP exists: 2017-05-10_風速3.2ms_風向SE124度_2017 470 European Championship - Day 2.mp4
[128/204] GET sjuOw8GlI10 -> 2017-05-09_風速2.1ms_風向SSE165度_2017 470 European Championship - Day 1.mp4
[128/204] FAIL sjuOw8GlI10: ERROR: [youtube] sjuOw8GlI10: Sign in to confirm you’re not a bot. Use --cookies-from-browser or --cookies for the authentication. See  https://github.com/yt-dlp/yt-dlp/wiki/FAQ#how-do-i-pass-cookies-to-yt-dlp  for how to manually pass cookies. Also see  https://github.com/yt-dlp/yt-dlp/wiki/Extractors#exporting-youtube-cookies  for tips on effectively exporting YouTube cookies
[129/204] SKIP exists: 2016-04-13_風速6.6ms_風向W277度_2016 470 European Championship - Day 6.mp4
[130/204] SKIP exists: 2016-04-11_風速3.9ms_風向WSW239度_2016 470 European Championship - Day 5.mp4
[131/204] GET zC3JWg6dx30 -> 2016-04-10_風速5.7ms_風向S179度_2016 470 European Championship - Day 4.mp4
[131/204] FAIL zC3JWg6dx30: ERROR: [youtube] zC3JWg6dx30: Sign in to confirm you’re not a bot. Use --cookies-from-browser or --cookies for the authentication. See  https://github.com/yt-dlp/yt-dlp/wiki/FAQ#how-do-i-pass-cookies-to-yt-dlp  for how to manually pass cookies. Also see  https://github.com/yt-dlp/yt-dlp/wiki/Extractors#exporting-youtube-cookies  for tips on effectively exporting YouTube cookies
[132/204] SKIP exists: 2016-04-09_風速5.6ms_風向WNW290度_2016 470 European Championship - Day 3.mp4
[133/204] SKIP exists: 2016-04-09_風速5.6ms_風向WNW290度_2016 470 European Championship - Day 2.mp4
[134/204] SKIP exists: 2016-04-08_風速4.5ms_風向N10度_2016 470 European Championship - Opening Day.mp4
[135/204] SKIP exists: 2016-02-25_風速3.1ms_風向SE125度_470 World ARGENTINA2016_Day3.mp4
[136/204] SKIP exists: 2015-10-18_風速2.2ms_風向NNW333度_2015 470 World Championships Haifa, Israel - Day 6.mp4
[137/204] GET l1pTG4mlNY8 -> 2015-10-17_風速3.0ms_風向NNW330度_2015 470 World Championships Haifa, Israel - Day 5.mp4
[137/204] FAIL l1pTG4mlNY8: ERROR: [youtube] l1pTG4mlNY8: Sign in to confirm you’re not a bot. Use --cookies-from-browser or --cookies for the authentication. See  https://github.com/yt-dlp/yt-dlp/wiki/FAQ#how-do-i-pass-cookies-to-yt-dlp  for how to manually pass cookies. Also see  https://github.com/yt-dlp/yt-dlp/wiki/Extractors#exporting-youtube-cookies  for tips on effectively exporting YouTube cookies
[138/204] SKIP exists: 2015-10-16_風速3.8ms_風向NNW334度_2015 470 World Championships Haifa, Israel - Day 4.mp4
[139/204] GET uqvDje-GCuM -> 2015-10-15_風速4.1ms_風向NNW331度_2015 470 World Championships Haifa, Israel - Day 3.mp4
[139/204] FAIL uqvDje-GCuM: ERROR: [youtube] uqvDje-GCuM: Sign in to confirm you’re not a bot. Use --cookies-from-browser or --cookies for the authentication. See  https://github.com/yt-dlp/yt-dlp/wiki/FAQ#how-do-i-pass-cookies-to-yt-dlp  for how to manually pass cookies. Also see  https://github.com/yt-dlp/yt-dlp/wiki/Extractors#exporting-youtube-cookies  for tips on effectively exporting YouTube cookies
[140/204] SKIP exists: 2015-10-14_風速3.7ms_風向NW319度_2015 470 World Championships Haifa, Israel - Day 2.mp4
[141/204] GET bUYuIuCoEqg -> 2015-10-12_風速4.6ms_風向N353度_2015 470 World Championships Haifa, Israel - Day 1.mp4
[141/204] FAIL bUYuIuCoEqg: ERROR: [youtube] bUYuIuCoEqg: Sign in to confirm you’re not a bot. Use --cookies-from-browser or --cookies for the authentication. See  https://github.com/yt-dlp/yt-dlp/wiki/FAQ#how-do-i-pass-cookies-to-yt-dlp  for how to manually pass cookies. Also see  https://github.com/yt-dlp/yt-dlp/wiki/Extractors#exporting-youtube-cookies  for tips on effectively exporting YouTube cookies
[142/204] GET bD1ef21qZTo -> 2015-10-10_風速2.3ms_風向NNW329度_2015 470 Worlds - Day 1, 10 October 2015.mp4
[142/204] FAIL bD1ef21qZTo: ERROR: [youtube] bD1ef21qZTo: Sign in to confirm you’re not a bot. Use --cookies-from-browser or --cookies for the authentication. See  https://github.com/yt-dlp/yt-dlp/wiki/FAQ#how-do-i-pass-cookies-to-yt-dlp  for how to manually pass cookies. Also see  https://github.com/yt-dlp/yt-dlp/wiki/Extractors#exporting-youtube-cookies  for tips on effectively exporting YouTube cookies
[143/204] GET 2WqKvYopNiU -> 2015-08-16_風速3.7ms_風向SE132度_2015 420 & 470 Junior European Championships - Day 6.mp4
[143/204] FAIL 2WqKvYopNiU: ERROR: [youtube] 2WqKvYopNiU: Sign in to confirm you’re not a bot. Use --cookies-from-browser or --cookies for the authentication. See  https://github.com/yt-dlp/yt-dlp/wiki/FAQ#how-do-i-pass-cookies-to-yt-dlp  for how to manually pass cookies. Also see  https://github.com/yt-dlp/yt-dlp/wiki/Extractors#exporting-youtube-cookies  for tips on effectively exporting YouTube cookies
[144/204] GET BYcSNS-5380 -> 2015-08-14_風速2.0ms_風向ENE64度_2015 420 & 470 Junior European Championships - Day 5.mp4
[144/204] FAIL BYcSNS-5380: ERROR: [youtube] BYcSNS-5380: Sign in to confirm you’re not a bot. Use --cookies-from-browser or --cookies for the authentication. See  https://github.com/yt-dlp/yt-dlp/wiki/FAQ#how-do-i-pass-cookies-to-yt-dlp  for how to manually pass cookies. Also see  https://github.com/yt-dlp/yt-dlp/wiki/Extractors#exporting-youtube-cookies  for tips on effectively exporting YouTube cookies
[145/204] GET ItbEygETGXw -> 2015-08-13_風速2.5ms_風向NE43度_2015 420 & 470 Junior European Championships - Day 4.mp4
[145/204] FAIL ItbEygETGXw: ERROR: [youtube] ItbEygETGXw: Sign in to confirm you’re not a bot. Use --cookies-from-browser or --cookies for the authentication. See  https://github.com/yt-dlp/yt-dlp/wiki/FAQ#how-do-i-pass-cookies-to-yt-dlp  for how to manually pass cookies. Also see  https://github.com/yt-dlp/yt-dlp/wiki/Extractors#exporting-youtube-cookies  for tips on effectively exporting YouTube cookies
[146/204] GET SaWwifUf0vA -> 2015-08-13_風速2.5ms_風向NE43度_2015 420 & 470 Junior European Championships - Day 3.mp4
[146/204] FAIL SaWwifUf0vA: ERROR: [youtube] SaWwifUf0vA: Sign in to confirm you’re not a bot. Use --cookies-from-browser or --cookies for the authentication. See  https://github.com/yt-dlp/yt-dlp/wiki/FAQ#how-do-i-pass-cookies-to-yt-dlp  for how to manually pass cookies. Also see  https://github.com/yt-dlp/yt-dlp/wiki/Extractors#exporting-youtube-cookies  for tips on effectively exporting YouTube cookies
[147/204] GET c_C4ZXWFlp0 -> 2015-08-12_風速1.6ms_風向NNE33度_2015 420 & 470 Junior European Championships - Day 2.mp4
[147/204] FAIL c_C4ZXWFlp0: ERROR: [youtube] c_C4ZXWFlp0: Sign in to confirm you’re not a bot. Use --cookies-from-browser or --cookies for the authentication. See  https://github.com/yt-dlp/yt-dlp/wiki/FAQ#how-do-i-pass-cookies-to-yt-dlp  for how to manually pass cookies. Also see  https://github.com/yt-dlp/yt-dlp/wiki/Extractors#exporting-youtube-cookies  for tips on effectively exporting YouTube cookies
[148/204] GET QVHFrUdyWyk -> 2015-08-11_風速2.8ms_風向ENE57度_2015 420 & 470 Junior European Championships - Day 1.mp4
[148/204] FAIL QVHFrUdyWyk: ERROR: [youtube] QVHFrUdyWyk: Sign in to confirm you’re not a bot. Use --cookies-from-browser or --cookies for the authentication. See  https://github.com/yt-dlp/yt-dlp/wiki/FAQ#how-do-i-pass-cookies-to-yt-dlp  for how to manually pass cookies. Also see  https://github.com/yt-dlp/yt-dlp/wiki/Extractors#exporting-youtube-cookies  for tips on effectively exporting YouTube cookies
[149/204] GET X00Ul7Dg-OU -> 2015-08-01_風速4.0ms_風向S187度_2015 470 Junior World Championships - Day 6.mp4
[149/204] FAIL X00Ul7Dg-OU: ERROR: [youtube] X00Ul7Dg-OU: Sign in to confirm you’re not a bot. Use --cookies-from-browser or --cookies for the authentication. See  https://github.com/yt-dlp/yt-dlp/wiki/FAQ#how-do-i-pass-cookies-to-yt-dlp  for how to manually pass cookies. Also see  https://github.com/yt-dlp/yt-dlp/wiki/Extractors#exporting-youtube-cookies  for tips on effectively exporting YouTube cookies
[150/204] GET ive6pnHMdg0 -> 2015-07-31_風速1.5ms_風向NNW337度_2015 470 Junior World Championships - Day 5.mp4
[150/204] FAIL ive6pnHMdg0: ERROR: [youtube] ive6pnHMdg0: Sign in to confirm you’re not a bot. Use --cookies-from-browser or --cookies for the authentication. See  https://github.com/yt-dlp/yt-dlp/wiki/FAQ#how-do-i-pass-cookies-to-yt-dlp  for how to manually pass cookies. Also see  https://github.com/yt-dlp/yt-dlp/wiki/Extractors#exporting-youtube-cookies  for tips on effectively exporting YouTube cookies
[151/204] GET MgzXvkzW80s -> 2015-07-30_風速3.3ms_風向S190度_2015 470 Junior World Championships - Day 4.mp4
[151/204] FAIL MgzXvkzW80s: ERROR: [youtube] MgzXvkzW80s: Sign in to confirm you’re not a bot. Use --cookies-from-browser or --cookies for the authentication. See  https://github.com/yt-dlp/yt-dlp/wiki/FAQ#how-do-i-pass-cookies-to-yt-dlp  for how to manually pass cookies. Also see  https://github.com/yt-dlp/yt-dlp/wiki/Extractors#exporting-youtube-cookies  for tips on effectively exporting YouTube cookies
[152/204] GET oVaigoaFEeA -> 2015-07-28_風速2.3ms_風向SW219度_2015 470 Junior World Championships - Day 3.mp4
[152/204] FAIL oVaigoaFEeA: ERROR: [youtube] oVaigoaFEeA: Sign in to confirm you’re not a bot. Use --cookies-from-browser or --cookies for the authentication. See  https://github.com/yt-dlp/yt-dlp/wiki/FAQ#how-do-i-pass-cookies-to-yt-dlp  for how to manually pass cookies. Also see  https://github.com/yt-dlp/yt-dlp/wiki/Extractors#exporting-youtube-cookies  for tips on effectively exporting YouTube cookies
[153/204] GET tU8isOOclLw -> 2015-07-28_風速2.3ms_風向SW219度_2015 470 Junior World Championships - Day 2.mp4
[153/204] FAIL tU8isOOclLw: ERROR: [youtube] tU8isOOclLw: Sign in to confirm you’re not a bot. Use --cookies-from-browser or --cookies for the authentication. See  https://github.com/yt-dlp/yt-dlp/wiki/FAQ#how-do-i-pass-cookies-to-yt-dlp  for how to manually pass cookies. Also see  https://github.com/yt-dlp/yt-dlp/wiki/Extractors#exporting-youtube-cookies  for tips on effectively exporting YouTube cookies
[154/204] GET BDs2ZbOFI4w -> 2015-07-27_風速2.4ms_風向SW215度_2015 470 Junior World Championships - Day 1.mp4
[154/204] FAIL BDs2ZbOFI4w: ERROR: [youtube] BDs2ZbOFI4w: Sign in to confirm you’re not a bot. Use --cookies-from-browser or --cookies for the authentication. See  https://github.com/yt-dlp/yt-dlp/wiki/FAQ#how-do-i-pass-cookies-to-yt-dlp  for how to manually pass cookies. Also see  https://github.com/yt-dlp/yt-dlp/wiki/Extractors#exporting-youtube-cookies  for tips on effectively exporting YouTube cookies
[155/204] GET mAmGUp7zQAY -> 2015-07-02_風速6.6ms_風向SE130度_Race Day 4 - 470 Open European Championships.mp4
[155/204] FAIL mAmGUp7zQAY: ERROR: [youtube] mAmGUp7zQAY: Sign in to confirm you’re not a bot. Use --cookies-from-browser or --cookies for the authentication. See  https://github.com/yt-dlp/yt-dlp/wiki/FAQ#how-do-i-pass-cookies-to-yt-dlp  for how to manually pass cookies. Also see  https://github.com/yt-dlp/yt-dlp/wiki/Extractors#exporting-youtube-cookies  for tips on effectively exporting YouTube cookies
[156/204] GET yfYQgNCwS4k -> 2015-07-01_風速2.7ms_風向SE135度_Race Day 3 - 470 Open European Championships - part 2.mp4
[156/204] FAIL yfYQgNCwS4k: ERROR: [youtube] yfYQgNCwS4k: Sign in to confirm you’re not a bot. Use --cookies-from-browser or --cookies for the authentication. See  https://github.com/yt-dlp/yt-dlp/wiki/FAQ#how-do-i-pass-cookies-to-yt-dlp  for how to manually pass cookies. Also see  https://github.com/yt-dlp/yt-dlp/wiki/Extractors#exporting-youtube-cookies  for tips on effectively exporting YouTube cookies
[157/204] GET u1hr1upNvTE -> 2015-06-29_風速4.5ms_風向WSW254度_29 Jun 2015.mp4
[157/204] FAIL u1hr1upNvTE: ERROR: [youtube] u1hr1upNvTE: Sign in to confirm you’re not a bot. Use --cookies-from-browser or --cookies for the authentication. See  https://github.com/yt-dlp/yt-dlp/wiki/FAQ#how-do-i-pass-cookies-to-yt-dlp  for how to manually pass cookies. Also see  https://github.com/yt-dlp/yt-dlp/wiki/Extractors#exporting-youtube-cookies  for tips on effectively exporting YouTube cookies
[158/204] GET huqV7TWUpoQ -> 2015-06-27_風速2.5ms_風向SE139度_470 Europeans, Aarhus, Denmark; 27th June 2015..mp4
[158/204] FAIL huqV7TWUpoQ: ERROR: [youtube] huqV7TWUpoQ: Sign in to confirm you’re not a bot. Use --cookies-from-browser or --cookies for the authentication. See  https://github.com/yt-dlp/yt-dlp/wiki/FAQ#how-do-i-pass-cookies-to-yt-dlp  for how to manually pass cookies. Also see  https://github.com/yt-dlp/yt-dlp/wiki/Extractors#exporting-youtube-cookies  for tips on effectively exporting YouTube cookies
[159/204] GET mchbGe3hOXI -> 2014-07-16_風速2.2ms_風向N352度_2014 470 European Championships - Medal Race.mp4
[159/204] FAIL mchbGe3hOXI: ERROR: [youtube] mchbGe3hOXI: Sign in to confirm you’re not a bot. Use --cookies-from-browser or --cookies for the authentication. See  https://github.com/yt-dlp/yt-dlp/wiki/FAQ#how-do-i-pass-cookies-to-yt-dlp  for how to manually pass cookies. Also see  https://github.com/yt-dlp/yt-dlp/wiki/Extractors#exporting-youtube-cookies  for tips on effectively exporting YouTube cookies
[160/204] GET L1_aintU2hE -> 2014-07-16_風速2.2ms_風向N352度_2014 470 European Championships, Athens Greece - Day 5.mp4
[160/204] FAIL L1_aintU2hE: ERROR: [youtube] L1_aintU2hE: Sign in to confirm you’re not a bot. Use --cookies-from-browser or --cookies for the authentication. See  https://github.com/yt-dlp/yt-dlp/wiki/FAQ#how-do-i-pass-cookies-to-yt-dlp  for how to manually pass cookies. Also see  https://github.com/yt-dlp/yt-dlp/wiki/Extractors#exporting-youtube-cookies  for tips on effectively exporting YouTube cookies
[161/204] GET W36QDGl-Gsw -> 2014-07-14_風速1.4ms_風向W277度_2014 470 European Championships, Athens Greece - Day 4.mp4
[161/204] FAIL W36QDGl-Gsw: ERROR: [youtube] W36QDGl-Gsw: Sign in to confirm you’re not a bot. Use --cookies-from-browser or --cookies for the authentication. See  https://github.com/yt-dlp/yt-dlp/wiki/FAQ#how-do-i-pass-cookies-to-yt-dlp  for how to manually pass cookies. Also see  https://github.com/yt-dlp/yt-dlp/wiki/Extractors#exporting-youtube-cookies  for tips on effectively exporting YouTube cookies
[162/204] GET 88CxJQuzM30 -> 2014-07-13_風速2.6ms_風向SSW203度_2014 470 European Championships, Athens Greece - Day 3.mp4
[162/204] FAIL 88CxJQuzM30: ERROR: [youtube] 88CxJQuzM30: Sign in to confirm you’re not a bot. Use --cookies-from-browser or --cookies for the authentication. See  https://github.com/yt-dlp/yt-dlp/wiki/FAQ#how-do-i-pass-cookies-to-yt-dlp  for how to manually pass cookies. Also see  https://github.com/yt-dlp/yt-dlp/wiki/Extractors#exporting-youtube-cookies  for tips on effectively exporting YouTube cookies
[163/204] GET _b0QFxN8E4g -> 2014-07-12_風速4.2ms_風向W265度_2014 470 European Championships, Athens Greece - Day 2.mp4
[163/204] FAIL _b0QFxN8E4g: ERROR: [youtube] _b0QFxN8E4g: Sign in to confirm you’re not a bot. Use --cookies-from-browser or --cookies for the authentication. See  https://github.com/yt-dlp/yt-dlp/wiki/FAQ#how-do-i-pass-cookies-to-yt-dlp  for how to manually pass cookies. Also see  https://github.com/yt-dlp/yt-dlp/wiki/Extractors#exporting-youtube-cookies  for tips on effectively exporting YouTube cookies
[164/204] GET py9e_E-vd98 -> 2014-07-11_風速3.9ms_風向WSW243度_2014 470 European Championships, Athens Greece - Day 1.mp4
[164/204] FAIL py9e_E-vd98: ERROR: [youtube] py9e_E-vd98: Sign in to confirm you’re not a bot. Use --cookies-from-browser or --cookies for the authentication. See  https://github.com/yt-dlp/yt-dlp/wiki/FAQ#how-do-i-pass-cookies-to-yt-dlp  for how to manually pass cookies. Also see  https://github.com/yt-dlp/yt-dlp/wiki/Extractors#exporting-youtube-cookies  for tips on effectively exporting YouTube cookies
[165/204] GET h4LVG-FbntE -> 2014-07-09_風速3.6ms_風向WSW243度_2014 470 European Championships, Athens Greece - Day 0.mp4
[165/204] FAIL h4LVG-FbntE: ERROR: [youtube] h4LVG-FbntE: Sign in to confirm you’re not a bot. Use --cookies-from-browser or --cookies for the authentication. See  https://github.com/yt-dlp/yt-dlp/wiki/FAQ#how-do-i-pass-cookies-to-yt-dlp  for how to manually pass cookies. Also see  https://github.com/yt-dlp/yt-dlp/wiki/Extractors#exporting-youtube-cookies  for tips on effectively exporting YouTube cookies
[166/204] GET 1-mH9XEOL8c -> 2014-07-02_風速1.3ms_風向E79度_2014 470 Junior World Championship - Day 5.mp4
[166/204] FAIL 1-mH9XEOL8c: ERROR: [youtube] 1-mH9XEOL8c: Sign in to confirm you’re not a bot. Use --cookies-from-browser or --cookies for the authentication. See  https://github.com/yt-dlp/yt-dlp/wiki/FAQ#how-do-i-pass-cookies-to-yt-dlp  for how to manually pass cookies. Also see  https://github.com/yt-dlp/yt-dlp/wiki/Extractors#exporting-youtube-cookies  for tips on effectively exporting YouTube cookies
[167/204] GET lFlQ2FIk2Mo -> 2014-07-02_風速1.3ms_風向E79度_2014 470 Junior World Championship - Day 3 and 4.mp4
[167/204] FAIL lFlQ2FIk2Mo: ERROR: [youtube] lFlQ2FIk2Mo: Sign in to confirm you’re not a bot. Use --cookies-from-browser or --cookies for the authentication. See  https://github.com/yt-dlp/yt-dlp/wiki/FAQ#how-do-i-pass-cookies-to-yt-dlp  for how to manually pass cookies. Also see  https://github.com/yt-dlp/yt-dlp/wiki/Extractors#exporting-youtube-cookies  for tips on effectively exporting YouTube cookies
[168/204] GET bImSnNY8rLY -> 2014-06-30_風速3.5ms_風向NNW346度_2014 470 Junior World Championship - Day 1 and 2.mp4
[168/204] FAIL bImSnNY8rLY: ERROR: [youtube] bImSnNY8rLY: Sign in to confirm you’re not a bot. Use --cookies-from-browser or --cookies for the authentication. See  https://github.com/yt-dlp/yt-dlp/wiki/FAQ#how-do-i-pass-cookies-to-yt-dlp  for how to manually pass cookies. Also see  https://github.com/yt-dlp/yt-dlp/wiki/Extractors#exporting-youtube-cookies  for tips on effectively exporting YouTube cookies
[169/204] GET w9_O5vAPFnM -> 2013-08-22_風速3.6ms_風向SSW204度_2013 420 and 470 Junior European Championships - Day 7.mp4
[169/204] FAIL w9_O5vAPFnM: ERROR: [youtube] w9_O5vAPFnM: Sign in to confirm you’re not a bot. Use --cookies-from-browser or --cookies for the authentication. See  https://github.com/yt-dlp/yt-dlp/wiki/FAQ#how-do-i-pass-cookies-to-yt-dlp  for how to manually pass cookies. Also see  https://github.com/yt-dlp/yt-dlp/wiki/Extractors#exporting-youtube-cookies  for tips on effectively exporting YouTube cookies
[170/204] GET GxsjAxhKUUc -> 2013-08-21_風速8.0ms_風向SW216度_2013 420 and 470 Junior European Championships - Day 6.mp4
[170/204] FAIL GxsjAxhKUUc: ERROR: [youtube] GxsjAxhKUUc: Sign in to confirm you’re not a bot. Use --cookies-from-browser or --cookies for the authentication. See  https://github.com/yt-dlp/yt-dlp/wiki/FAQ#how-do-i-pass-cookies-to-yt-dlp  for how to manually pass cookies. Also see  https://github.com/yt-dlp/yt-dlp/wiki/Extractors#exporting-youtube-cookies  for tips on effectively exporting YouTube cookies
[171/204] GET tUSzo-hsyRU -> 2013-08-20_風速5.9ms_風向SW217度_2013 420 and 470 Junior European Championships - Day 5.mp4
[171/204] FAIL tUSzo-hsyRU: ERROR: [youtube] tUSzo-hsyRU: Sign in to confirm you’re not a bot. Use --cookies-from-browser or --cookies for the authentication. See  https://github.com/yt-dlp/yt-dlp/wiki/FAQ#how-do-i-pass-cookies-to-yt-dlp  for how to manually pass cookies. Also see  https://github.com/yt-dlp/yt-dlp/wiki/Extractors#exporting-youtube-cookies  for tips on effectively exporting YouTube cookies
[172/204] GET 4m2aj_D1j8I -> 2013-08-10_風速2.6ms_風向NNW333度_2013 470 World Championships, La Rochelle FRA - Day 6.mp4
[172/204] FAIL 4m2aj_D1j8I: ERROR: [youtube] 4m2aj_D1j8I: Sign in to confirm you’re not a bot. Use --cookies-from-browser or --cookies for the authentication. See  https://github.com/yt-dlp/yt-dlp/wiki/FAQ#how-do-i-pass-cookies-to-yt-dlp  for how to manually pass cookies. Also see  https://github.com/yt-dlp/yt-dlp/wiki/Extractors#exporting-youtube-cookies  for tips on effectively exporting YouTube cookies
[173/204] GET _ALLwC2sIZs -> 2013-08-09_風速6.4ms_風向WSW249度_2013 470 World Championships, La Rochelle FRA - Day 5.mp4
[173/204] FAIL _ALLwC2sIZs: ERROR: [youtube] _ALLwC2sIZs: Sign in to confirm you’re not a bot. Use --cookies-from-browser or --cookies for the authentication. See  https://github.com/yt-dlp/yt-dlp/wiki/FAQ#how-do-i-pass-cookies-to-yt-dlp  for how to manually pass cookies. Also see  https://github.com/yt-dlp/yt-dlp/wiki/Extractors#exporting-youtube-cookies  for tips on effectively exporting YouTube cookies
[174/204] GET b-jb0tWm5Iw -> 2013-08-08_風速2.4ms_風向NW316度_2013 470 World Championships, La Rochelle FRA - Day 4.mp4
[174/204] FAIL b-jb0tWm5Iw: ERROR: [youtube] b-jb0tWm5Iw: Sign in to confirm you’re not a bot. Use --cookies-from-browser or --cookies for the authentication. See  https://github.com/yt-dlp/yt-dlp/wiki/FAQ#how-do-i-pass-cookies-to-yt-dlp  for how to manually pass cookies. Also see  https://github.com/yt-dlp/yt-dlp/wiki/Extractors#exporting-youtube-cookies  for tips on effectively exporting YouTube cookies
[175/204] GET S7OnFaGE8mI -> 2013-08-07_風速3.8ms_風向W271度_2013 470 World Championships, La Rochelle FRA - Day 3.mp4
[175/204] FAIL S7OnFaGE8mI: ERROR: [youtube] S7OnFaGE8mI: Sign in to confirm you’re not a bot. Use --cookies-from-browser or --cookies for the authentication. See  https://github.com/yt-dlp/yt-dlp/wiki/FAQ#how-do-i-pass-cookies-to-yt-dlp  for how to manually pass cookies. Also see  https://github.com/yt-dlp/yt-dlp/wiki/Extractors#exporting-youtube-cookies  for tips on effectively exporting YouTube cookies
[176/204] GET sRo70H6HAIE -> 2013-08-06_風速1.3ms_風向NNE21度_2013 470 World Championships, La Rochelle FRA - Day 2.mp4
[176/204] FAIL sRo70H6HAIE: ERROR: [youtube] sRo70H6HAIE: Sign in to confirm you’re not a bot. Use --cookies-from-browser or --cookies for the authentication. See  https://github.com/yt-dlp/yt-dlp/wiki/FAQ#how-do-i-pass-cookies-to-yt-dlp  for how to manually pass cookies. Also see  https://github.com/yt-dlp/yt-dlp/wiki/Extractors#exporting-youtube-cookies  for tips on effectively exporting YouTube cookies
[177/204] GET Yxje6LBMHvk -> 2013-08-06_風速1.3ms_風向NNE21度_2013 470 World Championships, La Rochelle FRA - Day 1.mp4
[177/204] FAIL Yxje6LBMHvk: ERROR: [youtube] Yxje6LBMHvk: Sign in to confirm you’re not a bot. Use --cookies-from-browser or --cookies for the authentication. See  https://github.com/yt-dlp/yt-dlp/wiki/FAQ#how-do-i-pass-cookies-to-yt-dlp  for how to manually pass cookies. Also see  https://github.com/yt-dlp/yt-dlp/wiki/Extractors#exporting-youtube-cookies  for tips on effectively exporting YouTube cookies
[178/204] GET c9xe9doRmMo -> 2013-06-11_風速2.6ms_風向W277度_EURO 470 MEDAL RACE MEN LIVE.mp4
[178/204] FAIL c9xe9doRmMo: ERROR: [youtube] c9xe9doRmMo: Sign in to confirm you’re not a bot. Use --cookies-from-browser or --cookies for the authentication. See  https://github.com/yt-dlp/yt-dlp/wiki/FAQ#how-do-i-pass-cookies-to-yt-dlp  for how to manually pass cookies. Also see  https://github.com/yt-dlp/yt-dlp/wiki/Extractors#exporting-youtube-cookies  for tips on effectively exporting YouTube cookies
[179/204] GET N9N-4tBjeoA -> 2013-06-11_風速2.6ms_風向W277度_EURO 470 MEDAL RACE WOMEN.mp4
[179/204] FAIL N9N-4tBjeoA: ERROR: [youtube] N9N-4tBjeoA: Sign in to confirm you’re not a bot. Use --cookies-from-browser or --cookies for the authentication. See  https://github.com/yt-dlp/yt-dlp/wiki/FAQ#how-do-i-pass-cookies-to-yt-dlp  for how to manually pass cookies. Also see  https://github.com/yt-dlp/yt-dlp/wiki/Extractors#exporting-youtube-cookies  for tips on effectively exporting YouTube cookies
[180/204] GET joJLddgWi3o -> 2013-06-16_風速1.7ms_風向SW223度_470 EUROPEAN CHAMPIONSHIPS HIGHLIGHTS DAY 6 MEDAL RACE SAILY.mp4
[180/204] FAIL joJLddgWi3o: ERROR: [youtube] joJLddgWi3o: Sign in to confirm you’re not a bot. Use --cookies-from-browser or --cookies for the authentication. See  https://github.com/yt-dlp/yt-dlp/wiki/FAQ#how-do-i-pass-cookies-to-yt-dlp  for how to manually pass cookies. Also see  https://github.com/yt-dlp/yt-dlp/wiki/Extractors#exporting-youtube-cookies  for tips on effectively exporting YouTube cookies
[181/204] GET ERkQxzKRsWU -> 2013-06-11_風速2.6ms_風向W277度_EURO 470 FORMIA HIGHLIGHTS DAY 1 SAILY.mp4
[181/204] FAIL ERkQxzKRsWU: ERROR: [youtube] ERkQxzKRsWU: Sign in to confirm you’re not a bot. Use --cookies-from-browser or --cookies for the authentication. See  https://github.com/yt-dlp/yt-dlp/wiki/FAQ#how-do-i-pass-cookies-to-yt-dlp  for how to manually pass cookies. Also see  https://github.com/yt-dlp/yt-dlp/wiki/Extractors#exporting-youtube-cookies  for tips on effectively exporting YouTube cookies
[182/204] GET PHTboFLZc5o -> 2012-06-29_風速7.6ms_風向SSW197度_2012 470 European Championship - Full Highlights.mp4
[182/204] FAIL PHTboFLZc5o: ERROR: [youtube] PHTboFLZc5o: Sign in to confirm you’re not a bot. Use --cookies-from-browser or --cookies for the authentication. See  https://github.com/yt-dlp/yt-dlp/wiki/FAQ#how-do-i-pass-cookies-to-yt-dlp  for how to manually pass cookies. Also see  https://github.com/yt-dlp/yt-dlp/wiki/Extractors#exporting-youtube-cookies  for tips on effectively exporting YouTube cookies
[183/204] GET wAYgV_tD8-Q -> 2012-07-04_風速2.5ms_風向S184度_2012 470 European Championship - Day 7.mp4
[183/204] FAIL wAYgV_tD8-Q: ERROR: [youtube] wAYgV_tD8-Q: Sign in to confirm you’re not a bot. Use --cookies-from-browser or --cookies for the authentication. See  https://github.com/yt-dlp/yt-dlp/wiki/FAQ#how-do-i-pass-cookies-to-yt-dlp  for how to manually pass cookies. Also see  https://github.com/yt-dlp/yt-dlp/wiki/Extractors#exporting-youtube-cookies  for tips on effectively exporting YouTube cookies
[184/204] GET ZC-zKqhEIF8 -> 2012-07-03_風速4.4ms_風向SSE158度_2012 470 European Championship - Day 6.mp4
[184/204] FAIL ZC-zKqhEIF8: ERROR: [youtube] ZC-zKqhEIF8: Sign in to confirm you’re not a bot. Use --cookies-from-browser or --cookies for the authentication. See  https://github.com/yt-dlp/yt-dlp/wiki/FAQ#how-do-i-pass-cookies-to-yt-dlp  for how to manually pass cookies. Also see  https://github.com/yt-dlp/yt-dlp/wiki/Extractors#exporting-youtube-cookies  for tips on effectively exporting YouTube cookies
[185/204] GET OuHjsYMaVpg -> 2012-07-02_風速2.8ms_風向SSE155度_2012 470 European Championship - Day 5.mp4
[185/204] FAIL OuHjsYMaVpg: ERROR: [youtube] OuHjsYMaVpg: Sign in to confirm you’re not a bot. Use --cookies-from-browser or --cookies for the authentication. See  https://github.com/yt-dlp/yt-dlp/wiki/FAQ#how-do-i-pass-cookies-to-yt-dlp  for how to manually pass cookies. Also see  https://github.com/yt-dlp/yt-dlp/wiki/Extractors#exporting-youtube-cookies  for tips on effectively exporting YouTube cookies
[186/204] GET j1ldHj-shOE -> 2012-07-01_風速5.5ms_風向W279度_2012 470 European Championship - Day 4.mp4
[186/204] FAIL j1ldHj-shOE: ERROR: [youtube] j1ldHj-shOE: Sign in to confirm you’re not a bot. Use --cookies-from-browser or --cookies for the authentication. See  https://github.com/yt-dlp/yt-dlp/wiki/FAQ#how-do-i-pass-cookies-to-yt-dlp  for how to manually pass cookies. Also see  https://github.com/yt-dlp/yt-dlp/wiki/Extractors#exporting-youtube-cookies  for tips on effectively exporting YouTube cookies
[187/204] GET 6frXeiRP4dE -> 2012-06-30_風速7.7ms_風向SW220度_2012 470 European Championship - Day 3.mp4
[187/204] FAIL 6frXeiRP4dE: ERROR: [youtube] 6frXeiRP4dE: Sign in to confirm you’re not a bot. Use --cookies-from-browser or --cookies for the authentication. See  https://github.com/yt-dlp/yt-dlp/wiki/FAQ#how-do-i-pass-cookies-to-yt-dlp  for how to manually pass cookies. Also see  https://github.com/yt-dlp/yt-dlp/wiki/Extractors#exporting-youtube-cookies  for tips on effectively exporting YouTube cookies
[188/204] GET WmiRo_5ZORo -> 2012-06-29_風速7.6ms_風向SSW197度_2012 470 European Championship - Day 2.mp4
[188/204] FAIL WmiRo_5ZORo: ERROR: [youtube] WmiRo_5ZORo: Sign in to confirm you’re not a bot. Use --cookies-from-browser or --cookies for the authentication. See  https://github.com/yt-dlp/yt-dlp/wiki/FAQ#how-do-i-pass-cookies-to-yt-dlp  for how to manually pass cookies. Also see  https://github.com/yt-dlp/yt-dlp/wiki/Extractors#exporting-youtube-cookies  for tips on effectively exporting YouTube cookies
[189/204] GET jHJKRcvzvOA -> 2012-06-28_風速4.5ms_風向E100度_2012 470 European Championship - Day 1.mp4
[189/204] FAIL jHJKRcvzvOA: ERROR: [youtube] jHJKRcvzvOA: Sign in to confirm you’re not a bot. Use --cookies-from-browser or --cookies for the authentication. See  https://github.com/yt-dlp/yt-dlp/wiki/FAQ#how-do-i-pass-cookies-to-yt-dlp  for how to manually pass cookies. Also see  https://github.com/yt-dlp/yt-dlp/wiki/Extractors#exporting-youtube-cookies  for tips on effectively exporting YouTube cookies
[190/204] GET YvIKHFI3O8g -> 2012-05-14_風速4.8ms_風向SSW208度_2012 470 World Championship - Full Highlights.mp4
[190/204] FAIL YvIKHFI3O8g: ERROR: [youtube] YvIKHFI3O8g: Sign in to confirm you’re not a bot. Use --cookies-from-browser or --cookies for the authentication. See  https://github.com/yt-dlp/yt-dlp/wiki/FAQ#how-do-i-pass-cookies-to-yt-dlp  for how to manually pass cookies. Also see  https://github.com/yt-dlp/yt-dlp/wiki/Extractors#exporting-youtube-cookies  for tips on effectively exporting YouTube cookies
[191/204] GET dwxg4Kr4tQw -> 2012-05-19_風速2.6ms_風向ESE104度_2012 470 World Championship - Day 7.mp4
[191/204] FAIL dwxg4Kr4tQw: ERROR: [youtube] dwxg4Kr4tQw: Sign in to confirm you’re not a bot. Use --cookies-from-browser or --cookies for the authentication. See  https://github.com/yt-dlp/yt-dlp/wiki/FAQ#how-do-i-pass-cookies-to-yt-dlp  for how to manually pass cookies. Also see  https://github.com/yt-dlp/yt-dlp/wiki/Extractors#exporting-youtube-cookies  for tips on effectively exporting YouTube cookies
[192/204] GET EUnYyqDOpCM -> 2012-05-18_風速3.8ms_風向E96度_2012 470 World Championship - Day 6.mp4
[192/204] FAIL EUnYyqDOpCM: ERROR: [youtube] EUnYyqDOpCM: Sign in to confirm you’re not a bot. Use --cookies-from-browser or --cookies for the authentication. See  https://github.com/yt-dlp/yt-dlp/wiki/FAQ#how-do-i-pass-cookies-to-yt-dlp  for how to manually pass cookies. Also see  https://github.com/yt-dlp/yt-dlp/wiki/Extractors#exporting-youtube-cookies  for tips on effectively exporting YouTube cookies
[193/204] GET L8RGB-0awVM -> 2012-05-17_風速5.0ms_風向SW218度_2012 470 World Championship - Day 5.mp4
[193/204] FAIL L8RGB-0awVM: ERROR: [youtube] L8RGB-0awVM: Sign in to confirm you’re not a bot. Use --cookies-from-browser or --cookies for the authentication. See  https://github.com/yt-dlp/yt-dlp/wiki/FAQ#how-do-i-pass-cookies-to-yt-dlp  for how to manually pass cookies. Also see  https://github.com/yt-dlp/yt-dlp/wiki/Extractors#exporting-youtube-cookies  for tips on effectively exporting YouTube cookies
[194/204] GET imLOjRHe62E -> 2012-05-16_風速1.7ms_風向SW231度_2012 470 World Championship - Day 4.mp4
[194/204] FAIL imLOjRHe62E: ERROR: [youtube] imLOjRHe62E: Sign in to confirm you’re not a bot. Use --cookies-from-browser or --cookies for the authentication. See  https://github.com/yt-dlp/yt-dlp/wiki/FAQ#how-do-i-pass-cookies-to-yt-dlp  for how to manually pass cookies. Also see  https://github.com/yt-dlp/yt-dlp/wiki/Extractors#exporting-youtube-cookies  for tips on effectively exporting YouTube cookies
[195/204] GET 2e3_sFRt-6Q -> 2012-05-15_風速3.8ms_風向SSE154度_2012 470 World Championship - Day 3.mp4
[195/204] FAIL 2e3_sFRt-6Q: ERROR: [youtube] 2e3_sFRt-6Q: Sign in to confirm you’re not a bot. Use --cookies-from-browser or --cookies for the authentication. See  https://github.com/yt-dlp/yt-dlp/wiki/FAQ#how-do-i-pass-cookies-to-yt-dlp  for how to manually pass cookies. Also see  https://github.com/yt-dlp/yt-dlp/wiki/Extractors#exporting-youtube-cookies  for tips on effectively exporting YouTube cookies
[196/204] GET -5YzI-4m0gc -> 2012-05-14_風速4.8ms_風向SSW208度_2012 470 World Championship - Day 2.mp4
[196/204] FAIL -5YzI-4m0gc: ERROR: [youtube] -5YzI-4m0gc: Sign in to confirm you’re not a bot. Use --cookies-from-browser or --cookies for the authentication. See  https://github.com/yt-dlp/yt-dlp/wiki/FAQ#how-do-i-pass-cookies-to-yt-dlp  for how to manually pass cookies. Also see  https://github.com/yt-dlp/yt-dlp/wiki/Extractors#exporting-youtube-cookies  for tips on effectively exporting YouTube cookies
[197/204] GET SwKFMCVHrNw -> 2012-05-13_風速3.1ms_風向S175度_2012 470 World Championship - Day 1.mp4
[197/204] FAIL SwKFMCVHrNw: ERROR: [youtube] SwKFMCVHrNw: Sign in to confirm you’re not a bot. Use --cookies-from-browser or --cookies for the authentication. See  https://github.com/yt-dlp/yt-dlp/wiki/FAQ#how-do-i-pass-cookies-to-yt-dlp  for how to manually pass cookies. Also see  https://github.com/yt-dlp/yt-dlp/wiki/Extractors#exporting-youtube-cookies  for tips on effectively exporting YouTube cookies
[198/204] GET RfrP3ufSo7M -> 2011-12-08_風速5.4ms_風向S185度_470 Men Gold Fleet - Race 6 - 8 December 2011.mp4
[198/204] FAIL RfrP3ufSo7M: ERROR: [youtube] RfrP3ufSo7M: Sign in to confirm you’re not a bot. Use --cookies-from-browser or --cookies for the authentication. See  https://github.com/yt-dlp/yt-dlp/wiki/FAQ#how-do-i-pass-cookies-to-yt-dlp  for how to manually pass cookies. Also see  https://github.com/yt-dlp/yt-dlp/wiki/Extractors#exporting-youtube-cookies  for tips on effectively exporting YouTube cookies
[199/204] GET NmTZChH2rAc -> 2011-12-05_風速3.1ms_風向SSW205度_470 Men - Race Day 1 - 5 December 2011.mp4
[199/204] FAIL NmTZChH2rAc: ERROR: [youtube] NmTZChH2rAc: Sign in to confirm you’re not a bot. Use --cookies-from-browser or --cookies for the authentication. See  https://github.com/yt-dlp/yt-dlp/wiki/FAQ#how-do-i-pass-cookies-to-yt-dlp  for how to manually pass cookies. Also see  https://github.com/yt-dlp/yt-dlp/wiki/Extractors#exporting-youtube-cookies  for tips on effectively exporting YouTube cookies
[200/204] GET 5BaNzomVov8 -> 2011-07-28_風速4.9ms_風向NNE34度_Medal races Deltas Lloyd 470 Junior Worlds 2011.mp4
[200/204] FAIL 5BaNzomVov8: ERROR: [youtube] 5BaNzomVov8: Sign in to confirm you’re not a bot. Use --cookies-from-browser or --cookies for the authentication. See  https://github.com/yt-dlp/yt-dlp/wiki/FAQ#how-do-i-pass-cookies-to-yt-dlp  for how to manually pass cookies. Also see  https://github.com/yt-dlp/yt-dlp/wiki/Extractors#exporting-youtube-cookies  for tips on effectively exporting YouTube cookies
[201/204] GET 9QLt08TtCfM -> 2011-07-27_風速2.3ms_風向ENE78度_Day 7 Delta Lloyd 470 Junior Worlds.mp4
[201/204] FAIL 9QLt08TtCfM: ERROR: [youtube] 9QLt08TtCfM: Sign in to confirm you’re not a bot. Use --cookies-from-browser or --cookies for the authentication. See  https://github.com/yt-dlp/yt-dlp/wiki/FAQ#how-do-i-pass-cookies-to-yt-dlp  for how to manually pass cookies. Also see  https://github.com/yt-dlp/yt-dlp/wiki/Extractors#exporting-youtube-cookies  for tips on effectively exporting YouTube cookies
[202/204] GET AR94WdFoyWc -> 2009-08-29_風速7.1ms_風向SW235度_20090829.mp4
[202/204] FAIL AR94WdFoyWc: ERROR: [youtube] AR94WdFoyWc: Sign in to confirm you’re not a bot. Use --cookies-from-browser or --cookies for the authentication. See  https://github.com/yt-dlp/yt-dlp/wiki/FAQ#how-do-i-pass-cookies-to-yt-dlp  for how to manually pass cookies. Also see  https://github.com/yt-dlp/yt-dlp/wiki/Extractors#exporting-youtube-cookies  for tips on effectively exporting YouTube cookies
[203/204] GET GtYT_zO6cgY -> 2009-08-21_風速3.6ms_風向W264度_2009 470 World Championships - Finals Day 2.mp4
[203/204] FAIL GtYT_zO6cgY: ERROR: [youtube] GtYT_zO6cgY: Sign in to confirm you’re not a bot. Use --cookies-from-browser or --cookies for the authentication. See  https://github.com/yt-dlp/yt-dlp/wiki/FAQ#how-do-i-pass-cookies-to-yt-dlp  for how to manually pass cookies. Also see  https://github.com/yt-dlp/yt-dlp/wiki/Extractors#exporting-youtube-cookies  for tips on effectively exporting YouTube cookies
[204/204] GET c1_seScgl34 -> 2007-08-01_風速1.9ms_風向WSW245度_2007 European Championships - Race 2.mp4
[204/204] FAIL c1_seScgl34: ERROR: [youtube] c1_seScgl34: Sign in to confirm you’re not a bot. Use --cookies-from-browser or --cookies for the authentication. See  https://github.com/yt-dlp/yt-dlp/wiki/FAQ#how-do-i-pass-cookies-to-yt-dlp  for how to manually pass cookies. Also see  https://github.com/yt-dlp/yt-dlp/wiki/Extractors#exporting-youtube-cookies  for tips on effectively exporting YouTube cookies

DONE: 0 downloaded, 117 skipped, 87 failed, of 204
FAILED IDS: e-hUkJ67G-o,6-iQObbbii4,qtthgQtPL4E,Pm_KL4p_O6c,JHngrJV3RuA,tEuPtTvLaQQ,-6eUFO6lS3o,piPIjUaYXQk,u00Gp0a7vX4,CiHLDklSLd0,GP5Dxxx2NsM,Rlg3XhEFcbQ,gmXAzqYhgfU,aQRycJFK_FM,dHDL7FP8eXg,tso2kxIqBPU,w4JbM_3eh7Q,J3vdbAuUAAU,DKKjYF3XyRw,sjuOw8GlI10,zC3JWg6dx30,l1pTG4mlNY8,uqvDje-GCuM,bUYuIuCoEqg,bD1ef21qZTo,2WqKvYopNiU,BYcSNS-5380,ItbEygETGXw,SaWwifUf0vA,c_C4ZXWFlp0,QVHFrUdyWyk,X00Ul7Dg-OU,ive6pnHMdg0,MgzXvkzW80s,oVaigoaFEeA,tU8isOOclLw,BDs2ZbOFI4w,mAmGUp7zQAY,yfYQgNCwS4k,u1hr1upNvTE,huqV7TWUpoQ,mchbGe3hOXI,L1_aintU2hE,W36QDGl-Gsw,88CxJQuzM30,_b0QFxN8E4g,py9e_E-vd98,h4LVG-FbntE,1-mH9XEOL8c,lFlQ2FIk2Mo,bImSnNY8rLY,w9_O5vAPFnM,GxsjAxhKUUc,tUSzo-hsyRU,4m2aj_D1j8I,_ALLwC2sIZs,b-jb0tWm5Iw,S7OnFaGE8mI,sRo70H6HAIE,Yxje6LBMHvk,c9xe9doRmMo,N9N-4tBjeoA,joJLddgWi3o,ERkQxzKRsWU,PHTboFLZc5o,wAYgV_tD8-Q,ZC-zKqhEIF8,OuHjsYMaVpg,j1ldHj-shOE,6frXeiRP4dE,WmiRo_5ZORo,jHJKRcvzvOA,YvIKHFI3O8g,dwxg4Kr4tQw,EUnYyqDOpCM,L8RGB-0awVM,imLOjRHe62E,2e3_sFRt-6Q,-5YzI-4m0gc,SwKFMCVHrNw,RfrP3ufSo7M,NmTZChH2rAc,5BaNzomVov8,9QLt08TtCfM,AR94WdFoyWc,GtYT_zO6cgY,c1_seScgl34
[1/204] SKIP exists: 2026-08-16_風速3.2ms_風向NE47度_Day 5 2026 470 World Championship, Enoshima JPN.mp4
[2/204] SKIP exists: 2026-08-16_風速3.2ms_風向NE47度_Gold Fleet Race 5 470 World Championship.mp4
[3/204] SKIP exists: 2026-08-16_風速3.2ms_風向NE47度_Gold Fleet Race 4 470 World Championship.mp4
[4/204] SKIP exists: 2026-08-15_風速2.8ms_風向E99度_Day 4 2026 470 World Championship, Enoshima JPN.mp4
[5/204] SKIP exists: 2026-08-15_風速2.8ms_風向E99度_Gold Fleet Race 2 470 World Championship – Afternoon Racing.mp4
[6/204] SKIP exists: 2026-08-15_風速2.8ms_風向E99度_Gold Fleet Race 1 470 World Championship – Full Video Coverage.mp4
[7/204] GET e-hUkJ67G-o -> 2026-08-14_風速1.4ms_風向N5度_Day 3 2026 470 World Championship, Enoshima JPN.mp4
[7/204] FAIL e-hUkJ67G-o: ERROR: [youtube] e-hUkJ67G-o: Sign in to confirm you’re not a bot. Use --cookies-from-browser or --cookies for the authentication. See  https://github.com/yt-dlp/yt-dlp/wiki/FAQ#how-do-i-pass-cookies-to-yt-dlp  for how to manually pass cookies. Also see  https://github.com/yt-dlp/yt-dlp/wiki/Extractors#exporting-youtube-cookies  for tips on effectively exporting YouTube cookies
[8/204] SKIP exists: 2026-08-13_風速4.0ms_風向NE45度_Day 2 2026 470 World Championship, Enoshima JPN.mp4
[9/204] SKIP exists: 2026-08-12_風速2.5ms_風向SE143度_Day 1 2026 470 World Championship, Enoshima JPN.mp4
[10/204] SKIP exists: 2026-08-11_風速4.4ms_風向SW230度_Day 0 2026 470 World Championship, Enoshima JPN.mp4
[11/204] SKIP exists: 2026-07-26_風速4.0ms_風向SW217度_Day 5 2026 420 & 470 Junior European Championship, Nida LTU.mp4
[12/204] SKIP exists: 2026-07-25_風速5.5ms_風向WSW241度_Day 4 2026 420 & 470 Junior European Championship, Nida LTU.mp4
[13/204] SKIP exists: 2026-07-24_風速5.2ms_風向NNW336度_Day 3 2026 420 & 470 Junior European Championship, Nida LTU.mp4
[14/204] SKIP exists: 2026-07-23_風速2.9ms_風向WSW238度_Day 2 2026 420 & 470 Junior European Championship, Nida LTU.mp4
[15/204] GET 6-iQObbbii4 -> 2026-07-22_風速5.9ms_風向W278度_Day 1 2026 420 & 470 Junior European Championship, Nida LTU.mp4
[15/204] FAIL 6-iQObbbii4: ERROR: [youtube] 6-iQObbbii4: Sign in to confirm you’re not a bot. Use --cookies-from-browser or --cookies for the authentication. See  https://github.com/yt-dlp/yt-dlp/wiki/FAQ#how-do-i-pass-cookies-to-yt-dlp  for how to manually pass cookies. Also see  https://github.com/yt-dlp/yt-dlp/wiki/Extractors#exporting-youtube-cookies  for tips on effectively exporting YouTube cookies
[16/204] SKIP exists: 2024-07-28_風速2.8ms_風向SW234度_Day 6 2024 420 470 Junior European Championship.mp4
[17/204] SKIP exists: 2024-07-28_風速2.8ms_風向SW234度_Day 6 2024 470 Junior European Championship, Thessaloniki GRE.mp4
[18/204] SKIP exists: 2024-07-27_風速2.1ms_風向NW314度_Day 5 2024 420 470 Junior European Championship.mp4
[19/204] SKIP exists: 2024-07-27_風速2.1ms_風向NW314度_Day 5 2024 470 Junior European Championship, Thessaloniki GRE.mp4
[20/204] SKIP exists: 2024-07-26_風速4.7ms_風向NNW335度_Day 4 2024 420 470 Junior European Championship.mp4
[21/204] SKIP exists: 2024-07-26_風速4.7ms_風向NNW335度_Day 4 2024 470 Junior European Championship, Thessaloniki GRE.mp4
[22/204] SKIP exists: 2024-07-25_風速2.3ms_風向NE43度_Day 3 2024 420 470 Junior European Championship.mp4
[23/204] GET qtthgQtPL4E -> 2024-07-25_風速2.3ms_風向NE43度_Day 3 2024 470 Junior European Championship, Thessaloniki GRE.mp4
[23/204] FAIL qtthgQtPL4E: ERROR: [youtube] qtthgQtPL4E: Sign in to confirm you’re not a bot. Use --cookies-from-browser or --cookies for the authentication. See  https://github.com/yt-dlp/yt-dlp/wiki/FAQ#how-do-i-pass-cookies-to-yt-dlp  for how to manually pass cookies. Also see  https://github.com/yt-dlp/yt-dlp/wiki/Extractors#exporting-youtube-cookies  for tips on effectively exporting YouTube cookies
[24/204] SKIP exists: 2024-07-25_風速2.3ms_風向NE43度_Day 2 2024 420 470 Junior European Championship.mp4
[25/204] SKIP exists: 2024-07-23_風速1.4ms_風向S169度_Day 1 2024 420 470 Junior European Championship.mp4
[26/204] SKIP exists: 2024-05-12_風速2.1ms_風向SE126度_2024 470 European Championship Day 6 Highlights.mp4
[27/204] GET Pm_KL4p_O6c -> 2024-05-11_風速1.9ms_風向SE133度_2024 470 European Championship Day 5 Highlights.mp4
[27/204] FAIL Pm_KL4p_O6c: ERROR: [youtube] Pm_KL4p_O6c: Sign in to confirm you’re not a bot. Use --cookies-from-browser or --cookies for the authentication. See  https://github.com/yt-dlp/yt-dlp/wiki/FAQ#how-do-i-pass-cookies-to-yt-dlp  for how to manually pass cookies. Also see  https://github.com/yt-dlp/yt-dlp/wiki/Extractors#exporting-youtube-cookies  for tips on effectively exporting YouTube cookies
[28/204] SKIP exists: 2024-05-10_風速1.8ms_風向SSE161度_2024 470 European Championship Day 4 Highlights.mp4
[29/204] SKIP exists: 2024-05-09_風速1.9ms_風向S174度_2024 470 European Championship Day 3 Highlights.mp4
[30/204] SKIP exists: 2024-05-08_風速2.3ms_風向S183度_2024 470 European Championship Day 2 Highlights.mp4
[31/204] SKIP exists: 2024-05-07_風速1.2ms_風向NE48度_2024 470 European Championship Day 1 Highlights.mp4
[32/204] GET JHngrJV3RuA -> 2024-03-03_風速8.5ms_風向WNW291度_2024 470 Worlds Championship Day 6 Highlights.mp4
[32/204] FAIL JHngrJV3RuA: ERROR: [youtube] JHngrJV3RuA: Sign in to confirm you’re not a bot. Use --cookies-from-browser or --cookies for the authentication. See  https://github.com/yt-dlp/yt-dlp/wiki/FAQ#how-do-i-pass-cookies-to-yt-dlp  for how to manually pass cookies. Also see  https://github.com/yt-dlp/yt-dlp/wiki/Extractors#exporting-youtube-cookies  for tips on effectively exporting YouTube cookies
[33/204] SKIP exists: 2024-03-02_風速8.2ms_風向SW228度_2024 470 Worlds Championship Day 5 Highlights.mp4
[34/204] SKIP exists: 2024-03-01_風速6.4ms_風向WNW302度_2024 470 Worlds Championship Day 4 Highlights.mp4
[35/204] SKIP exists: 2024-02-29_風速2.2ms_風向NNW337度_2024 470 Worlds Championship Day 3 Highlights.mp4
[36/204] SKIP exists: 2024-02-28_風速4.2ms_風向NNW348度_2024 470 Worlds Championship Day 2 Highlights.mp4
[37/204] SKIP exists: 2024-02-27_風速4.2ms_風向NNW330度_2024 470 World Championship Day 1 Highlights.mp4
[38/204] SKIP exists: 2023-08-15_風速4.6ms_風向W262度_Highlights from 470 Class on Day 4 of the Allianz Sailing World Championships at The Hague.mp4
[39/204] SKIP exists: 2023-08-14_風速4.9ms_風向S186度_Highlights from 470 Class on Day 3 of the Allianz Sailing World Championships at The Hague.mp4
[40/204] GET tEuPtTvLaQQ -> 2023-08-12_風速6.2ms_風向WSW244度_Highlights from 470 Class on Day 2 of the Allianz Sailing World Championships at The Hague.mp4
[40/204] FAIL tEuPtTvLaQQ: ERROR: [youtube] tEuPtTvLaQQ: Sign in to confirm you’re not a bot. Use --cookies-from-browser or --cookies for the authentication. See  https://github.com/yt-dlp/yt-dlp/wiki/FAQ#how-do-i-pass-cookies-to-yt-dlp  for how to manually pass cookies. Also see  https://github.com/yt-dlp/yt-dlp/wiki/Extractors#exporting-youtube-cookies  for tips on effectively exporting YouTube cookies
[41/204] SKIP exists: 2023-08-11_風速5.3ms_風向WSW237度_Highlights from 470 Class on Day 1 of the Allianz Sailing World Championships at The Hague.mp4
[42/204] SKIP exists: 2022-10-29_風速4.0ms_風向N360度_2022 470 World Championship Day 6.mp4
[43/204] SKIP exists: 2022-10-29_風速4.0ms_風向N360度_2022 470 World Championship Day 5.mp4
[44/204] SKIP exists: 2022-10-27_風速3.3ms_風向NW310度_2022 470 World Championship Day 4.mp4
[45/204] SKIP exists: 2022-10-26_風速2.0ms_風向ESE102度_2022 470 World Championship Day 3.mp4
[46/204] GET -6eUFO6lS3o -> 2022-10-26_風速2.0ms_風向ESE102度_2022 470 World Championship Day 2.mp4
[46/204] FAIL -6eUFO6lS3o: ERROR: [youtube] -6eUFO6lS3o: Sign in to confirm you’re not a bot. Use --cookies-from-browser or --cookies for the authentication. See  https://github.com/yt-dlp/yt-dlp/wiki/FAQ#how-do-i-pass-cookies-to-yt-dlp  for how to manually pass cookies. Also see  https://github.com/yt-dlp/yt-dlp/wiki/Extractors#exporting-youtube-cookies  for tips on effectively exporting YouTube cookies
[47/204] SKIP exists: 2022-10-26_風速2.0ms_風向ESE102度_2022 470 World Championship Day 1.mp4
[48/204] SKIP exists: 2022-09-15_風速1.8ms_風向WNW300度_Highlights 2022 470 European Championship, Çeşme TUR.mp4
[49/204] SKIP exists: 2022-09-15_風速1.8ms_風向WNW300度_2022 470 European Championship Day 2.mp4
[50/204] SKIP exists: 2022-09-15_風速1.8ms_風向WNW300度_2022 470 European Championship Day 1.mp4
[51/204] SKIP exists: 2022-08-18_風速3.0ms_風向SW231度_2022 470 Junior Worlds Medal race.mp4
[52/204] SKIP exists: 2022-08-18_風速3.0ms_風向SW231度_2022 470 Junior Worlds Race 8 and more.mp4
[53/204] SKIP exists: 2022-08-18_風速3.0ms_風向SW231度_2022 470 Junior Worlds Race 6 drone footage.mp4
[54/204] SKIP exists: 2022-08-18_風速3.0ms_風向SW231度_2022 470 Junior Worlds Raw drone footage.mp4
[55/204] GET piPIjUaYXQk -> 2022-08-03_風速1.5ms_風向ENE57度_Race 11 2022 470 Masters Cup Tihany, HUN.mp4
[55/204] FAIL piPIjUaYXQk: ERROR: [youtube] piPIjUaYXQk: Sign in to confirm you’re not a bot. Use --cookies-from-browser or --cookies for the authentication. See  https://github.com/yt-dlp/yt-dlp/wiki/FAQ#how-do-i-pass-cookies-to-yt-dlp  for how to manually pass cookies. Also see  https://github.com/yt-dlp/yt-dlp/wiki/Extractors#exporting-youtube-cookies  for tips on effectively exporting YouTube cookies
[56/204] SKIP exists: 2022-08-03_風速1.5ms_風向ENE57度_Race 10 2022 470 Masters Cup Tihany, HUN.mp4
[57/204] SKIP exists: 2022-08-03_風速1.5ms_風向ENE57度_Race 9 2022 470 Masters Cup Tihany, HUN.mp4
[58/204] SKIP exists: 2022-08-03_風速1.5ms_風向ENE57度_Race 8 2022 470 Masters Cup Tihany, HUN.mp4
[59/204] GET u00Gp0a7vX4 -> 2022-08-03_風速1.5ms_風向ENE57度_Race 7 2022 470 Masters Cup Tihany, HUN.mp4
[59/204] FAIL u00Gp0a7vX4: ERROR: [youtube] u00Gp0a7vX4: Sign in to confirm you’re not a bot. Use --cookies-from-browser or --cookies for the authentication. See  https://github.com/yt-dlp/yt-dlp/wiki/FAQ#how-do-i-pass-cookies-to-yt-dlp  for how to manually pass cookies. Also see  https://github.com/yt-dlp/yt-dlp/wiki/Extractors#exporting-youtube-cookies  for tips on effectively exporting YouTube cookies
[60/204] SKIP exists: 2022-08-03_風速1.5ms_風向ENE57度_Race 3 2022 470 Masters Cup Tihany, HUN.mp4
[61/204] SKIP exists: 2022-08-03_風速1.5ms_風向ENE57度_Race 2 2022 470 Masters Cup Tihany, HUN.mp4
[62/204] SKIP exists: 2022-08-03_風速1.5ms_風向ENE57度_Race 1 2022 470 Masters Cup Tihany, HUN.mp4
[63/204] SKIP exists: 2022-07-25_風速3.7ms_風向NW321度_Race day 5 highlights - 2022 420 & 470 Junior Europeans.mp4
[64/204] SKIP exists: 2022-07-25_風速3.7ms_風向NW321度_Race day 4 highlights - 2022 420 & 470 Junior Europeans.mp4
[65/204] SKIP exists: 2022-07-23_風速3.2ms_風向SSW210度_Race day 3 highlights - 2022 420 & 470 Junior Europeans.mp4
[66/204] SKIP exists: 2022-07-22_風速3.8ms_風向SW221度_Race day 2 highlights - 2022 420 & 470 Junior Europeans.mp4
[67/204] SKIP exists: 2022-07-21_風速3.5ms_風向SSW210度_Race day 1 highlights - 2022 420 & 470 Junior Europeans.mp4
[68/204] GET CiHLDklSLd0 -> 2021-05-07_風速3.4ms_風向SW215度_7 May - 2021 470 European Championship, Vilamoura, POR.mp4
[68/204] FAIL CiHLDklSLd0: ERROR: [youtube] CiHLDklSLd0: Sign in to confirm you’re not a bot. Use --cookies-from-browser or --cookies for the authentication. See  https://github.com/yt-dlp/yt-dlp/wiki/FAQ#how-do-i-pass-cookies-to-yt-dlp  for how to manually pass cookies. Also see  https://github.com/yt-dlp/yt-dlp/wiki/Extractors#exporting-youtube-cookies  for tips on effectively exporting YouTube cookies
[69/204] SKIP exists: 2021-05-06_風速2.9ms_風向W263度_6 May - 2021 470 European Championship, Vilamoura, POR.mp4
[70/204] SKIP exists: 2021-05-05_風速3.9ms_風向SW217度_5 May - 2021 470 European Championship, Vilamoura, POR.mp4
[71/204] SKIP exists: 2021-05-04_風速4.0ms_風向SW229度_4 May - 2021 470 European Championship, Vilamoura, POR.mp4
[72/204] SKIP exists: 2021-05-03_風速3.1ms_風向SSE162度_3 May - 2021 470 European Championship, Vilamoura, POR.mp4
[73/204] SKIP exists: 2021-05-02_風速2.8ms_風向NW316度_2 May - 2021 470 European Championship, Vilamoura, POR.mp4
[74/204] SKIP exists: 2021-05-01_風速4.6ms_風向WSW258度_1 May - 2021 470 European Championship, Vilamoura, POR.mp4
[75/204] SKIP exists: 2021-04-30_風速3.9ms_風向WNW303度_30 April - 2021 470 European Championship, Vilamoura, POR.mp4
[76/204] SKIP exists: 2021-03-13_風速4.1ms_風向N352度_13 March - 2021 470 World Championship, Vilamoura, Portugal.mp4
[77/204] SKIP exists: 2021-03-12_風速5.0ms_風向NNW332度_12 March - 2021 470 World Championship, Vilamoura, Portugal.mp4
[78/204] SKIP exists: 2021-03-11_風速2.1ms_風向SW229度_11 March - 2021 470 World Championship, Vilamoura, Portugal.mp4
[79/204] SKIP exists: 2021-03-10_風速2.8ms_風向SW216度_10 March - 2021 470 World Championship, Vilamoura, Portugal.mp4
[80/204] SKIP exists: 2021-03-09_風速4.0ms_風向N354度_9 March - 2021 470 World Championship, Vilamoura, Portugal.mp4
[81/204] SKIP exists: 2021-03-08_風速4.9ms_風向NW317度_8 March - 2021 470 World Championship, Vilamoura, Portugal.mp4
[82/204] SKIP exists: 2021-03-07_風速3.2ms_風向W272度_7 March - 2021 470 World Championship, Vilamoura, Portugal.mp4
[83/204] SKIP exists: 2021-03-06_風速4.2ms_風向ESE107度_6 March - 2021 470 World Championship, Vilamoura, Portugal.mp4
[84/204] SKIP exists: 2021-03-05_風速3.4ms_風向SE138度_5 March - 2021 470 World Championship, Vilamoura, Portugal.mp4
[85/204] SKIP exists: 2003-04-26_風速2.5ms_風向SSW212度_2003 Sprint Cup.mp4
[86/204] SKIP exists: 2019-08-09_風速5.9ms_風向S186度_Race Day 6 - 9 August - 2019 470 World Championship, Enoshima, Japan.mp4
[87/204] SKIP exists: 2019-08-08_風速7.8ms_風向SSW192度_Race Day 5 - 8 August - 2019 470 World Championship, Enoshima, Japan.mp4
[88/204] SKIP exists: 2019-08-07_風速6.7ms_風向S187度_Race Day 4 7 August I 2019 470 World Championships, Enoshima, Japan.mp4
[89/204] SKIP exists: 2019-08-06_風速6.5ms_風向S188度_Race Day 3 6 August I 2019 470 World Championships, Enoshima, Japan.mp4
[90/204] SKIP exists: 2019-08-05_風速3.3ms_風向SSW204度_Race Day 2 - 5 August - 2019 470 World Championships, Enoshima, Japan.mp4
[91/204] SKIP exists: 2019-08-04_風速3.7ms_風向S189度_Race Day 1 - 4 August - 2019 470 World Championship, Enoshima, Japan.mp4
[92/204] SKIP exists: 2019-08-03_風速4.8ms_風向SSW194度_3 August - 2019 470 World Championships, Enoshima, Japan.mp4
[93/204] SKIP exists: 2019-08-02_風速3.9ms_風向S189度_2 August - 2019 470 World Championship, Enoshima, Japan.mp4
[94/204] SKIP exists: 2019-05-10_風速2.2ms_風向SE142度_MedalRaceW.mp4
[95/204] GET GP5Dxxx2NsM -> 2019-05-10_風速2.2ms_風向SE142度_MedalRaceM.mp4
[95/204] FAIL GP5Dxxx2NsM: ERROR: [youtube] GP5Dxxx2NsM: Sign in to confirm you’re not a bot. Use --cookies-from-browser or --cookies for the authentication. See  https://github.com/yt-dlp/yt-dlp/wiki/FAQ#how-do-i-pass-cookies-to-yt-dlp  for how to manually pass cookies. Also see  https://github.com/yt-dlp/yt-dlp/wiki/Extractors#exporting-youtube-cookies  for tips on effectively exporting YouTube cookies
[96/204] SKIP exists: 2019-05-10_風速2.2ms_風向SE142度_Day 5 Highlights 2019 470 European Championship.mp4
[97/204] SKIP exists: 2019-05-09_風速2.4ms_風向ESE105度_Day 4 Highlights 2019 470 European Championship.mp4
[98/204] SKIP exists: 2019-05-08_風速3.0ms_風向SSW198度_Day 3 Highlights 2019 470 European Championship.mp4
[99/204] SKIP exists: 2019-05-06_風速4.2ms_風向SSW205度_Day 1 Highlights 2019 470 European Championship.mp4
[100/204] SKIP exists: 2018-08-25_風速5.4ms_風向SSW200度_2018 470 Junior World Championship - Day 5.mp4
[101/204] SKIP exists: 2018-08-22_風速2.1ms_風向S189度_2018 470 Junior World Championship - Day 2.mp4
[102/204] SKIP exists: 2018-08-21_風速1.3ms_風向ESE123度_2018 470 Junior World Championship - Day 1.mp4
[103/204] SKIP exists: 2018-08-26_風速3.0ms_風向W279度_2018 470 Junior World Championship - Day 6.mp4
[104/204] GET Rlg3XhEFcbQ -> 2018-05-24_風速4.7ms_風向ENE71度_2018 470 European Championship - Day 6.mp4
[104/204] FAIL Rlg3XhEFcbQ: ERROR: [youtube] Rlg3XhEFcbQ: Sign in to confirm you’re not a bot. Use --cookies-from-browser or --cookies for the authentication. See  https://github.com/yt-dlp/yt-dlp/wiki/FAQ#how-do-i-pass-cookies-to-yt-dlp  for how to manually pass cookies. Also see  https://github.com/yt-dlp/yt-dlp/wiki/Extractors#exporting-youtube-cookies  for tips on effectively exporting YouTube cookies
[105/204] GET gmXAzqYhgfU -> 2018-05-23_風速4.4ms_風向ENE76度_2018 470 European Championship - Day 5.mp4
[105/204] FAIL gmXAzqYhgfU: ERROR: [youtube] gmXAzqYhgfU: Sign in to confirm you’re not a bot. Use --cookies-from-browser or --cookies for the authentication. See  https://github.com/yt-dlp/yt-dlp/wiki/FAQ#how-do-i-pass-cookies-to-yt-dlp  for how to manually pass cookies. Also see  https://github.com/yt-dlp/yt-dlp/wiki/Extractors#exporting-youtube-cookies  for tips on effectively exporting YouTube cookies
[106/204] SKIP exists: 2018-05-22_風速5.5ms_風向ENE70度_2018 470 European Championship - Day 4.mp4
[107/204] GET aQRycJFK_FM -> 2018-05-21_風速5.4ms_風向ENE64度_2018 470 European Championship - Day 3.mp4
[107/204] FAIL aQRycJFK_FM: ERROR: [youtube] aQRycJFK_FM: Sign in to confirm you’re not a bot. Use --cookies-from-browser or --cookies for the authentication. See  https://github.com/yt-dlp/yt-dlp/wiki/FAQ#how-do-i-pass-cookies-to-yt-dlp  for how to manually pass cookies. Also see  https://github.com/yt-dlp/yt-dlp/wiki/Extractors#exporting-youtube-cookies  for tips on effectively exporting YouTube cookies
[108/204] SKIP exists: 2018-05-20_風速2.9ms_風向ENE60度_470 Open European Championship 2018 Day 2.mp4
[109/204] GET dHDL7FP8eXg -> 2018-05-20_風速2.9ms_風向ENE60度_2018 470 European Championship - Day 1.mp4
[109/204] FAIL dHDL7FP8eXg: ERROR: [youtube] dHDL7FP8eXg: Sign in to confirm you’re not a bot. Use --cookies-from-browser or --cookies for the authentication. See  https://github.com/yt-dlp/yt-dlp/wiki/FAQ#how-do-i-pass-cookies-to-yt-dlp  for how to manually pass cookies. Also see  https://github.com/yt-dlp/yt-dlp/wiki/Extractors#exporting-youtube-cookies  for tips on effectively exporting YouTube cookies
[110/204] SKIP exists: 2017-09-02_風速8.2ms_風向NNE24度_2017 470 Junior Worlds - Day 6 (Final Day).mp4
[111/204] GET tso2kxIqBPU -> 2017-09-01_風速8.9ms_風向NE49度_2017 470 Junior Worlds - Day 5.mp4
[111/204] FAIL tso2kxIqBPU: ERROR: [youtube] tso2kxIqBPU: Sign in to confirm you’re not a bot. Use --cookies-from-browser or --cookies for the authentication. See  https://github.com/yt-dlp/yt-dlp/wiki/FAQ#how-do-i-pass-cookies-to-yt-dlp  for how to manually pass cookies. Also see  https://github.com/yt-dlp/yt-dlp/wiki/Extractors#exporting-youtube-cookies  for tips on effectively exporting YouTube cookies
[112/204] SKIP exists: 2017-08-31_風速9.8ms_風向NNE23度_2017 470 Junior Worlds - Day 4.mp4
[113/204] SKIP exists: 2017-08-30_風速4.5ms_風向S189度_2017 470 Junior Worlds - Day 3.mp4
[114/204] GET w4JbM_3eh7Q -> 2017-08-29_風速8.7ms_風向SSW193度_2017 470 Junior Worlds - Day 2.mp4
[114/204] FAIL w4JbM_3eh7Q: ERROR: [youtube] w4JbM_3eh7Q: Sign in to confirm you’re not a bot. Use --cookies-from-browser or --cookies for the authentication. See  https://github.com/yt-dlp/yt-dlp/wiki/FAQ#how-do-i-pass-cookies-to-yt-dlp  for how to manually pass cookies. Also see  https://github.com/yt-dlp/yt-dlp/wiki/Extractors#exporting-youtube-cookies  for tips on effectively exporting YouTube cookies
[115/204] SKIP exists: 2017-08-28_風速2.5ms_風向S172度_2017 470 Junior Worlds - Day 1.mp4
[116/204] SKIP exists: 2017-08-27_風速4.2ms_風向ENE67度_2017 470 Junior Worlds - Day 0.mp4
[117/204] GET J3vdbAuUAAU -> 2017-07-15_風速2.6ms_風向SW220度_2017 470 World Championships 2017 - Day 6.mp4
[117/204] FAIL J3vdbAuUAAU: ERROR: [youtube] J3vdbAuUAAU: Sign in to confirm you’re not a bot. Use --cookies-from-browser or --cookies for the authentication. See  https://github.com/yt-dlp/yt-dlp/wiki/FAQ#how-do-i-pass-cookies-to-yt-dlp  for how to manually pass cookies. Also see  https://github.com/yt-dlp/yt-dlp/wiki/Extractors#exporting-youtube-cookies  for tips on effectively exporting YouTube cookies
[118/204] SKIP exists: 2017-07-14_風速2.9ms_風向WSW247度_2017 470 World Championships 2017 - Day 5.mp4
[119/204] SKIP exists: 2017-07-13_風速2.4ms_風向SW232度_2017 470 World Championships 2017 - Day 4.mp4
[120/204] SKIP exists: 2017-07-12_風速1.9ms_風向SW229度_2017 470 World Championships 2017 - Day 3.mp4
[121/204] GET DKKjYF3XyRw -> 2017-07-11_風速3.3ms_風向SSW203度_2017 470 World Championships 2017 - Day 2.mp4
[121/204] FAIL DKKjYF3XyRw: ERROR: [youtube] DKKjYF3XyRw: Sign in to confirm you’re not a bot. Use --cookies-from-browser or --cookies for the authentication. See  https://github.com/yt-dlp/yt-dlp/wiki/FAQ#how-do-i-pass-cookies-to-yt-dlp  for how to manually pass cookies. Also see  https://github.com/yt-dlp/yt-dlp/wiki/Extractors#exporting-youtube-cookies  for tips on effectively exporting YouTube cookies
[122/204] SKIP exists: 2017-07-10_風速3.2ms_風向S191度_2017 470 World Championships - Day 1.mp4
[123/204] SKIP exists: 2017-05-14_風速2.6ms_風向SE137度_2017 470 European Championship - Day 6.mp4
[124/204] SKIP exists: 2017-05-14_風速2.6ms_風向SE137度_2017 470 European Championship - Day 5.mp4
[125/204] SKIP exists: 2017-05-11_風速7.4ms_風向E88度_2017 470 European Championship Day 4.mp4
[126/204] SKIP exists: 2017-05-11_風速7.4ms_風向E88度_2017 470 European Championship - Day 3.mp4
[127/204] SKIP exists: 2017-05-10_風速3.2ms_風向SE124度_2017 470 European Championship - Day 2.mp4
[128/204] GET sjuOw8GlI10 -> 2017-05-09_風速2.1ms_風向SSE165度_2017 470 European Championship - Day 1.mp4
[128/204] FAIL sjuOw8GlI10: ERROR: [youtube] sjuOw8GlI10: Sign in to confirm you’re not a bot. Use --cookies-from-browser or --cookies for the authentication. See  https://github.com/yt-dlp/yt-dlp/wiki/FAQ#how-do-i-pass-cookies-to-yt-dlp  for how to manually pass cookies. Also see  https://github.com/yt-dlp/yt-dlp/wiki/Extractors#exporting-youtube-cookies  for tips on effectively exporting YouTube cookies
[129/204] SKIP exists: 2016-04-13_風速6.6ms_風向W277度_2016 470 European Championship - Day 6.mp4
[130/204] SKIP exists: 2016-04-11_風速3.9ms_風向WSW239度_2016 470 European Championship - Day 5.mp4
[131/204] GET zC3JWg6dx30 -> 2016-04-10_風速5.7ms_風向S179度_2016 470 European Championship - Day 4.mp4
[131/204] FAIL zC3JWg6dx30: ERROR: [youtube] zC3JWg6dx30: Sign in to confirm you’re not a bot. Use --cookies-from-browser or --cookies for the authentication. See  https://github.com/yt-dlp/yt-dlp/wiki/FAQ#how-do-i-pass-cookies-to-yt-dlp  for how to manually pass cookies. Also see  https://github.com/yt-dlp/yt-dlp/wiki/Extractors#exporting-youtube-cookies  for tips on effectively exporting YouTube cookies
[132/204] SKIP exists: 2016-04-09_風速5.6ms_風向WNW290度_2016 470 European Championship - Day 3.mp4
[133/204] SKIP exists: 2016-04-09_風速5.6ms_風向WNW290度_2016 470 European Championship - Day 2.mp4
[134/204] SKIP exists: 2016-04-08_風速4.5ms_風向N10度_2016 470 European Championship - Opening Day.mp4
[135/204] SKIP exists: 2016-02-25_風速3.1ms_風向SE125度_470 World ARGENTINA2016_Day3.mp4
[136/204] SKIP exists: 2015-10-18_風速2.2ms_風向NNW333度_2015 470 World Championships Haifa, Israel - Day 6.mp4
[137/204] GET l1pTG4mlNY8 -> 2015-10-17_風速3.0ms_風向NNW330度_2015 470 World Championships Haifa, Israel - Day 5.mp4
[137/204] FAIL l1pTG4mlNY8: ERROR: [youtube] l1pTG4mlNY8: Sign in to confirm you’re not a bot. Use --cookies-from-browser or --cookies for the authentication. See  https://github.com/yt-dlp/yt-dlp/wiki/FAQ#how-do-i-pass-cookies-to-yt-dlp  for how to manually pass cookies. Also see  https://github.com/yt-dlp/yt-dlp/wiki/Extractors#exporting-youtube-cookies  for tips on effectively exporting YouTube cookies
[138/204] SKIP exists: 2015-10-16_風速3.8ms_風向NNW334度_2015 470 World Championships Haifa, Israel - Day 4.mp4
[139/204] GET uqvDje-GCuM -> 2015-10-15_風速4.1ms_風向NNW331度_2015 470 World Championships Haifa, Israel - Day 3.mp4
[139/204] FAIL uqvDje-GCuM: ERROR: [youtube] uqvDje-GCuM: Sign in to confirm you’re not a bot. Use --cookies-from-browser or --cookies for the authentication. See  https://github.com/yt-dlp/yt-dlp/wiki/FAQ#how-do-i-pass-cookies-to-yt-dlp  for how to manually pass cookies. Also see  https://github.com/yt-dlp/yt-dlp/wiki/Extractors#exporting-youtube-cookies  for tips on effectively exporting YouTube cookies
[140/204] SKIP exists: 2015-10-14_風速3.7ms_風向NW319度_2015 470 World Championships Haifa, Israel - Day 2.mp4
[141/204] GET bUYuIuCoEqg -> 2015-10-12_風速4.6ms_風向N353度_2015 470 World Championships Haifa, Israel - Day 1.mp4
[141/204] FAIL bUYuIuCoEqg: ERROR: [youtube] bUYuIuCoEqg: Sign in to confirm you’re not a bot. Use --cookies-from-browser or --cookies for the authentication. See  https://github.com/yt-dlp/yt-dlp/wiki/FAQ#how-do-i-pass-cookies-to-yt-dlp  for how to manually pass cookies. Also see  https://github.com/yt-dlp/yt-dlp/wiki/Extractors#exporting-youtube-cookies  for tips on effectively exporting YouTube cookies
[142/204] GET bD1ef21qZTo -> 2015-10-10_風速2.3ms_風向NNW329度_2015 470 Worlds - Day 1, 10 October 2015.mp4
[142/204] FAIL bD1ef21qZTo: ERROR: [youtube] bD1ef21qZTo: Sign in to confirm you’re not a bot. Use --cookies-from-browser or --cookies for the authentication. See  https://github.com/yt-dlp/yt-dlp/wiki/FAQ#how-do-i-pass-cookies-to-yt-dlp  for how to manually pass cookies. Also see  https://github.com/yt-dlp/yt-dlp/wiki/Extractors#exporting-youtube-cookies  for tips on effectively exporting YouTube cookies
[143/204] GET 2WqKvYopNiU -> 2015-08-16_風速3.7ms_風向SE132度_2015 420 & 470 Junior European Championships - Day 6.mp4
[143/204] FAIL 2WqKvYopNiU: ERROR: [youtube] 2WqKvYopNiU: Sign in to confirm you’re not a bot. Use --cookies-from-browser or --cookies for the authentication. See  https://github.com/yt-dlp/yt-dlp/wiki/FAQ#how-do-i-pass-cookies-to-yt-dlp  for how to manually pass cookies. Also see  https://github.com/yt-dlp/yt-dlp/wiki/Extractors#exporting-youtube-cookies  for tips on effectively exporting YouTube cookies
[144/204] GET BYcSNS-5380 -> 2015-08-14_風速2.0ms_風向ENE64度_2015 420 & 470 Junior European Championships - Day 5.mp4
[144/204] FAIL BYcSNS-5380: ERROR: [youtube] BYcSNS-5380: Sign in to confirm you’re not a bot. Use --cookies-from-browser or --cookies for the authentication. See  https://github.com/yt-dlp/yt-dlp/wiki/FAQ#how-do-i-pass-cookies-to-yt-dlp  for how to manually pass cookies. Also see  https://github.com/yt-dlp/yt-dlp/wiki/Extractors#exporting-youtube-cookies  for tips on effectively exporting YouTube cookies
[145/204] GET ItbEygETGXw -> 2015-08-13_風速2.5ms_風向NE43度_2015 420 & 470 Junior European Championships - Day 4.mp4
[145/204] FAIL ItbEygETGXw: ERROR: [youtube] ItbEygETGXw: Sign in to confirm you’re not a bot. Use --cookies-from-browser or --cookies for the authentication. See  https://github.com/yt-dlp/yt-dlp/wiki/FAQ#how-do-i-pass-cookies-to-yt-dlp  for how to manually pass cookies. Also see  https://github.com/yt-dlp/yt-dlp/wiki/Extractors#exporting-youtube-cookies  for tips on effectively exporting YouTube cookies
[146/204] GET SaWwifUf0vA -> 2015-08-13_風速2.5ms_風向NE43度_2015 420 & 470 Junior European Championships - Day 3.mp4
[146/204] FAIL SaWwifUf0vA: ERROR: [youtube] SaWwifUf0vA: Sign in to confirm you’re not a bot. Use --cookies-from-browser or --cookies for the authentication. See  https://github.com/yt-dlp/yt-dlp/wiki/FAQ#how-do-i-pass-cookies-to-yt-dlp  for how to manually pass cookies. Also see  https://github.com/yt-dlp/yt-dlp/wiki/Extractors#exporting-youtube-cookies  for tips on effectively exporting YouTube cookies
[147/204] GET c_C4ZXWFlp0 -> 2015-08-12_風速1.6ms_風向NNE33度_2015 420 & 470 Junior European Championships - Day 2.mp4
[147/204] FAIL c_C4ZXWFlp0: ERROR: [youtube] c_C4ZXWFlp0: Sign in to confirm you’re not a bot. Use --cookies-from-browser or --cookies for the authentication. See  https://github.com/yt-dlp/yt-dlp/wiki/FAQ#how-do-i-pass-cookies-to-yt-dlp  for how to manually pass cookies. Also see  https://github.com/yt-dlp/yt-dlp/wiki/Extractors#exporting-youtube-cookies  for tips on effectively exporting YouTube cookies
[148/204] GET QVHFrUdyWyk -> 2015-08-11_風速2.8ms_風向ENE57度_2015 420 & 470 Junior European Championships - Day 1.mp4
[148/204] FAIL QVHFrUdyWyk: ERROR: [youtube] QVHFrUdyWyk: Sign in to confirm you’re not a bot. Use --cookies-from-browser or --cookies for the authentication. See  https://github.com/yt-dlp/yt-dlp/wiki/FAQ#how-do-i-pass-cookies-to-yt-dlp  for how to manually pass cookies. Also see  https://github.com/yt-dlp/yt-dlp/wiki/Extractors#exporting-youtube-cookies  for tips on effectively exporting YouTube cookies
[149/204] GET X00Ul7Dg-OU -> 2015-08-01_風速4.0ms_風向S187度_2015 470 Junior World Championships - Day 6.mp4
[149/204] FAIL X00Ul7Dg-OU: ERROR: [youtube] X00Ul7Dg-OU: Sign in to confirm you’re not a bot. Use --cookies-from-browser or --cookies for the authentication. See  https://github.com/yt-dlp/yt-dlp/wiki/FAQ#how-do-i-pass-cookies-to-yt-dlp  for how to manually pass cookies. Also see  https://github.com/yt-dlp/yt-dlp/wiki/Extractors#exporting-youtube-cookies  for tips on effectively exporting YouTube cookies
[150/204] GET ive6pnHMdg0 -> 2015-07-31_風速1.5ms_風向NNW337度_2015 470 Junior World Championships - Day 5.mp4
[150/204] FAIL ive6pnHMdg0: ERROR: [youtube] ive6pnHMdg0: Sign in to confirm you’re not a bot. Use --cookies-from-browser or --cookies for the authentication. See  https://github.com/yt-dlp/yt-dlp/wiki/FAQ#how-do-i-pass-cookies-to-yt-dlp  for how to manually pass cookies. Also see  https://github.com/yt-dlp/yt-dlp/wiki/Extractors#exporting-youtube-cookies  for tips on effectively exporting YouTube cookies
[151/204] GET MgzXvkzW80s -> 2015-07-30_風速3.3ms_風向S190度_2015 470 Junior World Championships - Day 4.mp4
[151/204] FAIL MgzXvkzW80s: ERROR: [youtube] MgzXvkzW80s: Sign in to confirm you’re not a bot. Use --cookies-from-browser or --cookies for the authentication. See  https://github.com/yt-dlp/yt-dlp/wiki/FAQ#how-do-i-pass-cookies-to-yt-dlp  for how to manually pass cookies. Also see  https://github.com/yt-dlp/yt-dlp/wiki/Extractors#exporting-youtube-cookies  for tips on effectively exporting YouTube cookies
[152/204] GET oVaigoaFEeA -> 2015-07-28_風速2.3ms_風向SW219度_2015 470 Junior World Championships - Day 3.mp4
[152/204] FAIL oVaigoaFEeA: ERROR: [youtube] oVaigoaFEeA: Sign in to confirm you’re not a bot. Use --cookies-from-browser or --cookies for the authentication. See  https://github.com/yt-dlp/yt-dlp/wiki/FAQ#how-do-i-pass-cookies-to-yt-dlp  for how to manually pass cookies. Also see  https://github.com/yt-dlp/yt-dlp/wiki/Extractors#exporting-youtube-cookies  for tips on effectively exporting YouTube cookies
[153/204] GET tU8isOOclLw -> 2015-07-28_風速2.3ms_風向SW219度_2015 470 Junior World Championships - Day 2.mp4
[153/204] FAIL tU8isOOclLw: ERROR: [youtube] tU8isOOclLw: Sign in to confirm you’re not a bot. Use --cookies-from-browser or --cookies for the authentication. See  https://github.com/yt-dlp/yt-dlp/wiki/FAQ#how-do-i-pass-cookies-to-yt-dlp  for how to manually pass cookies. Also see  https://github.com/yt-dlp/yt-dlp/wiki/Extractors#exporting-youtube-cookies  for tips on effectively exporting YouTube cookies
[154/204] GET BDs2ZbOFI4w -> 2015-07-27_風速2.4ms_風向SW215度_2015 470 Junior World Championships - Day 1.mp4
[154/204] FAIL BDs2ZbOFI4w: ERROR: [youtube] BDs2ZbOFI4w: Sign in to confirm you’re not a bot. Use --cookies-from-browser or --cookies for the authentication. See  https://github.com/yt-dlp/yt-dlp/wiki/FAQ#how-do-i-pass-cookies-to-yt-dlp  for how to manually pass cookies. Also see  https://github.com/yt-dlp/yt-dlp/wiki/Extractors#exporting-youtube-cookies  for tips on effectively exporting YouTube cookies
[155/204] GET mAmGUp7zQAY -> 2015-07-02_風速6.6ms_風向SE130度_Race Day 4 - 470 Open European Championships.mp4
[155/204] FAIL mAmGUp7zQAY: ERROR: [youtube] mAmGUp7zQAY: Sign in to confirm you’re not a bot. Use --cookies-from-browser or --cookies for the authentication. See  https://github.com/yt-dlp/yt-dlp/wiki/FAQ#how-do-i-pass-cookies-to-yt-dlp  for how to manually pass cookies. Also see  https://github.com/yt-dlp/yt-dlp/wiki/Extractors#exporting-youtube-cookies  for tips on effectively exporting YouTube cookies
[156/204] GET yfYQgNCwS4k -> 2015-07-01_風速2.7ms_風向SE135度_Race Day 3 - 470 Open European Championships - part 2.mp4
[156/204] FAIL yfYQgNCwS4k: ERROR: [youtube] yfYQgNCwS4k: Sign in to confirm you’re not a bot. Use --cookies-from-browser or --cookies for the authentication. See  https://github.com/yt-dlp/yt-dlp/wiki/FAQ#how-do-i-pass-cookies-to-yt-dlp  for how to manually pass cookies. Also see  https://github.com/yt-dlp/yt-dlp/wiki/Extractors#exporting-youtube-cookies  for tips on effectively exporting YouTube cookies
[157/204] GET u1hr1upNvTE -> 2015-06-29_風速4.5ms_風向WSW254度_29 Jun 2015.mp4
[157/204] FAIL u1hr1upNvTE: ERROR: [youtube] u1hr1upNvTE: Sign in to confirm you’re not a bot. Use --cookies-from-browser or --cookies for the authentication. See  https://github.com/yt-dlp/yt-dlp/wiki/FAQ#how-do-i-pass-cookies-to-yt-dlp  for how to manually pass cookies. Also see  https://github.com/yt-dlp/yt-dlp/wiki/Extractors#exporting-youtube-cookies  for tips on effectively exporting YouTube cookies
[158/204] GET huqV7TWUpoQ -> 2015-06-27_風速2.5ms_風向SE139度_470 Europeans, Aarhus, Denmark; 27th June 2015..mp4
[158/204] FAIL huqV7TWUpoQ: ERROR: [youtube] huqV7TWUpoQ: Sign in to confirm you’re not a bot. Use --cookies-from-browser or --cookies for the authentication. See  https://github.com/yt-dlp/yt-dlp/wiki/FAQ#how-do-i-pass-cookies-to-yt-dlp  for how to manually pass cookies. Also see  https://github.com/yt-dlp/yt-dlp/wiki/Extractors#exporting-youtube-cookies  for tips on effectively exporting YouTube cookies
[159/204] GET mchbGe3hOXI -> 2014-07-16_風速2.2ms_風向N352度_2014 470 European Championships - Medal Race.mp4
[159/204] FAIL mchbGe3hOXI: ERROR: [youtube] mchbGe3hOXI: Sign in to confirm you’re not a bot. Use --cookies-from-browser or --cookies for the authentication. See  https://github.com/yt-dlp/yt-dlp/wiki/FAQ#how-do-i-pass-cookies-to-yt-dlp  for how to manually pass cookies. Also see  https://github.com/yt-dlp/yt-dlp/wiki/Extractors#exporting-youtube-cookies  for tips on effectively exporting YouTube cookies
[160/204] GET L1_aintU2hE -> 2014-07-16_風速2.2ms_風向N352度_2014 470 European Championships, Athens Greece - Day 5.mp4
[160/204] FAIL L1_aintU2hE: ERROR: [youtube] L1_aintU2hE: Sign in to confirm you’re not a bot. Use --cookies-from-browser or --cookies for the authentication. See  https://github.com/yt-dlp/yt-dlp/wiki/FAQ#how-do-i-pass-cookies-to-yt-dlp  for how to manually pass cookies. Also see  https://github.com/yt-dlp/yt-dlp/wiki/Extractors#exporting-youtube-cookies  for tips on effectively exporting YouTube cookies
[161/204] GET W36QDGl-Gsw -> 2014-07-14_風速1.4ms_風向W277度_2014 470 European Championships, Athens Greece - Day 4.mp4
[161/204] FAIL W36QDGl-Gsw: ERROR: [youtube] W36QDGl-Gsw: Sign in to confirm you’re not a bot. Use --cookies-from-browser or --cookies for the authentication. See  https://github.com/yt-dlp/yt-dlp/wiki/FAQ#how-do-i-pass-cookies-to-yt-dlp  for how to manually pass cookies. Also see  https://github.com/yt-dlp/yt-dlp/wiki/Extractors#exporting-youtube-cookies  for tips on effectively exporting YouTube cookies
[162/204] GET 88CxJQuzM30 -> 2014-07-13_風速2.6ms_風向SSW203度_2014 470 European Championships, Athens Greece - Day 3.mp4
[162/204] FAIL 88CxJQuzM30: ERROR: [youtube] 88CxJQuzM30: Sign in to confirm you’re not a bot. Use --cookies-from-browser or --cookies for the authentication. See  https://github.com/yt-dlp/yt-dlp/wiki/FAQ#how-do-i-pass-cookies-to-yt-dlp  for how to manually pass cookies. Also see  https://github.com/yt-dlp/yt-dlp/wiki/Extractors#exporting-youtube-cookies  for tips on effectively exporting YouTube cookies
[163/204] GET _b0QFxN8E4g -> 2014-07-12_風速4.2ms_風向W265度_2014 470 European Championships, Athens Greece - Day 2.mp4
[163/204] FAIL _b0QFxN8E4g: ERROR: [youtube] _b0QFxN8E4g: Sign in to confirm you’re not a bot. Use --cookies-from-browser or --cookies for the authentication. See  https://github.com/yt-dlp/yt-dlp/wiki/FAQ#how-do-i-pass-cookies-to-yt-dlp  for how to manually pass cookies. Also see  https://github.com/yt-dlp/yt-dlp/wiki/Extractors#exporting-youtube-cookies  for tips on effectively exporting YouTube cookies
[164/204] GET py9e_E-vd98 -> 2014-07-11_風速3.9ms_風向WSW243度_2014 470 European Championships, Athens Greece - Day 1.mp4
[164/204] FAIL py9e_E-vd98: ERROR: [youtube] py9e_E-vd98: Sign in to confirm you’re not a bot. Use --cookies-from-browser or --cookies for the authentication. See  https://github.com/yt-dlp/yt-dlp/wiki/FAQ#how-do-i-pass-cookies-to-yt-dlp  for how to manually pass cookies. Also see  https://github.com/yt-dlp/yt-dlp/wiki/Extractors#exporting-youtube-cookies  for tips on effectively exporting YouTube cookies
[165/204] GET h4LVG-FbntE -> 2014-07-09_風速3.6ms_風向WSW243度_2014 470 European Championships, Athens Greece - Day 0.mp4
[165/204] FAIL h4LVG-FbntE: ERROR: [youtube] h4LVG-FbntE: Sign in to confirm you’re not a bot. Use --cookies-from-browser or --cookies for the authentication. See  https://github.com/yt-dlp/yt-dlp/wiki/FAQ#how-do-i-pass-cookies-to-yt-dlp  for how to manually pass cookies. Also see  https://github.com/yt-dlp/yt-dlp/wiki/Extractors#exporting-youtube-cookies  for tips on effectively exporting YouTube cookies
[166/204] GET 1-mH9XEOL8c -> 2014-07-02_風速1.3ms_風向E79度_2014 470 Junior World Championship - Day 5.mp4
[166/204] FAIL 1-mH9XEOL8c: ERROR: [youtube] 1-mH9XEOL8c: Sign in to confirm you’re not a bot. Use --cookies-from-browser or --cookies for the authentication. See  https://github.com/yt-dlp/yt-dlp/wiki/FAQ#how-do-i-pass-cookies-to-yt-dlp  for how to manually pass cookies. Also see  https://github.com/yt-dlp/yt-dlp/wiki/Extractors#exporting-youtube-cookies  for tips on effectively exporting YouTube cookies
[167/204] GET lFlQ2FIk2Mo -> 2014-07-02_風速1.3ms_風向E79度_2014 470 Junior World Championship - Day 3 and 4.mp4
[167/204] FAIL lFlQ2FIk2Mo: ERROR: [youtube] lFlQ2FIk2Mo: Sign in to confirm you’re not a bot. Use --cookies-from-browser or --cookies for the authentication. See  https://github.com/yt-dlp/yt-dlp/wiki/FAQ#how-do-i-pass-cookies-to-yt-dlp  for how to manually pass cookies. Also see  https://github.com/yt-dlp/yt-dlp/wiki/Extractors#exporting-youtube-cookies  for tips on effectively exporting YouTube cookies
[168/204] GET bImSnNY8rLY -> 2014-06-30_風速3.5ms_風向NNW346度_2014 470 Junior World Championship - Day 1 and 2.mp4
[168/204] FAIL bImSnNY8rLY: ERROR: [youtube] bImSnNY8rLY: Sign in to confirm you’re not a bot. Use --cookies-from-browser or --cookies for the authentication. See  https://github.com/yt-dlp/yt-dlp/wiki/FAQ#how-do-i-pass-cookies-to-yt-dlp  for how to manually pass cookies. Also see  https://github.com/yt-dlp/yt-dlp/wiki/Extractors#exporting-youtube-cookies  for tips on effectively exporting YouTube cookies
[169/204] GET w9_O5vAPFnM -> 2013-08-22_風速3.6ms_風向SSW204度_2013 420 and 470 Junior European Championships - Day 7.mp4
[169/204] FAIL w9_O5vAPFnM: ERROR: [youtube] w9_O5vAPFnM: Sign in to confirm you’re not a bot. Use --cookies-from-browser or --cookies for the authentication. See  https://github.com/yt-dlp/yt-dlp/wiki/FAQ#how-do-i-pass-cookies-to-yt-dlp  for how to manually pass cookies. Also see  https://github.com/yt-dlp/yt-dlp/wiki/Extractors#exporting-youtube-cookies  for tips on effectively exporting YouTube cookies
[170/204] GET GxsjAxhKUUc -> 2013-08-21_風速8.0ms_風向SW216度_2013 420 and 470 Junior European Championships - Day 6.mp4
[170/204] FAIL GxsjAxhKUUc: ERROR: [youtube] GxsjAxhKUUc: Sign in to confirm you’re not a bot. Use --cookies-from-browser or --cookies for the authentication. See  https://github.com/yt-dlp/yt-dlp/wiki/FAQ#how-do-i-pass-cookies-to-yt-dlp  for how to manually pass cookies. Also see  https://github.com/yt-dlp/yt-dlp/wiki/Extractors#exporting-youtube-cookies  for tips on effectively exporting YouTube cookies
[171/204] GET tUSzo-hsyRU -> 2013-08-20_風速5.9ms_風向SW217度_2013 420 and 470 Junior European Championships - Day 5.mp4
[171/204] FAIL tUSzo-hsyRU: ERROR: [youtube] tUSzo-hsyRU: Sign in to confirm you’re not a bot. Use --cookies-from-browser or --cookies for the authentication. See  https://github.com/yt-dlp/yt-dlp/wiki/FAQ#how-do-i-pass-cookies-to-yt-dlp  for how to manually pass cookies. Also see  https://github.com/yt-dlp/yt-dlp/wiki/Extractors#exporting-youtube-cookies  for tips on effectively exporting YouTube cookies
[172/204] GET 4m2aj_D1j8I -> 2013-08-10_風速2.6ms_風向NNW333度_2013 470 World Championships, La Rochelle FRA - Day 6.mp4
[172/204] FAIL 4m2aj_D1j8I: ERROR: [youtube] 4m2aj_D1j8I: Sign in to confirm you’re not a bot. Use --cookies-from-browser or --cookies for the authentication. See  https://github.com/yt-dlp/yt-dlp/wiki/FAQ#how-do-i-pass-cookies-to-yt-dlp  for how to manually pass cookies. Also see  https://github.com/yt-dlp/yt-dlp/wiki/Extractors#exporting-youtube-cookies  for tips on effectively exporting YouTube cookies
[173/204] GET _ALLwC2sIZs -> 2013-08-09_風速6.4ms_風向WSW249度_2013 470 World Championships, La Rochelle FRA - Day 5.mp4
[173/204] FAIL _ALLwC2sIZs: ERROR: [youtube] _ALLwC2sIZs: Sign in to confirm you’re not a bot. Use --cookies-from-browser or --cookies for the authentication. See  https://github.com/yt-dlp/yt-dlp/wiki/FAQ#how-do-i-pass-cookies-to-yt-dlp  for how to manually pass cookies. Also see  https://github.com/yt-dlp/yt-dlp/wiki/Extractors#exporting-youtube-cookies  for tips on effectively exporting YouTube cookies
[174/204] GET b-jb0tWm5Iw -> 2013-08-08_風速2.4ms_風向NW316度_2013 470 World Championships, La Rochelle FRA - Day 4.mp4
[174/204] FAIL b-jb0tWm5Iw: ERROR: [youtube] b-jb0tWm5Iw: Sign in to confirm you’re not a bot. Use --cookies-from-browser or --cookies for the authentication. See  https://github.com/yt-dlp/yt-dlp/wiki/FAQ#how-do-i-pass-cookies-to-yt-dlp  for how to manually pass cookies. Also see  https://github.com/yt-dlp/yt-dlp/wiki/Extractors#exporting-youtube-cookies  for tips on effectively exporting YouTube cookies
[175/204] GET S7OnFaGE8mI -> 2013-08-07_風速3.8ms_風向W271度_2013 470 World Championships, La Rochelle FRA - Day 3.mp4
[175/204] FAIL S7OnFaGE8mI: ERROR: [youtube] S7OnFaGE8mI: Sign in to confirm you’re not a bot. Use --cookies-from-browser or --cookies for the authentication. See  https://github.com/yt-dlp/yt-dlp/wiki/FAQ#how-do-i-pass-cookies-to-yt-dlp  for how to manually pass cookies. Also see  https://github.com/yt-dlp/yt-dlp/wiki/Extractors#exporting-youtube-cookies  for tips on effectively exporting YouTube cookies
[176/204] GET sRo70H6HAIE -> 2013-08-06_風速1.3ms_風向NNE21度_2013 470 World Championships, La Rochelle FRA - Day 2.mp4
[176/204] FAIL sRo70H6HAIE: ERROR: [youtube] sRo70H6HAIE: Sign in to confirm you’re not a bot. Use --cookies-from-browser or --cookies for the authentication. See  https://github.com/yt-dlp/yt-dlp/wiki/FAQ#how-do-i-pass-cookies-to-yt-dlp  for how to manually pass cookies. Also see  https://github.com/yt-dlp/yt-dlp/wiki/Extractors#exporting-youtube-cookies  for tips on effectively exporting YouTube cookies
[177/204] GET Yxje6LBMHvk -> 2013-08-06_風速1.3ms_風向NNE21度_2013 470 World Championships, La Rochelle FRA - Day 1.mp4
[177/204] FAIL Yxje6LBMHvk: ERROR: [youtube] Yxje6LBMHvk: Sign in to confirm you’re not a bot. Use --cookies-from-browser or --cookies for the authentication. See  https://github.com/yt-dlp/yt-dlp/wiki/FAQ#how-do-i-pass-cookies-to-yt-dlp  for how to manually pass cookies. Also see  https://github.com/yt-dlp/yt-dlp/wiki/Extractors#exporting-youtube-cookies  for tips on effectively exporting YouTube cookies
[178/204] GET c9xe9doRmMo -> 2013-06-11_風速2.6ms_風向W277度_EURO 470 MEDAL RACE MEN LIVE.mp4
[178/204] FAIL c9xe9doRmMo: ERROR: [youtube] c9xe9doRmMo: Sign in to confirm you’re not a bot. Use --cookies-from-browser or --cookies for the authentication. See  https://github.com/yt-dlp/yt-dlp/wiki/FAQ#how-do-i-pass-cookies-to-yt-dlp  for how to manually pass cookies. Also see  https://github.com/yt-dlp/yt-dlp/wiki/Extractors#exporting-youtube-cookies  for tips on effectively exporting YouTube cookies
[179/204] GET N9N-4tBjeoA -> 2013-06-11_風速2.6ms_風向W277度_EURO 470 MEDAL RACE WOMEN.mp4
[179/204] FAIL N9N-4tBjeoA: ERROR: [youtube] N9N-4tBjeoA: Sign in to confirm you’re not a bot. Use --cookies-from-browser or --cookies for the authentication. See  https://github.com/yt-dlp/yt-dlp/wiki/FAQ#how-do-i-pass-cookies-to-yt-dlp  for how to manually pass cookies. Also see  https://github.com/yt-dlp/yt-dlp/wiki/Extractors#exporting-youtube-cookies  for tips on effectively exporting YouTube cookies
[180/204] GET joJLddgWi3o -> 2013-06-16_風速1.7ms_風向SW223度_470 EUROPEAN CHAMPIONSHIPS HIGHLIGHTS DAY 6 MEDAL RACE SAILY.mp4
[180/204] FAIL joJLddgWi3o: ERROR: [youtube] joJLddgWi3o: Sign in to confirm you’re not a bot. Use --cookies-from-browser or --cookies for the authentication. See  https://github.com/yt-dlp/yt-dlp/wiki/FAQ#how-do-i-pass-cookies-to-yt-dlp  for how to manually pass cookies. Also see  https://github.com/yt-dlp/yt-dlp/wiki/Extractors#exporting-youtube-cookies  for tips on effectively exporting YouTube cookies
[181/204] GET ERkQxzKRsWU -> 2013-06-11_風速2.6ms_風向W277度_EURO 470 FORMIA HIGHLIGHTS DAY 1 SAILY.mp4
[181/204] FAIL ERkQxzKRsWU: ERROR: [youtube] ERkQxzKRsWU: Sign in to confirm you’re not a bot. Use --cookies-from-browser or --cookies for the authentication. See  https://github.com/yt-dlp/yt-dlp/wiki/FAQ#how-do-i-pass-cookies-to-yt-dlp  for how to manually pass cookies. Also see  https://github.com/yt-dlp/yt-dlp/wiki/Extractors#exporting-youtube-cookies  for tips on effectively exporting YouTube cookies
[182/204] GET PHTboFLZc5o -> 2012-06-29_風速7.6ms_風向SSW197度_2012 470 European Championship - Full Highlights.mp4
[182/204] FAIL PHTboFLZc5o: ERROR: [youtube] PHTboFLZc5o: Sign in to confirm you’re not a bot. Use --cookies-from-browser or --cookies for the authentication. See  https://github.com/yt-dlp/yt-dlp/wiki/FAQ#how-do-i-pass-cookies-to-yt-dlp  for how to manually pass cookies. Also see  https://github.com/yt-dlp/yt-dlp/wiki/Extractors#exporting-youtube-cookies  for tips on effectively exporting YouTube cookies
[183/204] GET wAYgV_tD8-Q -> 2012-07-04_風速2.5ms_風向S184度_2012 470 European Championship - Day 7.mp4
[183/204] FAIL wAYgV_tD8-Q: ERROR: [youtube] wAYgV_tD8-Q: Sign in to confirm you’re not a bot. Use --cookies-from-browser or --cookies for the authentication. See  https://github.com/yt-dlp/yt-dlp/wiki/FAQ#how-do-i-pass-cookies-to-yt-dlp  for how to manually pass cookies. Also see  https://github.com/yt-dlp/yt-dlp/wiki/Extractors#exporting-youtube-cookies  for tips on effectively exporting YouTube cookies
[184/204] GET ZC-zKqhEIF8 -> 2012-07-03_風速4.4ms_風向SSE158度_2012 470 European Championship - Day 6.mp4
[184/204] FAIL ZC-zKqhEIF8: ERROR: [youtube] ZC-zKqhEIF8: Sign in to confirm you’re not a bot. Use --cookies-from-browser or --cookies for the authentication. See  https://github.com/yt-dlp/yt-dlp/wiki/FAQ#how-do-i-pass-cookies-to-yt-dlp  for how to manually pass cookies. Also see  https://github.com/yt-dlp/yt-dlp/wiki/Extractors#exporting-youtube-cookies  for tips on effectively exporting YouTube cookies
[185/204] GET OuHjsYMaVpg -> 2012-07-02_風速2.8ms_風向SSE155度_2012 470 European Championship - Day 5.mp4
[185/204] FAIL OuHjsYMaVpg: ERROR: [youtube] OuHjsYMaVpg: Sign in to confirm you’re not a bot. Use --cookies-from-browser or --cookies for the authentication. See  https://github.com/yt-dlp/yt-dlp/wiki/FAQ#how-do-i-pass-cookies-to-yt-dlp  for how to manually pass cookies. Also see  https://github.com/yt-dlp/yt-dlp/wiki/Extractors#exporting-youtube-cookies  for tips on effectively exporting YouTube cookies
[186/204] GET j1ldHj-shOE -> 2012-07-01_風速5.5ms_風向W279度_2012 470 European Championship - Day 4.mp4
[186/204] FAIL j1ldHj-shOE: ERROR: [youtube] j1ldHj-shOE: Sign in to confirm you’re not a bot. Use --cookies-from-browser or --cookies for the authentication. See  https://github.com/yt-dlp/yt-dlp/wiki/FAQ#how-do-i-pass-cookies-to-yt-dlp  for how to manually pass cookies. Also see  https://github.com/yt-dlp/yt-dlp/wiki/Extractors#exporting-youtube-cookies  for tips on effectively exporting YouTube cookies
[187/204] GET 6frXeiRP4dE -> 2012-06-30_風速7.7ms_風向SW220度_2012 470 European Championship - Day 3.mp4
[187/204] FAIL 6frXeiRP4dE: ERROR: [youtube] 6frXeiRP4dE: Sign in to confirm you’re not a bot. Use --cookies-from-browser or --cookies for the authentication. See  https://github.com/yt-dlp/yt-dlp/wiki/FAQ#how-do-i-pass-cookies-to-yt-dlp  for how to manually pass cookies. Also see  https://github.com/yt-dlp/yt-dlp/wiki/Extractors#exporting-youtube-cookies  for tips on effectively exporting YouTube cookies
[188/204] GET WmiRo_5ZORo -> 2012-06-29_風速7.6ms_風向SSW197度_2012 470 European Championship - Day 2.mp4
[188/204] FAIL WmiRo_5ZORo: ERROR: [youtube] WmiRo_5ZORo: Sign in to confirm you’re not a bot. Use --cookies-from-browser or --cookies for the authentication. See  https://github.com/yt-dlp/yt-dlp/wiki/FAQ#how-do-i-pass-cookies-to-yt-dlp  for how to manually pass cookies. Also see  https://github.com/yt-dlp/yt-dlp/wiki/Extractors#exporting-youtube-cookies  for tips on effectively exporting YouTube cookies
[189/204] GET jHJKRcvzvOA -> 2012-06-28_風速4.5ms_風向E100度_2012 470 European Championship - Day 1.mp4
[189/204] FAIL jHJKRcvzvOA: ERROR: [youtube] jHJKRcvzvOA: Sign in to confirm you’re not a bot. Use --cookies-from-browser or --cookies for the authentication. See  https://github.com/yt-dlp/yt-dlp/wiki/FAQ#how-do-i-pass-cookies-to-yt-dlp  for how to manually pass cookies. Also see  https://github.com/yt-dlp/yt-dlp/wiki/Extractors#exporting-youtube-cookies  for tips on effectively exporting YouTube cookies
[190/204] GET YvIKHFI3O8g -> 2012-05-14_風速4.8ms_風向SSW208度_2012 470 World Championship - Full Highlights.mp4
[190/204] FAIL YvIKHFI3O8g: ERROR: [youtube] YvIKHFI3O8g: Sign in to confirm you’re not a bot. Use --cookies-from-browser or --cookies for the authentication. See  https://github.com/yt-dlp/yt-dlp/wiki/FAQ#how-do-i-pass-cookies-to-yt-dlp  for how to manually pass cookies. Also see  https://github.com/yt-dlp/yt-dlp/wiki/Extractors#exporting-youtube-cookies  for tips on effectively exporting YouTube cookies
[191/204] GET dwxg4Kr4tQw -> 2012-05-19_風速2.6ms_風向ESE104度_2012 470 World Championship - Day 7.mp4
[191/204] FAIL dwxg4Kr4tQw: ERROR: [youtube] dwxg4Kr4tQw: Sign in to confirm you’re not a bot. Use --cookies-from-browser or --cookies for the authentication. See  https://github.com/yt-dlp/yt-dlp/wiki/FAQ#how-do-i-pass-cookies-to-yt-dlp  for how to manually pass cookies. Also see  https://github.com/yt-dlp/yt-dlp/wiki/Extractors#exporting-youtube-cookies  for tips on effectively exporting YouTube cookies
[192/204] GET EUnYyqDOpCM -> 2012-05-18_風速3.8ms_風向E96度_2012 470 World Championship - Day 6.mp4
[192/204] FAIL EUnYyqDOpCM: ERROR: [youtube] EUnYyqDOpCM: Sign in to confirm you’re not a bot. Use --cookies-from-browser or --cookies for the authentication. See  https://github.com/yt-dlp/yt-dlp/wiki/FAQ#how-do-i-pass-cookies-to-yt-dlp  for how to manually pass cookies. Also see  https://github.com/yt-dlp/yt-dlp/wiki/Extractors#exporting-youtube-cookies  for tips on effectively exporting YouTube cookies
[193/204] GET L8RGB-0awVM -> 2012-05-17_風速5.0ms_風向SW218度_2012 470 World Championship - Day 5.mp4
[193/204] FAIL L8RGB-0awVM: ERROR: [youtube] L8RGB-0awVM: Sign in to confirm you’re not a bot. Use --cookies-from-browser or --cookies for the authentication. See  https://github.com/yt-dlp/yt-dlp/wiki/FAQ#how-do-i-pass-cookies-to-yt-dlp  for how to manually pass cookies. Also see  https://github.com/yt-dlp/yt-dlp/wiki/Extractors#exporting-youtube-cookies  for tips on effectively exporting YouTube cookies
[194/204] GET imLOjRHe62E -> 2012-05-16_風速1.7ms_風向SW231度_2012 470 World Championship - Day 4.mp4
[194/204] FAIL imLOjRHe62E: ERROR: [youtube] imLOjRHe62E: Sign in to confirm you’re not a bot. Use --cookies-from-browser or --cookies for the authentication. See  https://github.com/yt-dlp/yt-dlp/wiki/FAQ#how-do-i-pass-cookies-to-yt-dlp  for how to manually pass cookies. Also see  https://github.com/yt-dlp/yt-dlp/wiki/Extractors#exporting-youtube-cookies  for tips on effectively exporting YouTube cookies
[195/204] GET 2e3_sFRt-6Q -> 2012-05-15_風速3.8ms_風向SSE154度_2012 470 World Championship - Day 3.mp4
[195/204] FAIL 2e3_sFRt-6Q: ERROR: [youtube] 2e3_sFRt-6Q: Sign in to confirm you’re not a bot. Use --cookies-from-browser or --cookies for the authentication. See  https://github.com/yt-dlp/yt-dlp/wiki/FAQ#how-do-i-pass-cookies-to-yt-dlp  for how to manually pass cookies. Also see  https://github.com/yt-dlp/yt-dlp/wiki/Extractors#exporting-youtube-cookies  for tips on effectively exporting YouTube cookies
[196/204] GET -5YzI-4m0gc -> 2012-05-14_風速4.8ms_風向SSW208度_2012 470 World Championship - Day 2.mp4
[196/204] FAIL -5YzI-4m0gc: ERROR: [youtube] -5YzI-4m0gc: Sign in to confirm you’re not a bot. Use --cookies-from-browser or --cookies for the authentication. See  https://github.com/yt-dlp/yt-dlp/wiki/FAQ#how-do-i-pass-cookies-to-yt-dlp  for how to manually pass cookies. Also see  https://github.com/yt-dlp/yt-dlp/wiki/Extractors#exporting-youtube-cookies  for tips on effectively exporting YouTube cookies
[197/204] GET SwKFMCVHrNw -> 2012-05-13_風速3.1ms_風向S175度_2012 470 World Championship - Day 1.mp4
[197/204] FAIL SwKFMCVHrNw: ERROR: [youtube] SwKFMCVHrNw: Sign in to confirm you’re not a bot. Use --cookies-from-browser or --cookies for the authentication. See  https://github.com/yt-dlp/yt-dlp/wiki/FAQ#how-do-i-pass-cookies-to-yt-dlp  for how to manually pass cookies. Also see  https://github.com/yt-dlp/yt-dlp/wiki/Extractors#exporting-youtube-cookies  for tips on effectively exporting YouTube cookies
[198/204] GET RfrP3ufSo7M -> 2011-12-08_風速5.4ms_風向S185度_470 Men Gold Fleet - Race 6 - 8 December 2011.mp4
[198/204] FAIL RfrP3ufSo7M: ERROR: [youtube] RfrP3ufSo7M: Sign in to confirm you’re not a bot. Use --cookies-from-browser or --cookies for the authentication. See  https://github.com/yt-dlp/yt-dlp/wiki/FAQ#how-do-i-pass-cookies-to-yt-dlp  for how to manually pass cookies. Also see  https://github.com/yt-dlp/yt-dlp/wiki/Extractors#exporting-youtube-cookies  for tips on effectively exporting YouTube cookies
[199/204] GET NmTZChH2rAc -> 2011-12-05_風速3.1ms_風向SSW205度_470 Men - Race Day 1 - 5 December 2011.mp4
[199/204] FAIL NmTZChH2rAc: ERROR: [youtube] NmTZChH2rAc: Sign in to confirm you’re not a bot. Use --cookies-from-browser or --cookies for the authentication. See  https://github.com/yt-dlp/yt-dlp/wiki/FAQ#how-do-i-pass-cookies-to-yt-dlp  for how to manually pass cookies. Also see  https://github.com/yt-dlp/yt-dlp/wiki/Extractors#exporting-youtube-cookies  for tips on effectively exporting YouTube cookies
[200/204] GET 5BaNzomVov8 -> 2011-07-28_風速4.9ms_風向NNE34度_Medal races Deltas Lloyd 470 Junior Worlds 2011.mp4
[200/204] FAIL 5BaNzomVov8: ERROR: [youtube] 5BaNzomVov8: Sign in to confirm you’re not a bot. Use --cookies-from-browser or --cookies for the authentication. See  https://github.com/yt-dlp/yt-dlp/wiki/FAQ#how-do-i-pass-cookies-to-yt-dlp  for how to manually pass cookies. Also see  https://github.com/yt-dlp/yt-dlp/wiki/Extractors#exporting-youtube-cookies  for tips on effectively exporting YouTube cookies
[201/204] GET 9QLt08TtCfM -> 2011-07-27_風速2.3ms_風向ENE78度_Day 7 Delta Lloyd 470 Junior Worlds.mp4
[201/204] FAIL 9QLt08TtCfM: ERROR: [youtube] 9QLt08TtCfM: Sign in to confirm you’re not a bot. Use --cookies-from-browser or --cookies for the authentication. See  https://github.com/yt-dlp/yt-dlp/wiki/FAQ#how-do-i-pass-cookies-to-yt-dlp  for how to manually pass cookies. Also see  https://github.com/yt-dlp/yt-dlp/wiki/Extractors#exporting-youtube-cookies  for tips on effectively exporting YouTube cookies
[202/204] GET AR94WdFoyWc -> 2009-08-29_風速7.1ms_風向SW235度_20090829.mp4
[202/204] FAIL AR94WdFoyWc: ERROR: [youtube] AR94WdFoyWc: Sign in to confirm you’re not a bot. Use --cookies-from-browser or --cookies for the authentication. See  https://github.com/yt-dlp/yt-dlp/wiki/FAQ#how-do-i-pass-cookies-to-yt-dlp  for how to manually pass cookies. Also see  https://github.com/yt-dlp/yt-dlp/wiki/Extractors#exporting-youtube-cookies  for tips on effectively exporting YouTube cookies
[203/204] GET GtYT_zO6cgY -> 2009-08-21_風速3.6ms_風向W264度_2009 470 World Championships - Finals Day 2.mp4
[203/204] OK  23 MB -> Drive
[204/204] GET c1_seScgl34 -> 2007-08-01_風速1.9ms_風向WSW245度_2007 European Championships - Race 2.mp4
[204/204] OK  2 MB -> Drive

DONE: 2 downloaded, 117 skipped, 85 failed, of 204
FAILED IDS: e-hUkJ67G-o,6-iQObbbii4,qtthgQtPL4E,Pm_KL4p_O6c,JHngrJV3RuA,tEuPtTvLaQQ,-6eUFO6lS3o,piPIjUaYXQk,u00Gp0a7vX4,CiHLDklSLd0,GP5Dxxx2NsM,Rlg3XhEFcbQ,gmXAzqYhgfU,aQRycJFK_FM,dHDL7FP8eXg,tso2kxIqBPU,w4JbM_3eh7Q,J3vdbAuUAAU,DKKjYF3XyRw,sjuOw8GlI10,zC3JWg6dx30,l1pTG4mlNY8,uqvDje-GCuM,bUYuIuCoEqg,bD1ef21qZTo,2WqKvYopNiU,BYcSNS-5380,ItbEygETGXw,SaWwifUf0vA,c_C4ZXWFlp0,QVHFrUdyWyk,X00Ul7Dg-OU,ive6pnHMdg0,MgzXvkzW80s,oVaigoaFEeA,tU8isOOclLw,BDs2ZbOFI4w,mAmGUp7zQAY,yfYQgNCwS4k,u1hr1upNvTE,huqV7TWUpoQ,mchbGe3hOXI,L1_aintU2hE,W36QDGl-Gsw,88CxJQuzM30,_b0QFxN8E4g,py9e_E-vd98,h4LVG-FbntE,1-mH9XEOL8c,lFlQ2FIk2Mo,bImSnNY8rLY,w9_O5vAPFnM,GxsjAxhKUUc,tUSzo-hsyRU,4m2aj_D1j8I,_ALLwC2sIZs,b-jb0tWm5Iw,S7OnFaGE8mI,sRo70H6HAIE,Yxje6LBMHvk,c9xe9doRmMo,N9N-4tBjeoA,joJLddgWi3o,ERkQxzKRsWU,PHTboFLZc5o,wAYgV_tD8-Q,ZC-zKqhEIF8,OuHjsYMaVpg,j1ldHj-shOE,6frXeiRP4dE,WmiRo_5ZORo,jHJKRcvzvOA,YvIKHFI3O8g,dwxg4Kr4tQw,EUnYyqDOpCM,L8RGB-0awVM,imLOjRHe62E,2e3_sFRt-6Q,-5YzI-4m0gc,SwKFMCVHrNw,RfrP3ufSo7M,NmTZChH2rAc,5BaNzomVov8,9QLt08TtCfM,AR94WdFoyWc
[1/204] SKIP exists: 2026-08-16_風速3.2ms_風向NE47度_Day 5 2026 470 World Championship, Enoshima JPN.mp4
[2/204] SKIP exists: 2026-08-16_風速3.2ms_風向NE47度_Gold Fleet Race 5 470 World Championship.mp4
[3/204] SKIP exists: 2026-08-16_風速3.2ms_風向NE47度_Gold Fleet Race 4 470 World Championship.mp4
[4/204] SKIP exists: 2026-08-15_風速2.8ms_風向E99度_Day 4 2026 470 World Championship, Enoshima JPN.mp4
[5/204] SKIP exists: 2026-08-15_風速2.8ms_風向E99度_Gold Fleet Race 2 470 World Championship – Afternoon Racing.mp4
[6/204] SKIP exists: 2026-08-15_風速2.8ms_風向E99度_Gold Fleet Race 1 470 World Championship – Full Video Coverage.mp4
[7/204] GET e-hUkJ67G-o -> 2026-08-14_風速1.4ms_風向N5度_Day 3 2026 470 World Championship, Enoshima JPN.mp4
[7/204] 403 throttle — cooling down 90s then retrying
[7/204] OK  46 MB -> Drive
[8/204] SKIP exists: 2026-08-13_風速4.0ms_風向NE45度_Day 2 2026 470 World Championship, Enoshima JPN.mp4
[9/204] SKIP exists: 2026-08-12_風速2.5ms_風向SE143度_Day 1 2026 470 World Championship, Enoshima JPN.mp4
[10/204] SKIP exists: 2026-08-11_風速4.4ms_風向SW230度_Day 0 2026 470 World Championship, Enoshima JPN.mp4
[11/204] SKIP exists: 2026-07-26_風速4.0ms_風向SW217度_Day 5 2026 420 & 470 Junior European Championship, Nida LTU.mp4
[12/204] SKIP exists: 2026-07-25_風速5.5ms_風向WSW241度_Day 4 2026 420 & 470 Junior European Championship, Nida LTU.mp4
[13/204] SKIP exists: 2026-07-24_風速5.2ms_風向NNW336度_Day 3 2026 420 & 470 Junior European Championship, Nida LTU.mp4
[14/204] SKIP exists: 2026-07-23_風速2.9ms_風向WSW238度_Day 2 2026 420 & 470 Junior European Championship, Nida LTU.mp4
[15/204] GET 6-iQObbbii4 -> 2026-07-22_風速5.9ms_風向W278度_Day 1 2026 420 & 470 Junior European Championship, Nida LTU.mp4
[15/204] 403 throttle — cooling down 90s then retrying
[15/204] OK  23 MB -> Drive
[16/204] SKIP exists: 2024-07-28_風速2.8ms_風向SW234度_Day 6 2024 420 470 Junior European Championship.mp4
[17/204] SKIP exists: 2024-07-28_風速2.8ms_風向SW234度_Day 6 2024 470 Junior European Championship, Thessaloniki GRE.mp4
[18/204] SKIP exists: 2024-07-27_風速2.1ms_風向NW314度_Day 5 2024 420 470 Junior European Championship.mp4
[19/204] SKIP exists: 2024-07-27_風速2.1ms_風向NW314度_Day 5 2024 470 Junior European Championship, Thessaloniki GRE.mp4
[20/204] SKIP exists: 2024-07-26_風速4.7ms_風向NNW335度_Day 4 2024 420 470 Junior European Championship.mp4
[21/204] SKIP exists: 2024-07-26_風速4.7ms_風向NNW335度_Day 4 2024 470 Junior European Championship, Thessaloniki GRE.mp4
[22/204] SKIP exists: 2024-07-25_風速2.3ms_風向NE43度_Day 3 2024 420 470 Junior European Championship.mp4
[23/204] GET qtthgQtPL4E -> 2024-07-25_風速2.3ms_風向NE43度_Day 3 2024 470 Junior European Championship, Thessaloniki GRE.mp4
[23/204] OK  26 MB -> Drive
[24/204] SKIP exists: 2024-07-25_風速2.3ms_風向NE43度_Day 2 2024 420 470 Junior European Championship.mp4
[25/204] SKIP exists: 2024-07-23_風速1.4ms_風向S169度_Day 1 2024 420 470 Junior European Championship.mp4
[26/204] SKIP exists: 2024-05-12_風速2.1ms_風向SE126度_2024 470 European Championship Day 6 Highlights.mp4
[27/204] GET Pm_KL4p_O6c -> 2024-05-11_風速1.9ms_風向SE133度_2024 470 European Championship Day 5 Highlights.mp4
[27/204] 403 throttle — cooling down 90s then retrying
[27/204] FAIL Pm_KL4p_O6c: ERROR: unable to download video data: HTTP Error 403: Forbidden
[28/204] SKIP exists: 2024-05-10_風速1.8ms_風向SSE161度_2024 470 European Championship Day 4 Highlights.mp4
[29/204] SKIP exists: 2024-05-09_風速1.9ms_風向S174度_2024 470 European Championship Day 3 Highlights.mp4
[30/204] SKIP exists: 2024-05-08_風速2.3ms_風向S183度_2024 470 European Championship Day 2 Highlights.mp4
[31/204] SKIP exists: 2024-05-07_風速1.2ms_風向NE48度_2024 470 European Championship Day 1 Highlights.mp4
[32/204] GET JHngrJV3RuA -> 2024-03-03_風速8.5ms_風向WNW291度_2024 470 Worlds Championship Day 6 Highlights.mp4
[32/204] OK  36 MB -> Drive
[33/204] SKIP exists: 2024-03-02_風速8.2ms_風向SW228度_2024 470 Worlds Championship Day 5 Highlights.mp4
[34/204] SKIP exists: 2024-03-01_風速6.4ms_風向WNW302度_2024 470 Worlds Championship Day 4 Highlights.mp4
[35/204] SKIP exists: 2024-02-29_風速2.2ms_風向NNW337度_2024 470 Worlds Championship Day 3 Highlights.mp4
[36/204] SKIP exists: 2024-02-28_風速4.2ms_風向NNW348度_2024 470 Worlds Championship Day 2 Highlights.mp4
[37/204] SKIP exists: 2024-02-27_風速4.2ms_風向NNW330度_2024 470 World Championship Day 1 Highlights.mp4
[38/204] SKIP exists: 2023-08-15_風速4.6ms_風向W262度_Highlights from 470 Class on Day 4 of the Allianz Sailing World Championships at The Hague.mp4
[39/204] SKIP exists: 2023-08-14_風速4.9ms_風向S186度_Highlights from 470 Class on Day 3 of the Allianz Sailing World Championships at The Hague.mp4
[40/204] GET tEuPtTvLaQQ -> 2023-08-12_風速6.2ms_風向WSW244度_Highlights from 470 Class on Day 2 of the Allianz Sailing World Championships at The Hague.mp4
[40/204] OK  89 MB -> Drive
[41/204] SKIP exists: 2023-08-11_風速5.3ms_風向WSW237度_Highlights from 470 Class on Day 1 of the Allianz Sailing World Championships at The Hague.mp4
[42/204] SKIP exists: 2022-10-29_風速4.0ms_風向N360度_2022 470 World Championship Day 6.mp4
[43/204] SKIP exists: 2022-10-29_風速4.0ms_風向N360度_2022 470 World Championship Day 5.mp4
[44/204] SKIP exists: 2022-10-27_風速3.3ms_風向NW310度_2022 470 World Championship Day 4.mp4
[45/204] SKIP exists: 2022-10-26_風速2.0ms_風向ESE102度_2022 470 World Championship Day 3.mp4
[46/204] GET -6eUFO6lS3o -> 2022-10-26_風速2.0ms_風向ESE102度_2022 470 World Championship Day 2.mp4
[46/204] OK  35 MB -> Drive
[47/204] SKIP exists: 2022-10-26_風速2.0ms_風向ESE102度_2022 470 World Championship Day 1.mp4
[48/204] SKIP exists: 2022-09-15_風速1.8ms_風向WNW300度_Highlights 2022 470 European Championship, Çeşme TUR.mp4
[49/204] SKIP exists: 2022-09-15_風速1.8ms_風向WNW300度_2022 470 European Championship Day 2.mp4
[50/204] SKIP exists: 2022-09-15_風速1.8ms_風向WNW300度_2022 470 European Championship Day 1.mp4
[51/204] SKIP exists: 2022-08-18_風速3.0ms_風向SW231度_2022 470 Junior Worlds Medal race.mp4
[52/204] SKIP exists: 2022-08-18_風速3.0ms_風向SW231度_2022 470 Junior Worlds Race 8 and more.mp4
[53/204] SKIP exists: 2022-08-18_風速3.0ms_風向SW231度_2022 470 Junior Worlds Race 6 drone footage.mp4
[54/204] SKIP exists: 2022-08-18_風速3.0ms_風向SW231度_2022 470 Junior Worlds Raw drone footage.mp4
[55/204] GET piPIjUaYXQk -> 2022-08-03_風速1.5ms_風向ENE57度_Race 11 2022 470 Masters Cup Tihany, HUN.mp4
[55/204] OK  85 MB -> Drive
[56/204] SKIP exists: 2022-08-03_風速1.5ms_風向ENE57度_Race 10 2022 470 Masters Cup Tihany, HUN.mp4
[57/204] SKIP exists: 2022-08-03_風速1.5ms_風向ENE57度_Race 9 2022 470 Masters Cup Tihany, HUN.mp4
[58/204] SKIP exists: 2022-08-03_風速1.5ms_風向ENE57度_Race 8 2022 470 Masters Cup Tihany, HUN.mp4
[59/204] GET u00Gp0a7vX4 -> 2022-08-03_風速1.5ms_風向ENE57度_Race 7 2022 470 Masters Cup Tihany, HUN.mp4
[59/204] OK  143 MB -> Drive
[60/204] SKIP exists: 2022-08-03_風速1.5ms_風向ENE57度_Race 3 2022 470 Masters Cup Tihany, HUN.mp4
[61/204] SKIP exists: 2022-08-03_風速1.5ms_風向ENE57度_Race 2 2022 470 Masters Cup Tihany, HUN.mp4
[62/204] SKIP exists: 2022-08-03_風速1.5ms_風向ENE57度_Race 1 2022 470 Masters Cup Tihany, HUN.mp4
[63/204] SKIP exists: 2022-07-25_風速3.7ms_風向NW321度_Race day 5 highlights - 2022 420 & 470 Junior Europeans.mp4
[64/204] SKIP exists: 2022-07-25_風速3.7ms_風向NW321度_Race day 4 highlights - 2022 420 & 470 Junior Europeans.mp4
[65/204] SKIP exists: 2022-07-23_風速3.2ms_風向SSW210度_Race day 3 highlights - 2022 420 & 470 Junior Europeans.mp4
[66/204] SKIP exists: 2022-07-22_風速3.8ms_風向SW221度_Race day 2 highlights - 2022 420 & 470 Junior Europeans.mp4
[67/204] SKIP exists: 2022-07-21_風速3.5ms_風向SSW210度_Race day 1 highlights - 2022 420 & 470 Junior Europeans.mp4
[68/204] GET CiHLDklSLd0 -> 2021-05-07_風速3.4ms_風向SW215度_7 May - 2021 470 European Championship, Vilamoura, POR.mp4
[68/204] 403 throttle — cooling down 90s then retrying
[68/204] FAIL CiHLDklSLd0: ERROR: unable to download video data: HTTP Error 403: Forbidden
[69/204] SKIP exists: 2021-05-06_風速2.9ms_風向W263度_6 May - 2021 470 European Championship, Vilamoura, POR.mp4
[70/204] SKIP exists: 2021-05-05_風速3.9ms_風向SW217度_5 May - 2021 470 European Championship, Vilamoura, POR.mp4
[71/204] SKIP exists: 2021-05-04_風速4.0ms_風向SW229度_4 May - 2021 470 European Championship, Vilamoura, POR.mp4
[72/204] SKIP exists: 2021-05-03_風速3.1ms_風向SSE162度_3 May - 2021 470 European Championship, Vilamoura, POR.mp4
[73/204] SKIP exists: 2021-05-02_風速2.8ms_風向NW316度_2 May - 2021 470 European Championship, Vilamoura, POR.mp4
[74/204] SKIP exists: 2021-05-01_風速4.6ms_風向WSW258度_1 May - 2021 470 European Championship, Vilamoura, POR.mp4
[75/204] SKIP exists: 2021-04-30_風速3.9ms_風向WNW303度_30 April - 2021 470 European Championship, Vilamoura, POR.mp4
[76/204] SKIP exists: 2021-03-13_風速4.1ms_風向N352度_13 March - 2021 470 World Championship, Vilamoura, Portugal.mp4
[77/204] SKIP exists: 2021-03-12_風速5.0ms_風向NNW332度_12 March - 2021 470 World Championship, Vilamoura, Portugal.mp4
[78/204] SKIP exists: 2021-03-11_風速2.1ms_風向SW229度_11 March - 2021 470 World Championship, Vilamoura, Portugal.mp4
[79/204] SKIP exists: 2021-03-10_風速2.8ms_風向SW216度_10 March - 2021 470 World Championship, Vilamoura, Portugal.mp4
[80/204] SKIP exists: 2021-03-09_風速4.0ms_風向N354度_9 March - 2021 470 World Championship, Vilamoura, Portugal.mp4
[81/204] SKIP exists: 2021-03-08_風速4.9ms_風向NW317度_8 March - 2021 470 World Championship, Vilamoura, Portugal.mp4
[82/204] SKIP exists: 2021-03-07_風速3.2ms_風向W272度_7 March - 2021 470 World Championship, Vilamoura, Portugal.mp4
[83/204] SKIP exists: 2021-03-06_風速4.2ms_風向ESE107度_6 March - 2021 470 World Championship, Vilamoura, Portugal.mp4
[84/204] SKIP exists: 2021-03-05_風速3.4ms_風向SE138度_5 March - 2021 470 World Championship, Vilamoura, Portugal.mp4
[85/204] SKIP exists: 2003-04-26_風速2.5ms_風向SSW212度_2003 Sprint Cup.mp4
[86/204] SKIP exists: 2019-08-09_風速5.9ms_風向S186度_Race Day 6 - 9 August - 2019 470 World Championship, Enoshima, Japan.mp4
[87/204] SKIP exists: 2019-08-08_風速7.8ms_風向SSW192度_Race Day 5 - 8 August - 2019 470 World Championship, Enoshima, Japan.mp4
[88/204] SKIP exists: 2019-08-07_風速6.7ms_風向S187度_Race Day 4 7 August I 2019 470 World Championships, Enoshima, Japan.mp4
[89/204] SKIP exists: 2019-08-06_風速6.5ms_風向S188度_Race Day 3 6 August I 2019 470 World Championships, Enoshima, Japan.mp4
[90/204] SKIP exists: 2019-08-05_風速3.3ms_風向SSW204度_Race Day 2 - 5 August - 2019 470 World Championships, Enoshima, Japan.mp4
[91/204] SKIP exists: 2019-08-04_風速3.7ms_風向S189度_Race Day 1 - 4 August - 2019 470 World Championship, Enoshima, Japan.mp4
[92/204] SKIP exists: 2019-08-03_風速4.8ms_風向SSW194度_3 August - 2019 470 World Championships, Enoshima, Japan.mp4
[93/204] SKIP exists: 2019-08-02_風速3.9ms_風向S189度_2 August - 2019 470 World Championship, Enoshima, Japan.mp4
[94/204] SKIP exists: 2019-05-10_風速2.2ms_風向SE142度_MedalRaceW.mp4
[95/204] GET GP5Dxxx2NsM -> 2019-05-10_風速2.2ms_風向SE142度_MedalRaceM.mp4
[95/204] 403 throttle — cooling down 90s then retrying
[95/204] OK  123 MB -> Drive
[96/204] SKIP exists: 2019-05-10_風速2.2ms_風向SE142度_Day 5 Highlights 2019 470 European Championship.mp4
[97/204] SKIP exists: 2019-05-09_風速2.4ms_風向ESE105度_Day 4 Highlights 2019 470 European Championship.mp4
[98/204] SKIP exists: 2019-05-08_風速3.0ms_風向SSW198度_Day 3 Highlights 2019 470 European Championship.mp4
[99/204] SKIP exists: 2019-05-06_風速4.2ms_風向SSW205度_Day 1 Highlights 2019 470 European Championship.mp4
[100/204] SKIP exists: 2018-08-25_風速5.4ms_風向SSW200度_2018 470 Junior World Championship - Day 5.mp4
[101/204] SKIP exists: 2018-08-22_風速2.1ms_風向S189度_2018 470 Junior World Championship - Day 2.mp4
[102/204] SKIP exists: 2018-08-21_風速1.3ms_風向ESE123度_2018 470 Junior World Championship - Day 1.mp4
[103/204] SKIP exists: 2018-08-26_風速3.0ms_風向W279度_2018 470 Junior World Championship - Day 6.mp4
[104/204] GET Rlg3XhEFcbQ -> 2018-05-24_風速4.7ms_風向ENE71度_2018 470 European Championship - Day 6.mp4
[104/204] 403 throttle — cooling down 90s then retrying
[104/204] OK  117 MB -> Drive
[105/204] GET gmXAzqYhgfU -> 2018-05-23_風速4.4ms_風向ENE76度_2018 470 European Championship - Day 5.mp4
[105/204] OK  131 MB -> Drive
[106/204] SKIP exists: 2018-05-22_風速5.5ms_風向ENE70度_2018 470 European Championship - Day 4.mp4
[107/204] GET aQRycJFK_FM -> 2018-05-21_風速5.4ms_風向ENE64度_2018 470 European Championship - Day 3.mp4
[107/204] 403 throttle — cooling down 90s then retrying
[107/204] OK  115 MB -> Drive
[108/204] SKIP exists: 2018-05-20_風速2.9ms_風向ENE60度_470 Open European Championship 2018 Day 2.mp4
[109/204] GET dHDL7FP8eXg -> 2018-05-20_風速2.9ms_風向ENE60度_2018 470 European Championship - Day 1.mp4
[109/204] OK  109 MB -> Drive
[110/204] SKIP exists: 2017-09-02_風速8.2ms_風向NNE24度_2017 470 Junior Worlds - Day 6 (Final Day).mp4
[111/204] GET tso2kxIqBPU -> 2017-09-01_風速8.9ms_風向NE49度_2017 470 Junior Worlds - Day 5.mp4
[111/204] 403 throttle — cooling down 90s then retrying
[111/204] OK  107 MB -> Drive
[112/204] SKIP exists: 2017-08-31_風速9.8ms_風向NNE23度_2017 470 Junior Worlds - Day 4.mp4
[113/204] SKIP exists: 2017-08-30_風速4.5ms_風向S189度_2017 470 Junior Worlds - Day 3.mp4
[114/204] GET w4JbM_3eh7Q -> 2017-08-29_風速8.7ms_風向SSW193度_2017 470 Junior Worlds - Day 2.mp4
[114/204] 403 throttle — cooling down 90s then retrying
[114/204] OK  98 MB -> Drive
[115/204] SKIP exists: 2017-08-28_風速2.5ms_風向S172度_2017 470 Junior Worlds - Day 1.mp4
[116/204] SKIP exists: 2017-08-27_風速4.2ms_風向ENE67度_2017 470 Junior Worlds - Day 0.mp4
[117/204] GET J3vdbAuUAAU -> 2017-07-15_風速2.6ms_風向SW220度_2017 470 World Championships 2017 - Day 6.mp4
[117/204] OK  114 MB -> Drive
[118/204] SKIP exists: 2017-07-14_風速2.9ms_風向WSW247度_2017 470 World Championships 2017 - Day 5.mp4
[119/204] SKIP exists: 2017-07-13_風速2.4ms_風向SW232度_2017 470 World Championships 2017 - Day 4.mp4
[120/204] SKIP exists: 2017-07-12_風速1.9ms_風向SW229度_2017 470 World Championships 2017 - Day 3.mp4
[121/204] GET DKKjYF3XyRw -> 2017-07-11_風速3.3ms_風向SSW203度_2017 470 World Championships 2017 - Day 2.mp4
[121/204] 403 throttle — cooling down 90s then retrying
[121/204] FAIL DKKjYF3XyRw: ERROR: unable to download video data: HTTP Error 403: Forbidden
[122/204] SKIP exists: 2017-07-10_風速3.2ms_風向S191度_2017 470 World Championships - Day 1.mp4
[123/204] SKIP exists: 2017-05-14_風速2.6ms_風向SE137度_2017 470 European Championship - Day 6.mp4
[124/204] SKIP exists: 2017-05-14_風速2.6ms_風向SE137度_2017 470 European Championship - Day 5.mp4
[125/204] SKIP exists: 2017-05-11_風速7.4ms_風向E88度_2017 470 European Championship Day 4.mp4
[126/204] SKIP exists: 2017-05-11_風速7.4ms_風向E88度_2017 470 European Championship - Day 3.mp4
[127/204] SKIP exists: 2017-05-10_風速3.2ms_風向SE124度_2017 470 European Championship - Day 2.mp4
[128/204] GET sjuOw8GlI10 -> 2017-05-09_風速2.1ms_風向SSE165度_2017 470 European Championship - Day 1.mp4
[128/204] OK  114 MB -> Drive
[129/204] SKIP exists: 2016-04-13_風速6.6ms_風向W277度_2016 470 European Championship - Day 6.mp4
[130/204] SKIP exists: 2016-04-11_風速3.9ms_風向WSW239度_2016 470 European Championship - Day 5.mp4
[131/204] GET zC3JWg6dx30 -> 2016-04-10_風速5.7ms_風向S179度_2016 470 European Championship - Day 4.mp4
[131/204] 403 throttle — cooling down 90s then retrying
[131/204] FAIL zC3JWg6dx30: ERROR: unable to download video data: HTTP Error 403: Forbidden
[132/204] SKIP exists: 2016-04-09_風速5.6ms_風向WNW290度_2016 470 European Championship - Day 3.mp4
[133/204] SKIP exists: 2016-04-09_風速5.6ms_風向WNW290度_2016 470 European Championship - Day 2.mp4
[134/204] SKIP exists: 2016-04-08_風速4.5ms_風向N10度_2016 470 European Championship - Opening Day.mp4
[135/204] SKIP exists: 2016-02-25_風速3.1ms_風向SE125度_470 World ARGENTINA2016_Day3.mp4
[136/204] SKIP exists: 2015-10-18_風速2.2ms_風向NNW333度_2015 470 World Championships Haifa, Israel - Day 6.mp4
[137/204] GET l1pTG4mlNY8 -> 2015-10-17_風速3.0ms_風向NNW330度_2015 470 World Championships Haifa, Israel - Day 5.mp4
[137/204] OK  133 MB -> Drive
[138/204] SKIP exists: 2015-10-16_風速3.8ms_風向NNW334度_2015 470 World Championships Haifa, Israel - Day 4.mp4
[139/204] GET uqvDje-GCuM -> 2015-10-15_風速4.1ms_風向NNW331度_2015 470 World Championships Haifa, Israel - Day 3.mp4
[139/204] OK  68 MB -> Drive
[140/204] SKIP exists: 2015-10-14_風速3.7ms_風向NW319度_2015 470 World Championships Haifa, Israel - Day 2.mp4
[141/204] GET bUYuIuCoEqg -> 2015-10-12_風速4.6ms_風向N353度_2015 470 World Championships Haifa, Israel - Day 1.mp4
[141/204] OK  72 MB -> Drive
[142/204] GET bD1ef21qZTo -> 2015-10-10_風速2.3ms_風向NNW329度_2015 470 Worlds - Day 1, 10 October 2015.mp4
[142/204] OK  35 MB -> Drive
[143/204] GET 2WqKvYopNiU -> 2015-08-16_風速3.7ms_風向SE132度_2015 420 & 470 Junior European Championships - Day 6.mp4
[143/204] OK  57 MB -> Drive
[144/204] GET BYcSNS-5380 -> 2015-08-14_風速2.0ms_風向ENE64度_2015 420 & 470 Junior European Championships - Day 5.mp4
[144/204] 403 throttle — cooling down 90s then retrying
[144/204] FAIL BYcSNS-5380: ERROR: unable to download video data: HTTP Error 403: Forbidden
[145/204] GET ItbEygETGXw -> 2015-08-13_風速2.5ms_風向NE43度_2015 420 & 470 Junior European Championships - Day 4.mp4
[145/204] 403 throttle — cooling down 90s then retrying
[145/204] OK  114 MB -> Drive
[146/204] GET SaWwifUf0vA -> 2015-08-13_風速2.5ms_風向NE43度_2015 420 & 470 Junior European Championships - Day 3.mp4
[146/204] OK  110 MB -> Drive
[147/204] GET c_C4ZXWFlp0 -> 2015-08-12_風速1.6ms_風向NNE33度_2015 420 & 470 Junior European Championships - Day 2.mp4
[147/204] 403 throttle — cooling down 90s then retrying
[147/204] OK  109 MB -> Drive
[148/204] GET QVHFrUdyWyk -> 2015-08-11_風速2.8ms_風向ENE57度_2015 420 & 470 Junior European Championships - Day 1.mp4
[148/204] 403 throttle — cooling down 90s then retrying
[148/204] FAIL QVHFrUdyWyk: ERROR: unable to download video data: HTTP Error 403: Forbidden
[149/204] GET X00Ul7Dg-OU -> 2015-08-01_風速4.0ms_風向S187度_2015 470 Junior World Championships - Day 6.mp4
[149/204] OK  107 MB -> Drive
[150/204] GET ive6pnHMdg0 -> 2015-07-31_風速1.5ms_風向NNW337度_2015 470 Junior World Championships - Day 5.mp4
[150/204] OK  103 MB -> Drive
[151/204] GET MgzXvkzW80s -> 2015-07-30_風速3.3ms_風向S190度_2015 470 Junior World Championships - Day 4.mp4
[151/204] 403 throttle — cooling down 90s then retrying
[151/204] FAIL MgzXvkzW80s: ERROR: unable to download video data: HTTP Error 403: Forbidden
[152/204] GET oVaigoaFEeA -> 2015-07-28_風速2.3ms_風向SW219度_2015 470 Junior World Championships - Day 3.mp4
[152/204] OK  108 MB -> Drive
[153/204] GET tU8isOOclLw -> 2015-07-28_風速2.3ms_風向SW219度_2015 470 Junior World Championships - Day 2.mp4
[153/204] OK  86 MB -> Drive
[154/204] GET BDs2ZbOFI4w -> 2015-07-27_風速2.4ms_風向SW215度_2015 470 Junior World Championships - Day 1.mp4
[154/204] OK  85 MB -> Drive
[155/204] GET mAmGUp7zQAY -> 2015-07-02_風速6.6ms_風向SE130度_Race Day 4 - 470 Open European Championships.mp4
[155/204] OK  29 MB -> Drive
[156/204] GET yfYQgNCwS4k -> 2015-07-01_風速2.7ms_風向SE135度_Race Day 3 - 470 Open European Championships - part 2.mp4
[156/204] OK  16 MB -> Drive
[157/204] GET u1hr1upNvTE -> 2015-06-29_風速4.5ms_風向WSW254度_29 Jun 2015.mp4
[157/204] OK  20 MB -> Drive
[158/204] GET huqV7TWUpoQ -> 2015-06-27_風速2.5ms_風向SE139度_470 Europeans, Aarhus, Denmark; 27th June 2015..mp4
[158/204] 403 throttle — cooling down 90s then retrying
[158/204] FAIL huqV7TWUpoQ: ERROR: unable to download video data: HTTP Error 403: Forbidden
[159/204] GET mchbGe3hOXI -> 2014-07-16_風速2.2ms_風向N352度_2014 470 European Championships - Medal Race.mp4
[159/204] 403 throttle — cooling down 90s then retrying
[159/204] FAIL mchbGe3hOXI: ERROR: unable to download video data: HTTP Error 403: Forbidden
[160/204] GET L1_aintU2hE -> 2014-07-16_風速2.2ms_風向N352度_2014 470 European Championships, Athens Greece - Day 5.mp4
[160/204] 403 throttle — cooling down 90s then retrying
[160/204] OK  128 MB -> Drive
[161/204] GET W36QDGl-Gsw -> 2014-07-14_風速1.4ms_風向W277度_2014 470 European Championships, Athens Greece - Day 4.mp4
[161/204] 403 throttle — cooling down 90s then retrying
[161/204] FAIL W36QDGl-Gsw: ERROR: unable to download video data: HTTP Error 403: Forbidden
[162/204] GET 88CxJQuzM30 -> 2014-07-13_風速2.6ms_風向SSW203度_2014 470 European Championships, Athens Greece - Day 3.mp4
[162/204] OK  80 MB -> Drive
[163/204] GET _b0QFxN8E4g -> 2014-07-12_風速4.2ms_風向W265度_2014 470 European Championships, Athens Greece - Day 2.mp4
[163/204] 403 throttle — cooling down 90s then retrying
[163/204] FAIL _b0QFxN8E4g: ERROR: unable to download video data: HTTP Error 403: Forbidden
[164/204] GET py9e_E-vd98 -> 2014-07-11_風速3.9ms_風向WSW243度_2014 470 European Championships, Athens Greece - Day 1.mp4
[164/204] OK  152 MB -> Drive
[165/204] GET h4LVG-FbntE -> 2014-07-09_風速3.6ms_風向WSW243度_2014 470 European Championships, Athens Greece - Day 0.mp4
[165/204] OK  155 MB -> Drive
[166/204] GET 1-mH9XEOL8c -> 2014-07-02_風速1.3ms_風向E79度_2014 470 Junior World Championship - Day 5.mp4
[166/204] 403 throttle — cooling down 90s then retrying
[166/204] FAIL 1-mH9XEOL8c: ERROR: unable to download video data: HTTP Error 403: Forbidden
[167/204] GET lFlQ2FIk2Mo -> 2014-07-02_風速1.3ms_風向E79度_2014 470 Junior World Championship - Day 3 and 4.mp4
[167/204] OK  141 MB -> Drive
[168/204] GET bImSnNY8rLY -> 2014-06-30_風速3.5ms_風向NNW346度_2014 470 Junior World Championship - Day 1 and 2.mp4
[168/204] OK  137 MB -> Drive
[169/204] GET w9_O5vAPFnM -> 2013-08-22_風速3.6ms_風向SSW204度_2013 420 and 470 Junior European Championships - Day 7.mp4
[169/204] OK  130 MB -> Drive
[170/204] GET GxsjAxhKUUc -> 2013-08-21_風速8.0ms_風向SW216度_2013 420 and 470 Junior European Championships - Day 6.mp4
[170/204] OK  220 MB -> Drive
[171/204] GET tUSzo-hsyRU -> 2013-08-20_風速5.9ms_風向SW217度_2013 420 and 470 Junior European Championships - Day 5.mp4
[171/204] OK  196 MB -> Drive
[172/204] GET 4m2aj_D1j8I -> 2013-08-10_風速2.6ms_風向NNW333度_2013 470 World Championships, La Rochelle FRA - Day 6.mp4
[172/204] OK  221 MB -> Drive
[173/204] GET _ALLwC2sIZs -> 2013-08-09_風速6.4ms_風向WSW249度_2013 470 World Championships, La Rochelle FRA - Day 5.mp4
[173/204] OK  148 MB -> Drive
[174/204] GET b-jb0tWm5Iw -> 2013-08-08_風速2.4ms_風向NW316度_2013 470 World Championships, La Rochelle FRA - Day 4.mp4
[174/204] 403 throttle — cooling down 90s then retrying
[174/204] FAIL b-jb0tWm5Iw: ERROR: unable to download video data: HTTP Error 403: Forbidden
[175/204] GET S7OnFaGE8mI -> 2013-08-07_風速3.8ms_風向W271度_2013 470 World Championships, La Rochelle FRA - Day 3.mp4
[175/204] OK  195 MB -> Drive
[176/204] GET sRo70H6HAIE -> 2013-08-06_風速1.3ms_風向NNE21度_2013 470 World Championships, La Rochelle FRA - Day 2.mp4
[176/204] OK  151 MB -> Drive
[177/204] GET Yxje6LBMHvk -> 2013-08-06_風速1.3ms_風向NNE21度_2013 470 World Championships, La Rochelle FRA - Day 1.mp4
[177/204] 403 throttle — cooling down 90s then retrying
[177/204] OK  167 MB -> Drive
[178/204] GET c9xe9doRmMo -> 2013-06-11_風速2.6ms_風向W277度_EURO 470 MEDAL RACE MEN LIVE.mp4
[178/204] 403 throttle — cooling down 90s then retrying
[178/204] FAIL c9xe9doRmMo: ERROR: [youtube] c9xe9doRmMo: Sign in to confirm you’re not a bot. Use --cookies-from-browser or --cookies for the authentication. See  https://github.com/yt-dlp/yt-dlp/wiki/FAQ#how-do-i-pass-cookies-to-yt-dlp  for how to manually pass cookies. Also see  https://github.com/yt-dlp/yt-dlp/wiki/Extractors#exporting-youtube-cookies  for tips on effectively exporting YouTube cookies
[179/204] GET N9N-4tBjeoA -> 2013-06-11_風速2.6ms_風向W277度_EURO 470 MEDAL RACE WOMEN.mp4
[179/204] FAIL N9N-4tBjeoA: ERROR: [youtube] N9N-4tBjeoA: Sign in to confirm you’re not a bot. Use --cookies-from-browser or --cookies for the authentication. See  https://github.com/yt-dlp/yt-dlp/wiki/FAQ#how-do-i-pass-cookies-to-yt-dlp  for how to manually pass cookies. Also see  https://github.com/yt-dlp/yt-dlp/wiki/Extractors#exporting-youtube-cookies  for tips on effectively exporting YouTube cookies
[180/204] GET joJLddgWi3o -> 2013-06-16_風速1.7ms_風向SW223度_470 EUROPEAN CHAMPIONSHIPS HIGHLIGHTS DAY 6 MEDAL RACE SAILY.mp4
[180/204] FAIL joJLddgWi3o: ERROR: [youtube] joJLddgWi3o: Sign in to confirm you’re not a bot. Use --cookies-from-browser or --cookies for the authentication. See  https://github.com/yt-dlp/yt-dlp/wiki/FAQ#how-do-i-pass-cookies-to-yt-dlp  for how to manually pass cookies. Also see  https://github.com/yt-dlp/yt-dlp/wiki/Extractors#exporting-youtube-cookies  for tips on effectively exporting YouTube cookies
[181/204] GET ERkQxzKRsWU -> 2013-06-11_風速2.6ms_風向W277度_EURO 470 FORMIA HIGHLIGHTS DAY 1 SAILY.mp4
[181/204] FAIL ERkQxzKRsWU: ERROR: [youtube] ERkQxzKRsWU: Sign in to confirm you’re not a bot. Use --cookies-from-browser or --cookies for the authentication. See  https://github.com/yt-dlp/yt-dlp/wiki/FAQ#how-do-i-pass-cookies-to-yt-dlp  for how to manually pass cookies. Also see  https://github.com/yt-dlp/yt-dlp/wiki/Extractors#exporting-youtube-cookies  for tips on effectively exporting YouTube cookies
[182/204] GET PHTboFLZc5o -> 2012-06-29_風速7.6ms_風向SSW197度_2012 470 European Championship - Full Highlights.mp4
[182/204] FAIL PHTboFLZc5o: ERROR: [youtube] PHTboFLZc5o: Sign in to confirm you’re not a bot. Use --cookies-from-browser or --cookies for the authentication. See  https://github.com/yt-dlp/yt-dlp/wiki/FAQ#how-do-i-pass-cookies-to-yt-dlp  for how to manually pass cookies. Also see  https://github.com/yt-dlp/yt-dlp/wiki/Extractors#exporting-youtube-cookies  for tips on effectively exporting YouTube cookies
[183/204] GET wAYgV_tD8-Q -> 2012-07-04_風速2.5ms_風向S184度_2012 470 European Championship - Day 7.mp4
[183/204] FAIL wAYgV_tD8-Q: ERROR: [youtube] wAYgV_tD8-Q: Sign in to confirm you’re not a bot. Use --cookies-from-browser or --cookies for the authentication. See  https://github.com/yt-dlp/yt-dlp/wiki/FAQ#how-do-i-pass-cookies-to-yt-dlp  for how to manually pass cookies. Also see  https://github.com/yt-dlp/yt-dlp/wiki/Extractors#exporting-youtube-cookies  for tips on effectively exporting YouTube cookies
[184/204] GET ZC-zKqhEIF8 -> 2012-07-03_風速4.4ms_風向SSE158度_2012 470 European Championship - Day 6.mp4
[184/204] FAIL ZC-zKqhEIF8: ERROR: [youtube] ZC-zKqhEIF8: Sign in to confirm you’re not a bot. Use --cookies-from-browser or --cookies for the authentication. See  https://github.com/yt-dlp/yt-dlp/wiki/FAQ#how-do-i-pass-cookies-to-yt-dlp  for how to manually pass cookies. Also see  https://github.com/yt-dlp/yt-dlp/wiki/Extractors#exporting-youtube-cookies  for tips on effectively exporting YouTube cookies
[185/204] GET OuHjsYMaVpg -> 2012-07-02_風速2.8ms_風向SSE155度_2012 470 European Championship - Day 5.mp4
[185/204] FAIL OuHjsYMaVpg: ERROR: [youtube] OuHjsYMaVpg: Sign in to confirm you’re not a bot. Use --cookies-from-browser or --cookies for the authentication. See  https://github.com/yt-dlp/yt-dlp/wiki/FAQ#how-do-i-pass-cookies-to-yt-dlp  for how to manually pass cookies. Also see  https://github.com/yt-dlp/yt-dlp/wiki/Extractors#exporting-youtube-cookies  for tips on effectively exporting YouTube cookies
[186/204] GET j1ldHj-shOE -> 2012-07-01_風速5.5ms_風向W279度_2012 470 European Championship - Day 4.mp4
[186/204] FAIL j1ldHj-shOE: ERROR: [youtube] j1ldHj-shOE: Sign in to confirm you’re not a bot. Use --cookies-from-browser or --cookies for the authentication. See  https://github.com/yt-dlp/yt-dlp/wiki/FAQ#how-do-i-pass-cookies-to-yt-dlp  for how to manually pass cookies. Also see  https://github.com/yt-dlp/yt-dlp/wiki/Extractors#exporting-youtube-cookies  for tips on effectively exporting YouTube cookies
[187/204] GET 6frXeiRP4dE -> 2012-06-30_風速7.7ms_風向SW220度_2012 470 European Championship - Day 3.mp4
[187/204] FAIL 6frXeiRP4dE: ERROR: [youtube] 6frXeiRP4dE: Sign in to confirm you’re not a bot. Use --cookies-from-browser or --cookies for the authentication. See  https://github.com/yt-dlp/yt-dlp/wiki/FAQ#how-do-i-pass-cookies-to-yt-dlp  for how to manually pass cookies. Also see  https://github.com/yt-dlp/yt-dlp/wiki/Extractors#exporting-youtube-cookies  for tips on effectively exporting YouTube cookies
[188/204] GET WmiRo_5ZORo -> 2012-06-29_風速7.6ms_風向SSW197度_2012 470 European Championship - Day 2.mp4
[188/204] FAIL WmiRo_5ZORo: ERROR: [youtube] WmiRo_5ZORo: Sign in to confirm you’re not a bot. Use --cookies-from-browser or --cookies for the authentication. See  https://github.com/yt-dlp/yt-dlp/wiki/FAQ#how-do-i-pass-cookies-to-yt-dlp  for how to manually pass cookies. Also see  https://github.com/yt-dlp/yt-dlp/wiki/Extractors#exporting-youtube-cookies  for tips on effectively exporting YouTube cookies
[189/204] GET jHJKRcvzvOA -> 2012-06-28_風速4.5ms_風向E100度_2012 470 European Championship - Day 1.mp4
[189/204] FAIL jHJKRcvzvOA: ERROR: [youtube] jHJKRcvzvOA: Sign in to confirm you’re not a bot. Use --cookies-from-browser or --cookies for the authentication. See  https://github.com/yt-dlp/yt-dlp/wiki/FAQ#how-do-i-pass-cookies-to-yt-dlp  for how to manually pass cookies. Also see  https://github.com/yt-dlp/yt-dlp/wiki/Extractors#exporting-youtube-cookies  for tips on effectively exporting YouTube cookies
[190/204] GET YvIKHFI3O8g -> 2012-05-14_風速4.8ms_風向SSW208度_2012 470 World Championship - Full Highlights.mp4
[190/204] FAIL YvIKHFI3O8g: ERROR: [youtube] YvIKHFI3O8g: Sign in to confirm you’re not a bot. Use --cookies-from-browser or --cookies for the authentication. See  https://github.com/yt-dlp/yt-dlp/wiki/FAQ#how-do-i-pass-cookies-to-yt-dlp  for how to manually pass cookies. Also see  https://github.com/yt-dlp/yt-dlp/wiki/Extractors#exporting-youtube-cookies  for tips on effectively exporting YouTube cookies
[191/204] GET dwxg4Kr4tQw -> 2012-05-19_風速2.6ms_風向ESE104度_2012 470 World Championship - Day 7.mp4
[191/204] FAIL dwxg4Kr4tQw: ERROR: [youtube] dwxg4Kr4tQw: Sign in to confirm you’re not a bot. Use --cookies-from-browser or --cookies for the authentication. See  https://github.com/yt-dlp/yt-dlp/wiki/FAQ#how-do-i-pass-cookies-to-yt-dlp  for how to manually pass cookies. Also see  https://github.com/yt-dlp/yt-dlp/wiki/Extractors#exporting-youtube-cookies  for tips on effectively exporting YouTube cookies
[192/204] GET EUnYyqDOpCM -> 2012-05-18_風速3.8ms_風向E96度_2012 470 World Championship - Day 6.mp4
[192/204] FAIL EUnYyqDOpCM: ERROR: [youtube] EUnYyqDOpCM: Sign in to confirm you’re not a bot. Use --cookies-from-browser or --cookies for the authentication. See  https://github.com/yt-dlp/yt-dlp/wiki/FAQ#how-do-i-pass-cookies-to-yt-dlp  for how to manually pass cookies. Also see  https://github.com/yt-dlp/yt-dlp/wiki/Extractors#exporting-youtube-cookies  for tips on effectively exporting YouTube cookies
[193/204] GET L8RGB-0awVM -> 2012-05-17_風速5.0ms_風向SW218度_2012 470 World Championship - Day 5.mp4
[193/204] FAIL L8RGB-0awVM: ERROR: [youtube] L8RGB-0awVM: Sign in to confirm you’re not a bot. Use --cookies-from-browser or --cookies for the authentication. See  https://github.com/yt-dlp/yt-dlp/wiki/FAQ#how-do-i-pass-cookies-to-yt-dlp  for how to manually pass cookies. Also see  https://github.com/yt-dlp/yt-dlp/wiki/Extractors#exporting-youtube-cookies  for tips on effectively exporting YouTube cookies
[194/204] GET imLOjRHe62E -> 2012-05-16_風速1.7ms_風向SW231度_2012 470 World Championship - Day 4.mp4
[194/204] FAIL imLOjRHe62E: ERROR: [youtube] imLOjRHe62E: Sign in to confirm you’re not a bot. Use --cookies-from-browser or --cookies for the authentication. See  https://github.com/yt-dlp/yt-dlp/wiki/FAQ#how-do-i-pass-cookies-to-yt-dlp  for how to manually pass cookies. Also see  https://github.com/yt-dlp/yt-dlp/wiki/Extractors#exporting-youtube-cookies  for tips on effectively exporting YouTube cookies
[195/204] GET 2e3_sFRt-6Q -> 2012-05-15_風速3.8ms_風向SSE154度_2012 470 World Championship - Day 3.mp4
[195/204] FAIL 2e3_sFRt-6Q: ERROR: [youtube] 2e3_sFRt-6Q: Sign in to confirm you’re not a bot. Use --cookies-from-browser or --cookies for the authentication. See  https://github.com/yt-dlp/yt-dlp/wiki/FAQ#how-do-i-pass-cookies-to-yt-dlp  for how to manually pass cookies. Also see  https://github.com/yt-dlp/yt-dlp/wiki/Extractors#exporting-youtube-cookies  for tips on effectively exporting YouTube cookies
[196/204] GET -5YzI-4m0gc -> 2012-05-14_風速4.8ms_風向SSW208度_2012 470 World Championship - Day 2.mp4
[196/204] FAIL -5YzI-4m0gc: ERROR: [youtube] -5YzI-4m0gc: Sign in to confirm you’re not a bot. Use --cookies-from-browser or --cookies for the authentication. See  https://github.com/yt-dlp/yt-dlp/wiki/FAQ#how-do-i-pass-cookies-to-yt-dlp  for how to manually pass cookies. Also see  https://github.com/yt-dlp/yt-dlp/wiki/Extractors#exporting-youtube-cookies  for tips on effectively exporting YouTube cookies
[197/204] GET SwKFMCVHrNw -> 2012-05-13_風速3.1ms_風向S175度_2012 470 World Championship - Day 1.mp4
[197/204] FAIL SwKFMCVHrNw: ERROR: [youtube] SwKFMCVHrNw: Sign in to confirm you’re not a bot. Use --cookies-from-browser or --cookies for the authentication. See  https://github.com/yt-dlp/yt-dlp/wiki/FAQ#how-do-i-pass-cookies-to-yt-dlp  for how to manually pass cookies. Also see  https://github.com/yt-dlp/yt-dlp/wiki/Extractors#exporting-youtube-cookies  for tips on effectively exporting YouTube cookies
[198/204] GET RfrP3ufSo7M -> 2011-12-08_風速5.4ms_風向S185度_470 Men Gold Fleet - Race 6 - 8 December 2011.mp4
[198/204] FAIL RfrP3ufSo7M: ERROR: [youtube] RfrP3ufSo7M: Sign in to confirm you’re not a bot. Use --cookies-from-browser or --cookies for the authentication. See  https://github.com/yt-dlp/yt-dlp/wiki/FAQ#how-do-i-pass-cookies-to-yt-dlp  for how to manually pass cookies. Also see  https://github.com/yt-dlp/yt-dlp/wiki/Extractors#exporting-youtube-cookies  for tips on effectively exporting YouTube cookies
[199/204] GET NmTZChH2rAc -> 2011-12-05_風速3.1ms_風向SSW205度_470 Men - Race Day 1 - 5 December 2011.mp4
[199/204] FAIL NmTZChH2rAc: ERROR: [youtube] NmTZChH2rAc: Sign in to confirm you’re not a bot. Use --cookies-from-browser or --cookies for the authentication. See  https://github.com/yt-dlp/yt-dlp/wiki/FAQ#how-do-i-pass-cookies-to-yt-dlp  for how to manually pass cookies. Also see  https://github.com/yt-dlp/yt-dlp/wiki/Extractors#exporting-youtube-cookies  for tips on effectively exporting YouTube cookies
[200/204] GET 5BaNzomVov8 -> 2011-07-28_風速4.9ms_風向NNE34度_Medal races Deltas Lloyd 470 Junior Worlds 2011.mp4
[200/204] FAIL 5BaNzomVov8: ERROR: [youtube] 5BaNzomVov8: Sign in to confirm you’re not a bot. Use --cookies-from-browser or --cookies for the authentication. See  https://github.com/yt-dlp/yt-dlp/wiki/FAQ#how-do-i-pass-cookies-to-yt-dlp  for how to manually pass cookies. Also see  https://github.com/yt-dlp/yt-dlp/wiki/Extractors#exporting-youtube-cookies  for tips on effectively exporting YouTube cookies
[201/204] GET 9QLt08TtCfM -> 2011-07-27_風速2.3ms_風向ENE78度_Day 7 Delta Lloyd 470 Junior Worlds.mp4
[201/204] FAIL 9QLt08TtCfM: ERROR: [youtube] 9QLt08TtCfM: Sign in to confirm you’re not a bot. Use --cookies-from-browser or --cookies for the authentication. See  https://github.com/yt-dlp/yt-dlp/wiki/FAQ#how-do-i-pass-cookies-to-yt-dlp  for how to manually pass cookies. Also see  https://github.com/yt-dlp/yt-dlp/wiki/Extractors#exporting-youtube-cookies  for tips on effectively exporting YouTube cookies
[202/204] GET AR94WdFoyWc -> 2009-08-29_風速7.1ms_風向SW235度_20090829.mp4
[202/204] FAIL AR94WdFoyWc: ERROR: [youtube] AR94WdFoyWc: Sign in to confirm you’re not a bot. Use --cookies-from-browser or --cookies for the authentication. See  https://github.com/yt-dlp/yt-dlp/wiki/FAQ#how-do-i-pass-cookies-to-yt-dlp  for how to manually pass cookies. Also see  https://github.com/yt-dlp/yt-dlp/wiki/Extractors#exporting-youtube-cookies  for tips on effectively exporting YouTube cookies
[203/204] SKIP exists: 2009-08-21_風速3.6ms_風向W264度_2009 470 World Championships - Finals Day 2.mp4
[204/204] SKIP exists: 2007-08-01_風速1.9ms_風向WSW245度_2007 European Championships - Race 2.mp4

DONE: 47 downloaded, 119 skipped, 38 failed, of 204
FAILED IDS: Pm_KL4p_O6c,CiHLDklSLd0,DKKjYF3XyRw,zC3JWg6dx30,BYcSNS-5380,QVHFrUdyWyk,MgzXvkzW80s,huqV7TWUpoQ,mchbGe3hOXI,W36QDGl-Gsw,_b0QFxN8E4g,1-mH9XEOL8c,b-jb0tWm5Iw,c9xe9doRmMo,N9N-4tBjeoA,joJLddgWi3o,ERkQxzKRsWU,PHTboFLZc5o,wAYgV_tD8-Q,ZC-zKqhEIF8,OuHjsYMaVpg,j1ldHj-shOE,6frXeiRP4dE,WmiRo_5ZORo,jHJKRcvzvOA,YvIKHFI3O8g,dwxg4Kr4tQw,EUnYyqDOpCM,L8RGB-0awVM,imLOjRHe62E,2e3_sFRt-6Q,-5YzI-4m0gc,SwKFMCVHrNw,RfrP3ufSo7M,NmTZChH2rAc,5BaNzomVov8,9QLt08TtCfM,AR94WdFoyWc
[1/204] SKIP exists: 2026-08-16_風速3.2ms_風向NE47度_Day 5 2026 470 World Championship, Enoshima JPN.mp4
[2/204] SKIP exists: 2026-08-16_風速3.2ms_風向NE47度_Gold Fleet Race 5 470 World Championship.mp4
[3/204] SKIP exists: 2026-08-16_風速3.2ms_風向NE47度_Gold Fleet Race 4 470 World Championship.mp4
[4/204] SKIP exists: 2026-08-15_風速2.8ms_風向E99度_Day 4 2026 470 World Championship, Enoshima JPN.mp4
[5/204] SKIP exists: 2026-08-15_風速2.8ms_風向E99度_Gold Fleet Race 2 470 World Championship – Afternoon Racing.mp4
[6/204] SKIP exists: 2026-08-15_風速2.8ms_風向E99度_Gold Fleet Race 1 470 World Championship – Full Video Coverage.mp4
[7/204] SKIP exists: 2026-08-14_風速1.4ms_風向N5度_Day 3 2026 470 World Championship, Enoshima JPN.mp4
[8/204] SKIP exists: 2026-08-13_風速4.0ms_風向NE45度_Day 2 2026 470 World Championship, Enoshima JPN.mp4
[9/204] SKIP exists: 2026-08-12_風速2.5ms_風向SE143度_Day 1 2026 470 World Championship, Enoshima JPN.mp4
[10/204] SKIP exists: 2026-08-11_風速4.4ms_風向SW230度_Day 0 2026 470 World Championship, Enoshima JPN.mp4
[11/204] SKIP exists: 2026-07-26_風速4.0ms_風向SW217度_Day 5 2026 420 & 470 Junior European Championship, Nida LTU.mp4
[12/204] SKIP exists: 2026-07-25_風速5.5ms_風向WSW241度_Day 4 2026 420 & 470 Junior European Championship, Nida LTU.mp4
[13/204] SKIP exists: 2026-07-24_風速5.2ms_風向NNW336度_Day 3 2026 420 & 470 Junior European Championship, Nida LTU.mp4
[14/204] SKIP exists: 2026-07-23_風速2.9ms_風向WSW238度_Day 2 2026 420 & 470 Junior European Championship, Nida LTU.mp4
[15/204] SKIP exists: 2026-07-22_風速5.9ms_風向W278度_Day 1 2026 420 & 470 Junior European Championship, Nida LTU.mp4
[16/204] SKIP exists: 2024-07-28_風速2.8ms_風向SW234度_Day 6 2024 420 470 Junior European Championship.mp4
[17/204] SKIP exists: 2024-07-28_風速2.8ms_風向SW234度_Day 6 2024 470 Junior European Championship, Thessaloniki GRE.mp4
[18/204] SKIP exists: 2024-07-27_風速2.1ms_風向NW314度_Day 5 2024 420 470 Junior European Championship.mp4
[19/204] SKIP exists: 2024-07-27_風速2.1ms_風向NW314度_Day 5 2024 470 Junior European Championship, Thessaloniki GRE.mp4
[20/204] SKIP exists: 2024-07-26_風速4.7ms_風向NNW335度_Day 4 2024 420 470 Junior European Championship.mp4
[21/204] SKIP exists: 2024-07-26_風速4.7ms_風向NNW335度_Day 4 2024 470 Junior European Championship, Thessaloniki GRE.mp4
[22/204] SKIP exists: 2024-07-25_風速2.3ms_風向NE43度_Day 3 2024 420 470 Junior European Championship.mp4
[23/204] SKIP exists: 2024-07-25_風速2.3ms_風向NE43度_Day 3 2024 470 Junior European Championship, Thessaloniki GRE.mp4
[24/204] SKIP exists: 2024-07-25_風速2.3ms_風向NE43度_Day 2 2024 420 470 Junior European Championship.mp4
[25/204] SKIP exists: 2024-07-23_風速1.4ms_風向S169度_Day 1 2024 420 470 Junior European Championship.mp4
[26/204] SKIP exists: 2024-05-12_風速2.1ms_風向SE126度_2024 470 European Championship Day 6 Highlights.mp4
[27/204] GET Pm_KL4p_O6c -> 2024-05-11_風速1.9ms_風向SE133度_2024 470 European Championship Day 5 Highlights.mp4
[27/204] FAIL Pm_KL4p_O6c: ERROR: [youtube] Pm_KL4p_O6c: Sign in to confirm you’re not a bot. Use --cookies-from-browser or --cookies for the authentication. See  https://github.com/yt-dlp/yt-dlp/wiki/FAQ#how-do-i-pass-cookies-to-yt-dlp  for how to manually pass cookies. Also see  https://github.com/yt-dlp/yt-dlp/wiki/Extractors#exporting-youtube-cookies  for tips on effectively exporting YouTube cookies
[28/204] SKIP exists: 2024-05-10_風速1.8ms_風向SSE161度_2024 470 European Championship Day 4 Highlights.mp4
[29/204] SKIP exists: 2024-05-09_風速1.9ms_風向S174度_2024 470 European Championship Day 3 Highlights.mp4
[30/204] SKIP exists: 2024-05-08_風速2.3ms_風向S183度_2024 470 European Championship Day 2 Highlights.mp4
[31/204] SKIP exists: 2024-05-07_風速1.2ms_風向NE48度_2024 470 European Championship Day 1 Highlights.mp4
[32/204] SKIP exists: 2024-03-03_風速8.5ms_風向WNW291度_2024 470 Worlds Championship Day 6 Highlights.mp4
[33/204] SKIP exists: 2024-03-02_風速8.2ms_風向SW228度_2024 470 Worlds Championship Day 5 Highlights.mp4
[34/204] SKIP exists: 2024-03-01_風速6.4ms_風向WNW302度_2024 470 Worlds Championship Day 4 Highlights.mp4
[35/204] SKIP exists: 2024-02-29_風速2.2ms_風向NNW337度_2024 470 Worlds Championship Day 3 Highlights.mp4
[36/204] SKIP exists: 2024-02-28_風速4.2ms_風向NNW348度_2024 470 Worlds Championship Day 2 Highlights.mp4
[37/204] SKIP exists: 2024-02-27_風速4.2ms_風向NNW330度_2024 470 World Championship Day 1 Highlights.mp4
[38/204] SKIP exists: 2023-08-15_風速4.6ms_風向W262度_Highlights from 470 Class on Day 4 of the Allianz Sailing World Championships at The Hague.mp4
[39/204] SKIP exists: 2023-08-14_風速4.9ms_風向S186度_Highlights from 470 Class on Day 3 of the Allianz Sailing World Championships at The Hague.mp4
[40/204] SKIP exists: 2023-08-12_風速6.2ms_風向WSW244度_Highlights from 470 Class on Day 2 of the Allianz Sailing World Championships at The Hague.mp4
[41/204] SKIP exists: 2023-08-11_風速5.3ms_風向WSW237度_Highlights from 470 Class on Day 1 of the Allianz Sailing World Championships at The Hague.mp4
[42/204] SKIP exists: 2022-10-29_風速4.0ms_風向N360度_2022 470 World Championship Day 6.mp4
[43/204] SKIP exists: 2022-10-29_風速4.0ms_風向N360度_2022 470 World Championship Day 5.mp4
[44/204] SKIP exists: 2022-10-27_風速3.3ms_風向NW310度_2022 470 World Championship Day 4.mp4
[45/204] SKIP exists: 2022-10-26_風速2.0ms_風向ESE102度_2022 470 World Championship Day 3.mp4
[46/204] SKIP exists: 2022-10-26_風速2.0ms_風向ESE102度_2022 470 World Championship Day 2.mp4
[47/204] SKIP exists: 2022-10-26_風速2.0ms_風向ESE102度_2022 470 World Championship Day 1.mp4
[48/204] SKIP exists: 2022-09-15_風速1.8ms_風向WNW300度_Highlights 2022 470 European Championship, Çeşme TUR.mp4
[49/204] SKIP exists: 2022-09-15_風速1.8ms_風向WNW300度_2022 470 European Championship Day 2.mp4
[50/204] SKIP exists: 2022-09-15_風速1.8ms_風向WNW300度_2022 470 European Championship Day 1.mp4
[51/204] SKIP exists: 2022-08-18_風速3.0ms_風向SW231度_2022 470 Junior Worlds Medal race.mp4
[52/204] SKIP exists: 2022-08-18_風速3.0ms_風向SW231度_2022 470 Junior Worlds Race 8 and more.mp4
[53/204] SKIP exists: 2022-08-18_風速3.0ms_風向SW231度_2022 470 Junior Worlds Race 6 drone footage.mp4
[54/204] SKIP exists: 2022-08-18_風速3.0ms_風向SW231度_2022 470 Junior Worlds Raw drone footage.mp4
[55/204] SKIP exists: 2022-08-03_風速1.5ms_風向ENE57度_Race 11 2022 470 Masters Cup Tihany, HUN.mp4
[56/204] SKIP exists: 2022-08-03_風速1.5ms_風向ENE57度_Race 10 2022 470 Masters Cup Tihany, HUN.mp4
[57/204] SKIP exists: 2022-08-03_風速1.5ms_風向ENE57度_Race 9 2022 470 Masters Cup Tihany, HUN.mp4
[58/204] SKIP exists: 2022-08-03_風速1.5ms_風向ENE57度_Race 8 2022 470 Masters Cup Tihany, HUN.mp4
[59/204] SKIP exists: 2022-08-03_風速1.5ms_風向ENE57度_Race 7 2022 470 Masters Cup Tihany, HUN.mp4
[60/204] SKIP exists: 2022-08-03_風速1.5ms_風向ENE57度_Race 3 2022 470 Masters Cup Tihany, HUN.mp4
[61/204] SKIP exists: 2022-08-03_風速1.5ms_風向ENE57度_Race 2 2022 470 Masters Cup Tihany, HUN.mp4
[62/204] SKIP exists: 2022-08-03_風速1.5ms_風向ENE57度_Race 1 2022 470 Masters Cup Tihany, HUN.mp4
[63/204] SKIP exists: 2022-07-25_風速3.7ms_風向NW321度_Race day 5 highlights - 2022 420 & 470 Junior Europeans.mp4
[64/204] SKIP exists: 2022-07-25_風速3.7ms_風向NW321度_Race day 4 highlights - 2022 420 & 470 Junior Europeans.mp4
[65/204] SKIP exists: 2022-07-23_風速3.2ms_風向SSW210度_Race day 3 highlights - 2022 420 & 470 Junior Europeans.mp4
[66/204] SKIP exists: 2022-07-22_風速3.8ms_風向SW221度_Race day 2 highlights - 2022 420 & 470 Junior Europeans.mp4
[67/204] SKIP exists: 2022-07-21_風速3.5ms_風向SSW210度_Race day 1 highlights - 2022 420 & 470 Junior Europeans.mp4
[68/204] GET CiHLDklSLd0 -> 2021-05-07_風速3.4ms_風向SW215度_7 May - 2021 470 European Championship, Vilamoura, POR.mp4
[68/204] FAIL CiHLDklSLd0: ERROR: [youtube] CiHLDklSLd0: Sign in to confirm you’re not a bot. Use --cookies-from-browser or --cookies for the authentication. See  https://github.com/yt-dlp/yt-dlp/wiki/FAQ#how-do-i-pass-cookies-to-yt-dlp  for how to manually pass cookies. Also see  https://github.com/yt-dlp/yt-dlp/wiki/Extractors#exporting-youtube-cookies  for tips on effectively exporting YouTube cookies
[69/204] SKIP exists: 2021-05-06_風速2.9ms_風向W263度_6 May - 2021 470 European Championship, Vilamoura, POR.mp4
[70/204] SKIP exists: 2021-05-05_風速3.9ms_風向SW217度_5 May - 2021 470 European Championship, Vilamoura, POR.mp4
[71/204] SKIP exists: 2021-05-04_風速4.0ms_風向SW229度_4 May - 2021 470 European Championship, Vilamoura, POR.mp4
[72/204] SKIP exists: 2021-05-03_風速3.1ms_風向SSE162度_3 May - 2021 470 European Championship, Vilamoura, POR.mp4
[73/204] SKIP exists: 2021-05-02_風速2.8ms_風向NW316度_2 May - 2021 470 European Championship, Vilamoura, POR.mp4
[74/204] SKIP exists: 2021-05-01_風速4.6ms_風向WSW258度_1 May - 2021 470 European Championship, Vilamoura, POR.mp4
[75/204] SKIP exists: 2021-04-30_風速3.9ms_風向WNW303度_30 April - 2021 470 European Championship, Vilamoura, POR.mp4
[76/204] SKIP exists: 2021-03-13_風速4.1ms_風向N352度_13 March - 2021 470 World Championship, Vilamoura, Portugal.mp4
[77/204] SKIP exists: 2021-03-12_風速5.0ms_風向NNW332度_12 March - 2021 470 World Championship, Vilamoura, Portugal.mp4
[78/204] SKIP exists: 2021-03-11_風速2.1ms_風向SW229度_11 March - 2021 470 World Championship, Vilamoura, Portugal.mp4
[79/204] SKIP exists: 2021-03-10_風速2.8ms_風向SW216度_10 March - 2021 470 World Championship, Vilamoura, Portugal.mp4
[80/204] SKIP exists: 2021-03-09_風速4.0ms_風向N354度_9 March - 2021 470 World Championship, Vilamoura, Portugal.mp4
[81/204] SKIP exists: 2021-03-08_風速4.9ms_風向NW317度_8 March - 2021 470 World Championship, Vilamoura, Portugal.mp4
[82/204] SKIP exists: 2021-03-07_風速3.2ms_風向W272度_7 March - 2021 470 World Championship, Vilamoura, Portugal.mp4
[83/204] SKIP exists: 2021-03-06_風速4.2ms_風向ESE107度_6 March - 2021 470 World Championship, Vilamoura, Portugal.mp4
[84/204] SKIP exists: 2021-03-05_風速3.4ms_風向SE138度_5 March - 2021 470 World Championship, Vilamoura, Portugal.mp4
[85/204] SKIP exists: 2003-04-26_風速2.5ms_風向SSW212度_2003 Sprint Cup.mp4
[86/204] SKIP exists: 2019-08-09_風速5.9ms_風向S186度_Race Day 6 - 9 August - 2019 470 World Championship, Enoshima, Japan.mp4
[87/204] SKIP exists: 2019-08-08_風速7.8ms_風向SSW192度_Race Day 5 - 8 August - 2019 470 World Championship, Enoshima, Japan.mp4
[88/204] SKIP exists: 2019-08-07_風速6.7ms_風向S187度_Race Day 4 7 August I 2019 470 World Championships, Enoshima, Japan.mp4
[89/204] SKIP exists: 2019-08-06_風速6.5ms_風向S188度_Race Day 3 6 August I 2019 470 World Championships, Enoshima, Japan.mp4
[90/204] SKIP exists: 2019-08-05_風速3.3ms_風向SSW204度_Race Day 2 - 5 August - 2019 470 World Championships, Enoshima, Japan.mp4
[91/204] SKIP exists: 2019-08-04_風速3.7ms_風向S189度_Race Day 1 - 4 August - 2019 470 World Championship, Enoshima, Japan.mp4
[92/204] SKIP exists: 2019-08-03_風速4.8ms_風向SSW194度_3 August - 2019 470 World Championships, Enoshima, Japan.mp4
[93/204] SKIP exists: 2019-08-02_風速3.9ms_風向S189度_2 August - 2019 470 World Championship, Enoshima, Japan.mp4
[94/204] SKIP exists: 2019-05-10_風速2.2ms_風向SE142度_MedalRaceW.mp4
[95/204] SKIP exists: 2019-05-10_風速2.2ms_風向SE142度_MedalRaceM.mp4
[96/204] SKIP exists: 2019-05-10_風速2.2ms_風向SE142度_Day 5 Highlights 2019 470 European Championship.mp4
[97/204] SKIP exists: 2019-05-09_風速2.4ms_風向ESE105度_Day 4 Highlights 2019 470 European Championship.mp4
[98/204] SKIP exists: 2019-05-08_風速3.0ms_風向SSW198度_Day 3 Highlights 2019 470 European Championship.mp4
[99/204] SKIP exists: 2019-05-06_風速4.2ms_風向SSW205度_Day 1 Highlights 2019 470 European Championship.mp4
[100/204] SKIP exists: 2018-08-25_風速5.4ms_風向SSW200度_2018 470 Junior World Championship - Day 5.mp4
[101/204] SKIP exists: 2018-08-22_風速2.1ms_風向S189度_2018 470 Junior World Championship - Day 2.mp4
[102/204] SKIP exists: 2018-08-21_風速1.3ms_風向ESE123度_2018 470 Junior World Championship - Day 1.mp4
[103/204] SKIP exists: 2018-08-26_風速3.0ms_風向W279度_2018 470 Junior World Championship - Day 6.mp4
[104/204] SKIP exists: 2018-05-24_風速4.7ms_風向ENE71度_2018 470 European Championship - Day 6.mp4
[105/204] SKIP exists: 2018-05-23_風速4.4ms_風向ENE76度_2018 470 European Championship - Day 5.mp4
[106/204] SKIP exists: 2018-05-22_風速5.5ms_風向ENE70度_2018 470 European Championship - Day 4.mp4
[107/204] SKIP exists: 2018-05-21_風速5.4ms_風向ENE64度_2018 470 European Championship - Day 3.mp4
[108/204] SKIP exists: 2018-05-20_風速2.9ms_風向ENE60度_470 Open European Championship 2018 Day 2.mp4
[109/204] SKIP exists: 2018-05-20_風速2.9ms_風向ENE60度_2018 470 European Championship - Day 1.mp4
[110/204] SKIP exists: 2017-09-02_風速8.2ms_風向NNE24度_2017 470 Junior Worlds - Day 6 (Final Day).mp4
[111/204] SKIP exists: 2017-09-01_風速8.9ms_風向NE49度_2017 470 Junior Worlds - Day 5.mp4
[112/204] SKIP exists: 2017-08-31_風速9.8ms_風向NNE23度_2017 470 Junior Worlds - Day 4.mp4
[113/204] SKIP exists: 2017-08-30_風速4.5ms_風向S189度_2017 470 Junior Worlds - Day 3.mp4
[114/204] SKIP exists: 2017-08-29_風速8.7ms_風向SSW193度_2017 470 Junior Worlds - Day 2.mp4
[115/204] SKIP exists: 2017-08-28_風速2.5ms_風向S172度_2017 470 Junior Worlds - Day 1.mp4
[116/204] SKIP exists: 2017-08-27_風速4.2ms_風向ENE67度_2017 470 Junior Worlds - Day 0.mp4
[117/204] SKIP exists: 2017-07-15_風速2.6ms_風向SW220度_2017 470 World Championships 2017 - Day 6.mp4
[118/204] SKIP exists: 2017-07-14_風速2.9ms_風向WSW247度_2017 470 World Championships 2017 - Day 5.mp4
[119/204] SKIP exists: 2017-07-13_風速2.4ms_風向SW232度_2017 470 World Championships 2017 - Day 4.mp4
[120/204] SKIP exists: 2017-07-12_風速1.9ms_風向SW229度_2017 470 World Championships 2017 - Day 3.mp4
[121/204] GET DKKjYF3XyRw -> 2017-07-11_風速3.3ms_風向SSW203度_2017 470 World Championships 2017 - Day 2.mp4
[121/204] FAIL DKKjYF3XyRw: ERROR: [youtube] DKKjYF3XyRw: Sign in to confirm you’re not a bot. Use --cookies-from-browser or --cookies for the authentication. See  https://github.com/yt-dlp/yt-dlp/wiki/FAQ#how-do-i-pass-cookies-to-yt-dlp  for how to manually pass cookies. Also see  https://github.com/yt-dlp/yt-dlp/wiki/Extractors#exporting-youtube-cookies  for tips on effectively exporting YouTube cookies
[122/204] SKIP exists: 2017-07-10_風速3.2ms_風向S191度_2017 470 World Championships - Day 1.mp4
[123/204] SKIP exists: 2017-05-14_風速2.6ms_風向SE137度_2017 470 European Championship - Day 6.mp4
[124/204] SKIP exists: 2017-05-14_風速2.6ms_風向SE137度_2017 470 European Championship - Day 5.mp4
[125/204] SKIP exists: 2017-05-11_風速7.4ms_風向E88度_2017 470 European Championship Day 4.mp4
[126/204] SKIP exists: 2017-05-11_風速7.4ms_風向E88度_2017 470 European Championship - Day 3.mp4
[127/204] SKIP exists: 2017-05-10_風速3.2ms_風向SE124度_2017 470 European Championship - Day 2.mp4
[128/204] SKIP exists: 2017-05-09_風速2.1ms_風向SSE165度_2017 470 European Championship - Day 1.mp4
[129/204] SKIP exists: 2016-04-13_風速6.6ms_風向W277度_2016 470 European Championship - Day 6.mp4
[130/204] SKIP exists: 2016-04-11_風速3.9ms_風向WSW239度_2016 470 European Championship - Day 5.mp4
[131/204] GET zC3JWg6dx30 -> 2016-04-10_風速5.7ms_風向S179度_2016 470 European Championship - Day 4.mp4
[131/204] FAIL zC3JWg6dx30: ERROR: [youtube] zC3JWg6dx30: Sign in to confirm you’re not a bot. Use --cookies-from-browser or --cookies for the authentication. See  https://github.com/yt-dlp/yt-dlp/wiki/FAQ#how-do-i-pass-cookies-to-yt-dlp  for how to manually pass cookies. Also see  https://github.com/yt-dlp/yt-dlp/wiki/Extractors#exporting-youtube-cookies  for tips on effectively exporting YouTube cookies
[132/204] SKIP exists: 2016-04-09_風速5.6ms_風向WNW290度_2016 470 European Championship - Day 3.mp4
[133/204] SKIP exists: 2016-04-09_風速5.6ms_風向WNW290度_2016 470 European Championship - Day 2.mp4
[134/204] SKIP exists: 2016-04-08_風速4.5ms_風向N10度_2016 470 European Championship - Opening Day.mp4
[135/204] SKIP exists: 2016-02-25_風速3.1ms_風向SE125度_470 World ARGENTINA2016_Day3.mp4
[136/204] SKIP exists: 2015-10-18_風速2.2ms_風向NNW333度_2015 470 World Championships Haifa, Israel - Day 6.mp4
[137/204] SKIP exists: 2015-10-17_風速3.0ms_風向NNW330度_2015 470 World Championships Haifa, Israel - Day 5.mp4
[138/204] SKIP exists: 2015-10-16_風速3.8ms_風向NNW334度_2015 470 World Championships Haifa, Israel - Day 4.mp4
[139/204] SKIP exists: 2015-10-15_風速4.1ms_風向NNW331度_2015 470 World Championships Haifa, Israel - Day 3.mp4
[140/204] SKIP exists: 2015-10-14_風速3.7ms_風向NW319度_2015 470 World Championships Haifa, Israel - Day 2.mp4
[141/204] SKIP exists: 2015-10-12_風速4.6ms_風向N353度_2015 470 World Championships Haifa, Israel - Day 1.mp4
[142/204] SKIP exists: 2015-10-10_風速2.3ms_風向NNW329度_2015 470 Worlds - Day 1, 10 October 2015.mp4
[143/204] SKIP exists: 2015-08-16_風速3.7ms_風向SE132度_2015 420 & 470 Junior European Championships - Day 6.mp4
[144/204] GET BYcSNS-5380 -> 2015-08-14_風速2.0ms_風向ENE64度_2015 420 & 470 Junior European Championships - Day 5.mp4
[144/204] FAIL BYcSNS-5380: ERROR: [youtube] BYcSNS-5380: Sign in to confirm you’re not a bot. Use --cookies-from-browser or --cookies for the authentication. See  https://github.com/yt-dlp/yt-dlp/wiki/FAQ#how-do-i-pass-cookies-to-yt-dlp  for how to manually pass cookies. Also see  https://github.com/yt-dlp/yt-dlp/wiki/Extractors#exporting-youtube-cookies  for tips on effectively exporting YouTube cookies
[145/204] SKIP exists: 2015-08-13_風速2.5ms_風向NE43度_2015 420 & 470 Junior European Championships - Day 4.mp4
[146/204] SKIP exists: 2015-08-13_風速2.5ms_風向NE43度_2015 420 & 470 Junior European Championships - Day 3.mp4
[147/204] SKIP exists: 2015-08-12_風速1.6ms_風向NNE33度_2015 420 & 470 Junior European Championships - Day 2.mp4
[148/204] GET QVHFrUdyWyk -> 2015-08-11_風速2.8ms_風向ENE57度_2015 420 & 470 Junior European Championships - Day 1.mp4
[148/204] FAIL QVHFrUdyWyk: ERROR: [youtube] QVHFrUdyWyk: Sign in to confirm you’re not a bot. Use --cookies-from-browser or --cookies for the authentication. See  https://github.com/yt-dlp/yt-dlp/wiki/FAQ#how-do-i-pass-cookies-to-yt-dlp  for how to manually pass cookies. Also see  https://github.com/yt-dlp/yt-dlp/wiki/Extractors#exporting-youtube-cookies  for tips on effectively exporting YouTube cookies
[149/204] SKIP exists: 2015-08-01_風速4.0ms_風向S187度_2015 470 Junior World Championships - Day 6.mp4
[150/204] SKIP exists: 2015-07-31_風速1.5ms_風向NNW337度_2015 470 Junior World Championships - Day 5.mp4
[151/204] GET MgzXvkzW80s -> 2015-07-30_風速3.3ms_風向S190度_2015 470 Junior World Championships - Day 4.mp4
[151/204] FAIL MgzXvkzW80s: ERROR: [youtube] MgzXvkzW80s: Sign in to confirm you’re not a bot. Use --cookies-from-browser or --cookies for the authentication. See  https://github.com/yt-dlp/yt-dlp/wiki/FAQ#how-do-i-pass-cookies-to-yt-dlp  for how to manually pass cookies. Also see  https://github.com/yt-dlp/yt-dlp/wiki/Extractors#exporting-youtube-cookies  for tips on effectively exporting YouTube cookies
[152/204] SKIP exists: 2015-07-28_風速2.3ms_風向SW219度_2015 470 Junior World Championships - Day 3.mp4
[153/204] SKIP exists: 2015-07-28_風速2.3ms_風向SW219度_2015 470 Junior World Championships - Day 2.mp4
[154/204] SKIP exists: 2015-07-27_風速2.4ms_風向SW215度_2015 470 Junior World Championships - Day 1.mp4
[155/204] SKIP exists: 2015-07-02_風速6.6ms_風向SE130度_Race Day 4 - 470 Open European Championships.mp4
[156/204] SKIP exists: 2015-07-01_風速2.7ms_風向SE135度_Race Day 3 - 470 Open European Championships - part 2.mp4
[157/204] SKIP exists: 2015-06-29_風速4.5ms_風向WSW254度_29 Jun 2015.mp4
[158/204] GET huqV7TWUpoQ -> 2015-06-27_風速2.5ms_風向SE139度_470 Europeans, Aarhus, Denmark; 27th June 2015..mp4
[158/204] FAIL huqV7TWUpoQ: ERROR: [youtube] huqV7TWUpoQ: Sign in to confirm you’re not a bot. Use --cookies-from-browser or --cookies for the authentication. See  https://github.com/yt-dlp/yt-dlp/wiki/FAQ#how-do-i-pass-cookies-to-yt-dlp  for how to manually pass cookies. Also see  https://github.com/yt-dlp/yt-dlp/wiki/Extractors#exporting-youtube-cookies  for tips on effectively exporting YouTube cookies
[159/204] GET mchbGe3hOXI -> 2014-07-16_風速2.2ms_風向N352度_2014 470 European Championships - Medal Race.mp4
[159/204] FAIL mchbGe3hOXI: ERROR: [youtube] mchbGe3hOXI: Sign in to confirm you’re not a bot. Use --cookies-from-browser or --cookies for the authentication. See  https://github.com/yt-dlp/yt-dlp/wiki/FAQ#how-do-i-pass-cookies-to-yt-dlp  for how to manually pass cookies. Also see  https://github.com/yt-dlp/yt-dlp/wiki/Extractors#exporting-youtube-cookies  for tips on effectively exporting YouTube cookies
[160/204] SKIP exists: 2014-07-16_風速2.2ms_風向N352度_2014 470 European Championships, Athens Greece - Day 5.mp4
[161/204] GET W36QDGl-Gsw -> 2014-07-14_風速1.4ms_風向W277度_2014 470 European Championships, Athens Greece - Day 4.mp4
[161/204] FAIL W36QDGl-Gsw: ERROR: [youtube] W36QDGl-Gsw: Sign in to confirm you’re not a bot. Use --cookies-from-browser or --cookies for the authentication. See  https://github.com/yt-dlp/yt-dlp/wiki/FAQ#how-do-i-pass-cookies-to-yt-dlp  for how to manually pass cookies. Also see  https://github.com/yt-dlp/yt-dlp/wiki/Extractors#exporting-youtube-cookies  for tips on effectively exporting YouTube cookies
[162/204] SKIP exists: 2014-07-13_風速2.6ms_風向SSW203度_2014 470 European Championships, Athens Greece - Day 3.mp4
[163/204] GET _b0QFxN8E4g -> 2014-07-12_風速4.2ms_風向W265度_2014 470 European Championships, Athens Greece - Day 2.mp4
[163/204] FAIL _b0QFxN8E4g: ERROR: [youtube] _b0QFxN8E4g: Sign in to confirm you’re not a bot. Use --cookies-from-browser or --cookies for the authentication. See  https://github.com/yt-dlp/yt-dlp/wiki/FAQ#how-do-i-pass-cookies-to-yt-dlp  for how to manually pass cookies. Also see  https://github.com/yt-dlp/yt-dlp/wiki/Extractors#exporting-youtube-cookies  for tips on effectively exporting YouTube cookies
[164/204] SKIP exists: 2014-07-11_風速3.9ms_風向WSW243度_2014 470 European Championships, Athens Greece - Day 1.mp4
[165/204] SKIP exists: 2014-07-09_風速3.6ms_風向WSW243度_2014 470 European Championships, Athens Greece - Day 0.mp4
[166/204] GET 1-mH9XEOL8c -> 2014-07-02_風速1.3ms_風向E79度_2014 470 Junior World Championship - Day 5.mp4
[166/204] FAIL 1-mH9XEOL8c: ERROR: [youtube] 1-mH9XEOL8c: Sign in to confirm you’re not a bot. Use --cookies-from-browser or --cookies for the authentication. See  https://github.com/yt-dlp/yt-dlp/wiki/FAQ#how-do-i-pass-cookies-to-yt-dlp  for how to manually pass cookies. Also see  https://github.com/yt-dlp/yt-dlp/wiki/Extractors#exporting-youtube-cookies  for tips on effectively exporting YouTube cookies
[167/204] SKIP exists: 2014-07-02_風速1.3ms_風向E79度_2014 470 Junior World Championship - Day 3 and 4.mp4
[168/204] SKIP exists: 2014-06-30_風速3.5ms_風向NNW346度_2014 470 Junior World Championship - Day 1 and 2.mp4
[169/204] SKIP exists: 2013-08-22_風速3.6ms_風向SSW204度_2013 420 and 470 Junior European Championships - Day 7.mp4
[170/204] SKIP exists: 2013-08-21_風速8.0ms_風向SW216度_2013 420 and 470 Junior European Championships - Day 6.mp4
[171/204] SKIP exists: 2013-08-20_風速5.9ms_風向SW217度_2013 420 and 470 Junior European Championships - Day 5.mp4
[172/204] SKIP exists: 2013-08-10_風速2.6ms_風向NNW333度_2013 470 World Championships, La Rochelle FRA - Day 6.mp4
[173/204] SKIP exists: 2013-08-09_風速6.4ms_風向WSW249度_2013 470 World Championships, La Rochelle FRA - Day 5.mp4
[174/204] GET b-jb0tWm5Iw -> 2013-08-08_風速2.4ms_風向NW316度_2013 470 World Championships, La Rochelle FRA - Day 4.mp4
[174/204] FAIL b-jb0tWm5Iw: ERROR: [youtube] b-jb0tWm5Iw: Sign in to confirm you’re not a bot. Use --cookies-from-browser or --cookies for the authentication. See  https://github.com/yt-dlp/yt-dlp/wiki/FAQ#how-do-i-pass-cookies-to-yt-dlp  for how to manually pass cookies. Also see  https://github.com/yt-dlp/yt-dlp/wiki/Extractors#exporting-youtube-cookies  for tips on effectively exporting YouTube cookies
[175/204] SKIP exists: 2013-08-07_風速3.8ms_風向W271度_2013 470 World Championships, La Rochelle FRA - Day 3.mp4
[176/204] SKIP exists: 2013-08-06_風速1.3ms_風向NNE21度_2013 470 World Championships, La Rochelle FRA - Day 2.mp4
[177/204] SKIP exists: 2013-08-06_風速1.3ms_風向NNE21度_2013 470 World Championships, La Rochelle FRA - Day 1.mp4
[178/204] GET c9xe9doRmMo -> 2013-06-11_風速2.6ms_風向W277度_EURO 470 MEDAL RACE MEN LIVE.mp4
[178/204] FAIL c9xe9doRmMo: ERROR: [youtube] c9xe9doRmMo: Sign in to confirm you’re not a bot. Use --cookies-from-browser or --cookies for the authentication. See  https://github.com/yt-dlp/yt-dlp/wiki/FAQ#how-do-i-pass-cookies-to-yt-dlp  for how to manually pass cookies. Also see  https://github.com/yt-dlp/yt-dlp/wiki/Extractors#exporting-youtube-cookies  for tips on effectively exporting YouTube cookies
[179/204] GET N9N-4tBjeoA -> 2013-06-11_風速2.6ms_風向W277度_EURO 470 MEDAL RACE WOMEN.mp4
[179/204] FAIL N9N-4tBjeoA: ERROR: [youtube] N9N-4tBjeoA: Sign in to confirm you’re not a bot. Use --cookies-from-browser or --cookies for the authentication. See  https://github.com/yt-dlp/yt-dlp/wiki/FAQ#how-do-i-pass-cookies-to-yt-dlp  for how to manually pass cookies. Also see  https://github.com/yt-dlp/yt-dlp/wiki/Extractors#exporting-youtube-cookies  for tips on effectively exporting YouTube cookies
[180/204] GET joJLddgWi3o -> 2013-06-16_風速1.7ms_風向SW223度_470 EUROPEAN CHAMPIONSHIPS HIGHLIGHTS DAY 6 MEDAL RACE SAILY.mp4
[180/204] FAIL joJLddgWi3o: ERROR: [youtube] joJLddgWi3o: Sign in to confirm you’re not a bot. Use --cookies-from-browser or --cookies for the authentication. See  https://github.com/yt-dlp/yt-dlp/wiki/FAQ#how-do-i-pass-cookies-to-yt-dlp  for how to manually pass cookies. Also see  https://github.com/yt-dlp/yt-dlp/wiki/Extractors#exporting-youtube-cookies  for tips on effectively exporting YouTube cookies
[181/204] GET ERkQxzKRsWU -> 2013-06-11_風速2.6ms_風向W277度_EURO 470 FORMIA HIGHLIGHTS DAY 1 SAILY.mp4
[181/204] FAIL ERkQxzKRsWU: ERROR: [youtube] ERkQxzKRsWU: Sign in to confirm you’re not a bot. Use --cookies-from-browser or --cookies for the authentication. See  https://github.com/yt-dlp/yt-dlp/wiki/FAQ#how-do-i-pass-cookies-to-yt-dlp  for how to manually pass cookies. Also see  https://github.com/yt-dlp/yt-dlp/wiki/Extractors#exporting-youtube-cookies  for tips on effectively exporting YouTube cookies
[182/204] GET PHTboFLZc5o -> 2012-06-29_風速7.6ms_風向SSW197度_2012 470 European Championship - Full Highlights.mp4
[182/204] FAIL PHTboFLZc5o: ERROR: [youtube] PHTboFLZc5o: Sign in to confirm you’re not a bot. Use --cookies-from-browser or --cookies for the authentication. See  https://github.com/yt-dlp/yt-dlp/wiki/FAQ#how-do-i-pass-cookies-to-yt-dlp  for how to manually pass cookies. Also see  https://github.com/yt-dlp/yt-dlp/wiki/Extractors#exporting-youtube-cookies  for tips on effectively exporting YouTube cookies
[183/204] GET wAYgV_tD8-Q -> 2012-07-04_風速2.5ms_風向S184度_2012 470 European Championship - Day 7.mp4
[183/204] FAIL wAYgV_tD8-Q: ERROR: [youtube] wAYgV_tD8-Q: Sign in to confirm you’re not a bot. Use --cookies-from-browser or --cookies for the authentication. See  https://github.com/yt-dlp/yt-dlp/wiki/FAQ#how-do-i-pass-cookies-to-yt-dlp  for how to manually pass cookies. Also see  https://github.com/yt-dlp/yt-dlp/wiki/Extractors#exporting-youtube-cookies  for tips on effectively exporting YouTube cookies
[184/204] GET ZC-zKqhEIF8 -> 2012-07-03_風速4.4ms_風向SSE158度_2012 470 European Championship - Day 6.mp4
[184/204] FAIL ZC-zKqhEIF8: ERROR: [youtube] ZC-zKqhEIF8: Sign in to confirm you’re not a bot. Use --cookies-from-browser or --cookies for the authentication. See  https://github.com/yt-dlp/yt-dlp/wiki/FAQ#how-do-i-pass-cookies-to-yt-dlp  for how to manually pass cookies. Also see  https://github.com/yt-dlp/yt-dlp/wiki/Extractors#exporting-youtube-cookies  for tips on effectively exporting YouTube cookies
[185/204] GET OuHjsYMaVpg -> 2012-07-02_風速2.8ms_風向SSE155度_2012 470 European Championship - Day 5.mp4
[185/204] FAIL OuHjsYMaVpg: ERROR: [youtube] OuHjsYMaVpg: Sign in to confirm you’re not a bot. Use --cookies-from-browser or --cookies for the authentication. See  https://github.com/yt-dlp/yt-dlp/wiki/FAQ#how-do-i-pass-cookies-to-yt-dlp  for how to manually pass cookies. Also see  https://github.com/yt-dlp/yt-dlp/wiki/Extractors#exporting-youtube-cookies  for tips on effectively exporting YouTube cookies
[186/204] GET j1ldHj-shOE -> 2012-07-01_風速5.5ms_風向W279度_2012 470 European Championship - Day 4.mp4
[186/204] FAIL j1ldHj-shOE: ERROR: [youtube] j1ldHj-shOE: Sign in to confirm you’re not a bot. Use --cookies-from-browser or --cookies for the authentication. See  https://github.com/yt-dlp/yt-dlp/wiki/FAQ#how-do-i-pass-cookies-to-yt-dlp  for how to manually pass cookies. Also see  https://github.com/yt-dlp/yt-dlp/wiki/Extractors#exporting-youtube-cookies  for tips on effectively exporting YouTube cookies
[187/204] GET 6frXeiRP4dE -> 2012-06-30_風速7.7ms_風向SW220度_2012 470 European Championship - Day 3.mp4
[187/204] FAIL 6frXeiRP4dE: ERROR: [youtube] 6frXeiRP4dE: Sign in to confirm you’re not a bot. Use --cookies-from-browser or --cookies for the authentication. See  https://github.com/yt-dlp/yt-dlp/wiki/FAQ#how-do-i-pass-cookies-to-yt-dlp  for how to manually pass cookies. Also see  https://github.com/yt-dlp/yt-dlp/wiki/Extractors#exporting-youtube-cookies  for tips on effectively exporting YouTube cookies
[188/204] GET WmiRo_5ZORo -> 2012-06-29_風速7.6ms_風向SSW197度_2012 470 European Championship - Day 2.mp4
[188/204] FAIL WmiRo_5ZORo: ERROR: [youtube] WmiRo_5ZORo: Sign in to confirm you’re not a bot. Use --cookies-from-browser or --cookies for the authentication. See  https://github.com/yt-dlp/yt-dlp/wiki/FAQ#how-do-i-pass-cookies-to-yt-dlp  for how to manually pass cookies. Also see  https://github.com/yt-dlp/yt-dlp/wiki/Extractors#exporting-youtube-cookies  for tips on effectively exporting YouTube cookies
[189/204] GET jHJKRcvzvOA -> 2012-06-28_風速4.5ms_風向E100度_2012 470 European Championship - Day 1.mp4
[189/204] FAIL jHJKRcvzvOA: ERROR: [youtube] jHJKRcvzvOA: Sign in to confirm you’re not a bot. Use --cookies-from-browser or --cookies for the authentication. See  https://github.com/yt-dlp/yt-dlp/wiki/FAQ#how-do-i-pass-cookies-to-yt-dlp  for how to manually pass cookies. Also see  https://github.com/yt-dlp/yt-dlp/wiki/Extractors#exporting-youtube-cookies  for tips on effectively exporting YouTube cookies
[190/204] GET YvIKHFI3O8g -> 2012-05-14_風速4.8ms_風向SSW208度_2012 470 World Championship - Full Highlights.mp4
[190/204] FAIL YvIKHFI3O8g: ERROR: [youtube] YvIKHFI3O8g: Sign in to confirm you’re not a bot. Use --cookies-from-browser or --cookies for the authentication. See  https://github.com/yt-dlp/yt-dlp/wiki/FAQ#how-do-i-pass-cookies-to-yt-dlp  for how to manually pass cookies. Also see  https://github.com/yt-dlp/yt-dlp/wiki/Extractors#exporting-youtube-cookies  for tips on effectively exporting YouTube cookies
[191/204] GET dwxg4Kr4tQw -> 2012-05-19_風速2.6ms_風向ESE104度_2012 470 World Championship - Day 7.mp4
[191/204] FAIL dwxg4Kr4tQw: ERROR: [youtube] dwxg4Kr4tQw: Sign in to confirm you’re not a bot. Use --cookies-from-browser or --cookies for the authentication. See  https://github.com/yt-dlp/yt-dlp/wiki/FAQ#how-do-i-pass-cookies-to-yt-dlp  for how to manually pass cookies. Also see  https://github.com/yt-dlp/yt-dlp/wiki/Extractors#exporting-youtube-cookies  for tips on effectively exporting YouTube cookies
[192/204] GET EUnYyqDOpCM -> 2012-05-18_風速3.8ms_風向E96度_2012 470 World Championship - Day 6.mp4
[192/204] FAIL EUnYyqDOpCM: ERROR: [youtube] EUnYyqDOpCM: Sign in to confirm you’re not a bot. Use --cookies-from-browser or --cookies for the authentication. See  https://github.com/yt-dlp/yt-dlp/wiki/FAQ#how-do-i-pass-cookies-to-yt-dlp  for how to manually pass cookies. Also see  https://github.com/yt-dlp/yt-dlp/wiki/Extractors#exporting-youtube-cookies  for tips on effectively exporting YouTube cookies
[193/204] GET L8RGB-0awVM -> 2012-05-17_風速5.0ms_風向SW218度_2012 470 World Championship - Day 5.mp4
[193/204] FAIL L8RGB-0awVM: ERROR: [youtube] L8RGB-0awVM: Sign in to confirm you’re not a bot. Use --cookies-from-browser or --cookies for the authentication. See  https://github.com/yt-dlp/yt-dlp/wiki/FAQ#how-do-i-pass-cookies-to-yt-dlp  for how to manually pass cookies. Also see  https://github.com/yt-dlp/yt-dlp/wiki/Extractors#exporting-youtube-cookies  for tips on effectively exporting YouTube cookies
[194/204] GET imLOjRHe62E -> 2012-05-16_風速1.7ms_風向SW231度_2012 470 World Championship - Day 4.mp4
[194/204] FAIL imLOjRHe62E: ERROR: [youtube] imLOjRHe62E: Sign in to confirm you’re not a bot. Use --cookies-from-browser or --cookies for the authentication. See  https://github.com/yt-dlp/yt-dlp/wiki/FAQ#how-do-i-pass-cookies-to-yt-dlp  for how to manually pass cookies. Also see  https://github.com/yt-dlp/yt-dlp/wiki/Extractors#exporting-youtube-cookies  for tips on effectively exporting YouTube cookies
[195/204] GET 2e3_sFRt-6Q -> 2012-05-15_風速3.8ms_風向SSE154度_2012 470 World Championship - Day 3.mp4
[195/204] FAIL 2e3_sFRt-6Q: ERROR: [youtube] 2e3_sFRt-6Q: Sign in to confirm you’re not a bot. Use --cookies-from-browser or --cookies for the authentication. See  https://github.com/yt-dlp/yt-dlp/wiki/FAQ#how-do-i-pass-cookies-to-yt-dlp  for how to manually pass cookies. Also see  https://github.com/yt-dlp/yt-dlp/wiki/Extractors#exporting-youtube-cookies  for tips on effectively exporting YouTube cookies
[196/204] GET -5YzI-4m0gc -> 2012-05-14_風速4.8ms_風向SSW208度_2012 470 World Championship - Day 2.mp4
[196/204] FAIL -5YzI-4m0gc: ERROR: [youtube] -5YzI-4m0gc: Sign in to confirm you’re not a bot. Use --cookies-from-browser or --cookies for the authentication. See  https://github.com/yt-dlp/yt-dlp/wiki/FAQ#how-do-i-pass-cookies-to-yt-dlp  for how to manually pass cookies. Also see  https://github.com/yt-dlp/yt-dlp/wiki/Extractors#exporting-youtube-cookies  for tips on effectively exporting YouTube cookies
[197/204] GET SwKFMCVHrNw -> 2012-05-13_風速3.1ms_風向S175度_2012 470 World Championship - Day 1.mp4
[197/204] FAIL SwKFMCVHrNw: ERROR: [youtube] SwKFMCVHrNw: Sign in to confirm you’re not a bot. Use --cookies-from-browser or --cookies for the authentication. See  https://github.com/yt-dlp/yt-dlp/wiki/FAQ#how-do-i-pass-cookies-to-yt-dlp  for how to manually pass cookies. Also see  https://github.com/yt-dlp/yt-dlp/wiki/Extractors#exporting-youtube-cookies  for tips on effectively exporting YouTube cookies
[198/204] GET RfrP3ufSo7M -> 2011-12-08_風速5.4ms_風向S185度_470 Men Gold Fleet - Race 6 - 8 December 2011.mp4
[198/204] FAIL RfrP3ufSo7M: ERROR: [youtube] RfrP3ufSo7M: Sign in to confirm you’re not a bot. Use --cookies-from-browser or --cookies for the authentication. See  https://github.com/yt-dlp/yt-dlp/wiki/FAQ#how-do-i-pass-cookies-to-yt-dlp  for how to manually pass cookies. Also see  https://github.com/yt-dlp/yt-dlp/wiki/Extractors#exporting-youtube-cookies  for tips on effectively exporting YouTube cookies
[199/204] GET NmTZChH2rAc -> 2011-12-05_風速3.1ms_風向SSW205度_470 Men - Race Day 1 - 5 December 2011.mp4
[199/204] FAIL NmTZChH2rAc: ERROR: [youtube] NmTZChH2rAc: Sign in to confirm you’re not a bot. Use --cookies-from-browser or --cookies for the authentication. See  https://github.com/yt-dlp/yt-dlp/wiki/FAQ#how-do-i-pass-cookies-to-yt-dlp  for how to manually pass cookies. Also see  https://github.com/yt-dlp/yt-dlp/wiki/Extractors#exporting-youtube-cookies  for tips on effectively exporting YouTube cookies
[200/204] GET 5BaNzomVov8 -> 2011-07-28_風速4.9ms_風向NNE34度_Medal races Deltas Lloyd 470 Junior Worlds 2011.mp4
[200/204] FAIL 5BaNzomVov8: ERROR: [youtube] 5BaNzomVov8: Sign in to confirm you’re not a bot. Use --cookies-from-browser or --cookies for the authentication. See  https://github.com/yt-dlp/yt-dlp/wiki/FAQ#how-do-i-pass-cookies-to-yt-dlp  for how to manually pass cookies. Also see  https://github.com/yt-dlp/yt-dlp/wiki/Extractors#exporting-youtube-cookies  for tips on effectively exporting YouTube cookies
[201/204] GET 9QLt08TtCfM -> 2011-07-27_風速2.3ms_風向ENE78度_Day 7 Delta Lloyd 470 Junior Worlds.mp4
[201/204] FAIL 9QLt08TtCfM: ERROR: [youtube] 9QLt08TtCfM: Sign in to confirm you’re not a bot. Use --cookies-from-browser or --cookies for the authentication. See  https://github.com/yt-dlp/yt-dlp/wiki/FAQ#how-do-i-pass-cookies-to-yt-dlp  for how to manually pass cookies. Also see  https://github.com/yt-dlp/yt-dlp/wiki/Extractors#exporting-youtube-cookies  for tips on effectively exporting YouTube cookies
[202/204] GET AR94WdFoyWc -> 2009-08-29_風速7.1ms_風向SW235度_20090829.mp4
[202/204] FAIL AR94WdFoyWc: ERROR: [youtube] AR94WdFoyWc: Sign in to confirm you’re not a bot. Use --cookies-from-browser or --cookies for the authentication. See  https://github.com/yt-dlp/yt-dlp/wiki/FAQ#how-do-i-pass-cookies-to-yt-dlp  for how to manually pass cookies. Also see  https://github.com/yt-dlp/yt-dlp/wiki/Extractors#exporting-youtube-cookies  for tips on effectively exporting YouTube cookies
[203/204] SKIP exists: 2009-08-21_風速3.6ms_風向W264度_2009 470 World Championships - Finals Day 2.mp4
[204/204] SKIP exists: 2007-08-01_風速1.9ms_風向WSW245度_2007 European Championships - Race 2.mp4

DONE: 0 downloaded, 166 skipped, 38 failed, of 204
FAILED IDS: Pm_KL4p_O6c,CiHLDklSLd0,DKKjYF3XyRw,zC3JWg6dx30,BYcSNS-5380,QVHFrUdyWyk,MgzXvkzW80s,huqV7TWUpoQ,mchbGe3hOXI,W36QDGl-Gsw,_b0QFxN8E4g,1-mH9XEOL8c,b-jb0tWm5Iw,c9xe9doRmMo,N9N-4tBjeoA,joJLddgWi3o,ERkQxzKRsWU,PHTboFLZc5o,wAYgV_tD8-Q,ZC-zKqhEIF8,OuHjsYMaVpg,j1ldHj-shOE,6frXeiRP4dE,WmiRo_5ZORo,jHJKRcvzvOA,YvIKHFI3O8g,dwxg4Kr4tQw,EUnYyqDOpCM,L8RGB-0awVM,imLOjRHe62E,2e3_sFRt-6Q,-5YzI-4m0gc,SwKFMCVHrNw,RfrP3ufSo7M,NmTZChH2rAc,5BaNzomVov8,9QLt08TtCfM,AR94WdFoyWc
